ticker,date,open,high,low,close
APG,2020-04-29,10.13,10.73,9.8,10.4
APG,2020-04-30,10.49,10.49,9.88,10.1
APG,2020-05-01,10.1,10.25,9.85,9.9
APG,2020-05-04,9.75,9.97,9.55,9.75
APG,2020-05-05,9.84,10.13,9.76,9.9
APG,2020-05-06,9.98,9.98,9.72,9.82
APG,2020-05-07,9.95,9.97,9.77,9.84
APG,2020-05-08,9.9,9.9,9.62,9.7
APG,2020-05-11,9.7,9.88,9.26,9.65
APG,2020-05-12,9.64,9.77,9.43,9.68
APG,2020-05-13,9.8,9.8,9.08,9.09
APG,2020-05-14,9.0,9.59,8.84,9.45
APG,2020-05-15,9.21,9.5,9.21,9.35
APG,2020-05-18,9.63,9.94,9.55,9.83
APG,2020-05-19,9.85,10.09,9.71,10.0
APG,2020-05-20,10.17,10.3,10.12,10.2
APG,2020-05-21,10.31,10.31,10.12,10.26
APG,2020-05-22,10.25,10.71,10.25,10.65
APG,2020-05-26,10.9,11.36,10.58,10.86
APG,2020-05-27,11.12,11.3,10.8,11.01
APG,2020-05-28,11.06,11.44,10.91,11.0
APG,2020-05-29,10.99,11.31,10.83,11.27
APG,2020-06-01,11.38,11.39,10.4,11.15
APG,2020-06-02,11.59,12.02,11.51,11.84
APG,2020-06-03,12.1,12.35,11.23,12.16
APG,2020-06-04,12.18,12.38,11.92,12.01
APG,2020-06-05,13.0,13.0,11.91,12.0
APG,2020-06-08,12.5,12.82,11.98,12.64
APG,2020-06-09,12.83,12.97,12.41,12.78
APG,2020-06-10,12.83,13.02,12.12,12.44
APG,2020-06-11,12.0,12.21,11.72,11.96
APG,2020-06-12,12.15,12.7,11.93,12.3
APG,2020-06-15,12.11,13.02,12.04,12.95
APG,2020-06-16,13.22,14.17,12.84,13.61
APG,2020-06-17,13.8,14.02,13.39,13.74
APG,2020-06-18,13.65,14.07,13.51,13.82
APG,2020-06-19,14.01,14.63,13.48,13.59
APG,2020-06-22,13.52,14.09,12.97,13.2
APG,2020-06-23,13.4,13.69,12.7,12.88
APG,2020-06-24,13.36,13.45,12.91,13.16
APG,2020-06-25,13.08,13.67,12.85,12.92
APG,2020-06-26,12.92,13.0,12.03,12.22
APG,2020-06-29,12.56,12.89,11.97,12.24
APG,2020-06-30,12.38,12.38,11.78,12.15
APG,2020-07-01,12.08,12.79,12.07,12.12
APG,2020-07-02,12.44,12.48,11.87,11.94
APG,2020-07-06,12.16,12.18,11.86,12.02
APG,2020-07-07,11.86,12.06,11.45,11.54
APG,2020-07-08,11.57,11.83,11.43,11.76
APG,2020-07-09,11.61,11.92,11.19,11.34
APG,2020-07-10,11.32,11.66,11.12,11.3
APG,2020-07-13,11.4,11.55,10.93,11.0
APG,2020-07-14,11.03,11.83,10.91,11.8
APG,2020-07-15,11.98,12.55,11.9,12.31
APG,2020-07-16,12.3,13.11,12.18,12.98
APG,2020-07-17,12.9,13.36,12.77,13.34
APG,2020-07-20,13.34,13.48,12.92,13.33
APG,2020-07-21,13.49,14.0,13.24,13.6
APG,2020-07-22,13.5,14.05,13.47,13.5
APG,2020-07-23,13.5,13.76,13.08,13.25
APG,2020-07-24,13.28,13.31,12.85,12.85
APG,2020-07-27,12.82,13.24,12.74,13.05
APG,2020-07-28,12.95,13.5,12.95,13.26
APG,2020-07-29,13.3,13.86,13.3,13.78
APG,2020-07-30,13.53,14.27,13.53,13.97
APG,2020-07-31,13.84,14.06,13.67,13.93
APG,2020-08-03,13.96,14.5,13.86,14.38
APG,2020-08-04,14.28,14.5,14.06,14.43
APG,2020-08-05,14.5,14.84,14.25,14.45
APG,2020-08-06,14.39,14.65,14.23,14.41
APG,2020-08-07,14.38,14.68,14.28,14.68
APG,2020-08-10,14.78,15.01,14.57,14.72
APG,2020-08-11,14.96,15.03,14.61,14.7
APG,2020-08-12,15.43,15.43,14.08,14.47
APG,2020-08-13,14.83,14.83,14.24,14.45
APG,2020-08-14,14.3,14.88,14.16,14.67
APG,2020-08-17,15.0,15.21,14.71,15.19
APG,2020-08-18,15.19,15.55,15.12,15.35
APG,2020-08-19,15.67,15.77,15.36,15.46
APG,2020-08-20,15.27,15.37,14.8,15.13
APG,2020-08-21,14.96,15.06,14.78,14.97
APG,2020-08-24,15.2,15.21,14.41,14.55
APG,2020-08-25,14.71,14.93,14.49,14.7
APG,2020-08-26,14.56,14.79,14.43,14.56
APG,2020-08-27,14.65,14.65,14.16,14.35
APG,2020-08-28,14.35,14.44,14.22,14.35
APG,2020-08-31,14.4,14.43,14.07,14.14
APG,2020-09-01,14.1,14.74,13.96,14.67
APG,2020-09-02,14.5,14.81,14.17,14.48
APG,2020-09-03,14.58,14.58,13.91,13.97
APG,2020-09-04,14.14,14.2,13.4,13.93
APG,2020-09-08,13.68,14.03,13.44,13.78
APG,2020-09-09,13.88,14.38,13.88,14.24
APG,2020-09-10,14.23,14.47,13.99,14.09
APG,2020-09-11,14.09,14.5,14.01,14.15
APG,2020-09-14,14.2,14.6,14.2,14.6
APG,2020-09-15,14.67,14.79,14.09,14.09
APG,2020-09-16,14.14,14.3,13.85,14.0
APG,2020-09-17,13.84,14.21,13.75,13.99
APG,2020-09-18,14.25,14.25,13.82,13.94
APG,2020-09-21,13.62,13.82,13.0,13.81
APG,2020-09-22,14.54,15.1,14.24,14.65
APG,2020-09-23,14.6,14.85,14.3,14.35
APG,2020-09-24,14.39,14.41,13.82,13.88
APG,2020-09-25,13.74,14.48,13.74,14.47
APG,2020-09-28,14.62,14.75,14.17,14.27
APG,2020-09-29,14.28,14.44,13.95,14.19
APG,2020-09-30,14.18,14.78,14.18,14.23
APG,2020-10-01,14.35,14.69,14.21,14.56
APG,2020-10-02,14.23,14.5,14.11,14.28
APG,2020-10-05,14.64,15.22,14.64,14.85
APG,2020-10-06,15.04,15.05,14.45,14.46
APG,2020-10-07,14.61,15.1,14.47,14.62
APG,2020-10-08,14.78,14.8,14.34,14.76
APG,2020-10-09,14.89,15.25,14.72,14.9
APG,2020-10-12,14.91,15.38,14.78,15.09
APG,2020-10-13,14.91,15.09,14.91,15.01
APG,2020-10-14,15.01,15.4,14.9,14.9
APG,2020-10-15,14.92,15.33,14.51,15.23
APG,2020-10-16,15.19,15.5,15.02,15.25
APG,2020-10-19,15.25,15.5,15.17,15.21
APG,2020-10-20,15.36,15.42,15.09,15.1
APG,2020-10-21,15.13,15.22,14.87,15.03
APG,2020-10-22,15.16,15.3,15.11,15.24
APG,2020-10-23,15.25,15.76,15.2,15.32
APG,2020-10-26,15.07,15.21,14.76,14.9
APG,2020-10-27,14.84,15.0,14.53,14.61
APG,2020-10-28,14.34,14.35,13.85,13.89
APG,2020-10-29,13.79,14.25,13.76,14.1
APG,2020-10-30,13.9,14.57,13.89,14.39
APG,2020-11-02,14.63,14.94,14.42,14.62
APG,2020-11-03,14.9,15.0,14.43,14.5
APG,2020-11-04,14.53,14.87,14.32,14.71
APG,2020-11-05,14.57,15.1,14.57,14.8
APG,2020-11-06,14.82,14.91,14.56,14.64
APG,2020-11-09,15.34,15.92,14.54,15.27
APG,2020-11-10,15.6,15.9,15.26,15.67
APG,2020-11-11,16.48,16.52,15.36,15.65
APG,2020-11-12,15.69,16.17,15.17,15.62
APG,2020-11-13,15.64,16.03,15.39,15.46
APG,2020-11-16,15.61,16.21,15.59,16.0
APG,2020-11-17,15.72,15.87,15.26,15.32
APG,2020-11-18,15.37,15.82,15.12,15.58
APG,2020-11-19,15.56,15.63,15.25,15.35
APG,2020-11-20,15.25,15.4,15.06,15.35
APG,2020-11-23,15.48,15.77,15.28,15.75
APG,2020-11-24,15.87,16.04,15.71,15.98
APG,2020-11-25,16.05,16.17,15.78,15.85
APG,2020-11-27,15.75,15.95,15.58,15.72
APG,2020-11-30,15.59,15.77,15.46,15.5
APG,2020-12-01,16.3,16.39,15.77,16.01
APG,2020-12-02,15.9,16.15,15.82,15.93
APG,2020-12-03,16.02,16.6,16.02,16.44
APG,2020-12-04,16.56,16.64,16.29,16.38
APG,2020-12-07,16.33,16.78,16.16,16.72
APG,2020-12-08,17.61,17.67,17.05,17.41
APG,2020-12-09,17.43,17.56,17.15,17.38
APG,2020-12-10,17.29,17.86,17.2,17.7
APG,2020-12-11,17.55,17.82,17.49,17.74
APG,2020-12-14,17.96,17.98,17.6,17.68
APG,2020-12-15,17.76,17.95,17.59,17.73
APG,2020-12-16,17.94,17.94,17.48,17.68
APG,2020-12-17,17.77,17.9,17.62,17.85
APG,2020-12-18,17.91,18.16,17.77,17.88
APG,2020-12-21,17.51,17.98,17.51,17.82
APG,2020-12-22,17.82,17.93,17.55,17.88
APG,2020-12-23,18.0,18.15,17.84,17.91
APG,2020-12-24,17.93,18.03,17.75,17.94
APG,2020-12-28,18.11,18.17,17.76,17.77
APG,2020-12-29,17.78,17.88,17.53,17.65
APG,2020-12-30,17.64,17.95,17.64,17.85
APG,2020-12-31,17.73,18.35,17.64,18.15
APG,2021-01-04,18.13,18.27,17.3,17.57
APG,2021-01-05,17.61,17.61,17.15,17.46
APG,2021-01-06,17.73,17.96,17.2,17.43
APG,2021-01-07,17.46,17.85,17.22,17.3
APG,2021-01-08,17.5,17.6,16.75,16.87
APG,2021-01-11,16.74,17.1,16.63,16.92
APG,2021-01-12,16.84,17.39,16.75,17.27
APG,2021-01-13,17.26,17.47,16.92,17.05
APG,2021-01-14,17.14,17.54,16.94,17.4
APG,2021-01-15,17.24,17.73,17.22,17.6
APG,2021-01-19,17.7,18.25,17.7,17.96
APG,2021-01-20,18.0,18.48,17.73,18.44
APG,2021-01-21,18.5,18.7,18.21,18.45
APG,2021-01-22,18.41,18.57,18.12,18.56
APG,2021-01-25,18.47,18.97,18.25,18.64
APG,2021-01-26,18.74,19.17,18.62,19.11
APG,2021-01-27,18.74,18.74,17.68,17.97
APG,2021-01-28,18.18,18.53,17.82,18.23
APG,2021-01-29,18.08,18.58,17.9,17.91
APG,2021-02-01,18.0,18.59,17.84,18.52
APG,2021-02-02,18.8,18.8,18.4,18.48
APG,2021-02-03,18.5,18.66,18.07,18.4
APG,2021-02-04,18.34,18.6,18.2,18.35
APG,2021-02-05,18.29,18.4,18.14,18.31
APG,2021-02-08,18.46,18.51,18.25,18.38
APG,2021-02-09,18.39,18.55,18.04,18.1
APG,2021-02-10,18.1,18.17,17.75,17.94
APG,2021-02-11,18.1,18.45,17.94,18.41
APG,2021-02-12,18.34,18.91,18.05,18.89
APG,2021-02-16,19.15,19.37,18.84,19.25
APG,2021-02-17,19.08,19.37,18.62,19.1
APG,2021-02-18,19.18,19.33,19.0,19.15
APG,2021-02-19,19.33,19.52,19.19,19.52
APG,2021-02-22,19.51,19.68,18.94,19.28
APG,2021-02-23,19.38,19.46,18.71,18.88
APG,2021-02-24,19.02,19.37,18.97,19.34
APG,2021-02-25,19.41,19.42,18.47,18.61
APG,2021-02-26,18.61,18.78,18.32,18.5
APG,2021-03-01,18.73,19.63,18.73,19.55
APG,2021-03-02,19.57,19.83,19.01,19.45
APG,2021-03-03,19.54,20.34,19.4,19.56
APG,2021-03-04,19.56,20.04,18.86,18.91
APG,2021-03-05,19.07,19.61,18.54,19.61
APG,2021-03-08,19.61,20.08,19.53,19.86
APG,2021-03-09,20.06,20.21,19.64,19.72
APG,2021-03-10,19.87,20.27,19.79,20.1
APG,2021-03-11,20.18,20.26,19.77,20.09
APG,2021-03-12,20.18,20.52,20.05,20.49
APG,2021-03-15,20.47,20.59,20.15,20.49
APG,2021-03-16,20.28,20.5,20.2,20.4
APG,2021-03-17,20.13,20.57,19.99,20.56
APG,2021-03-18,20.4,20.8,20.12,20.18
APG,2021-03-19,20.3,20.36,19.92,20.22
APG,2021-03-22,20.14,20.14,19.44,19.5
APG,2021-03-23,19.34,19.6,19.05,19.23
APG,2021-03-24,19.07,19.5,18.66,18.9
APG,2021-03-25,18.69,18.96,18.37,18.67
APG,2021-03-26,18.94,19.72,18.83,19.72
APG,2021-03-29,19.63,20.28,19.5,19.51
APG,2021-03-30,19.49,20.12,19.35,19.98
APG,2021-03-31,20.1,20.96,20.01,20.68
APG,2021-04-01,20.88,21.79,20.75,21.6
APG,2021-04-05,21.99,22.23,21.7,21.9
APG,2021-04-06,21.79,22.05,21.54,21.64
APG,2021-04-07,21.65,22.0,21.51,21.88
APG,2021-04-08,22.02,22.2,21.85,21.99
APG,2021-04-09,22.14,22.36,21.98,22.25
APG,2021-04-12,22.31,22.31,21.82,22.02
APG,2021-04-13,22.14,22.19,21.87,22.03
APG,2021-04-14,22.15,22.16,21.84,21.87
APG,2021-04-15,21.9,22.16,21.85,22.14
APG,2021-04-16,22.24,22.37,21.96,22.05
APG,2021-04-19,22.03,22.17,21.69,21.76
APG,2021-04-20,21.67,21.74,21.26,21.42
APG,2021-04-21,21.5,21.74,21.17,21.55
APG,2021-04-22,21.65,21.96,21.49,21.68
APG,2021-04-23,21.85,21.92,21.41,21.44
APG,2021-04-26,21.61,21.61,21.19,21.2
APG,2021-04-27,21.4,21.63,21.19,21.4
APG,2021-04-28,21.34,21.55,21.11,21.29
APG,2021-04-29,21.5,21.59,21.16,21.53
APG,2021-04-30,21.31,21.48,21.15,21.26
APG,2021-05-03,21.41,21.71,21.34,21.46
APG,2021-05-04,21.36,21.42,20.9,21.18
APG,2021-05-05,21.25,21.48,21.11,21.36
APG,2021-05-06,21.55,21.55,20.96,21.01
APG,2021-05-07,20.95,21.46,20.92,21.39
APG,2021-05-10,21.68,21.68,21.04,21.08
APG,2021-05-11,20.69,21.08,20.55,20.85
APG,2021-05-12,20.75,20.99,19.57,19.66
APG,2021-05-13,19.48,19.86,19.18,19.45
APG,2021-05-14,19.69,19.97,19.59,19.65
APG,2021-05-17,19.49,19.7,19.16,19.41
APG,2021-05-18,19.4,19.57,18.93,18.96
APG,2021-05-19,18.59,19.14,18.46,19.08
APG,2021-05-20,19.06,19.34,18.96,19.25
APG,2021-05-21,19.47,19.63,19.4,19.44
APG,2021-05-24,19.58,20.34,19.53,20.19
APG,2021-05-25,20.51,20.75,20.29,20.5
APG,2021-05-26,20.34,20.48,20.18,20.33
APG,2021-05-27,20.4,20.99,20.27,20.97
APG,2021-05-28,21.0,21.34,20.84,21.15
APG,2021-06-01,21.44,21.73,21.18,21.49
APG,2021-06-02,21.48,21.65,21.27,21.44
APG,2021-06-03,21.26,21.93,21.14,21.67
APG,2021-06-04,21.69,21.82,21.49,21.49
APG,2021-06-07,21.64,22.51,21.57,22.41
APG,2021-06-08,22.5,23.26,22.37,23.08
APG,2021-06-09,23.09,23.17,22.54,22.75
APG,2021-06-10,22.75,22.97,22.08,22.12
APG,2021-06-11,22.25,22.37,22.02,22.35
APG,2021-06-14,22.41,22.55,22.02,22.09
APG,2021-06-15,22.17,22.33,22.09,22.29
APG,2021-06-16,22.31,22.42,21.9,22.09
APG,2021-06-17,21.97,22.16,21.59,21.66
APG,2021-06-18,21.34,21.65,21.15,21.22
APG,2021-06-21,21.4,21.9,21.31,21.66
APG,2021-06-22,21.56,21.75,21.21,21.55
APG,2021-06-23,21.56,21.67,21.18,21.25
APG,2021-06-24,21.45,21.6,21.14,21.54
APG,2021-06-25,21.63,21.87,21.13,21.13
APG,2021-06-28,21.15,21.27,20.76,20.98
APG,2021-06-29,21.03,21.1,20.83,20.86
APG,2021-06-30,20.72,21.04,20.67,20.89
APG,2021-07-01,20.99,21.6,20.91,21.57
APG,2021-07-02,21.65,21.79,21.4,21.57
APG,2021-07-06,21.5,21.5,21.06,21.42
APG,2021-07-07,21.3,21.63,21.21,21.24
APG,2021-07-08,20.9,21.24,20.57,20.76
APG,2021-07-09,20.91,21.47,20.86,21.23
APG,2021-07-12,21.02,21.46,20.98,21.44
APG,2021-07-13,21.36,21.39,20.92,20.96
APG,2021-07-14,21.08,21.36,20.43,20.51
APG,2021-07-15,20.33,20.54,19.97,20.34
APG,2021-07-16,20.5,20.64,19.93,19.99
APG,2021-07-19,19.52,19.78,19.3,19.55
APG,2021-07-20,19.56,20.47,19.55,20.31
APG,2021-07-21,20.44,20.77,20.42,20.53
APG,2021-07-22,20.52,20.61,19.94,19.99
APG,2021-07-23,19.99,20.42,19.96,20.38
APG,2021-07-26,20.38,20.62,20.18,20.34
APG,2021-07-27,21.13,23.61,20.72,22.26
APG,2021-07-28,22.21,23.17,22.04,22.93
APG,2021-07-29,23.15,23.59,22.95,23.17
APG,2021-07-30,23.03,23.51,22.75,22.92
APG,2021-08-02,23.03,23.67,22.39,22.46
APG,2021-08-03,22.64,22.67,22.32,22.55
APG,2021-08-04,22.28,22.53,22.12,22.14
APG,2021-08-05,22.33,22.51,22.11,22.36
APG,2021-08-06,22.46,22.84,22.23,22.47
APG,2021-08-09,22.35,22.43,22.04,22.3
APG,2021-08-10,22.28,22.86,22.18,22.83
APG,2021-08-11,22.39,22.44,20.92,21.72
APG,2021-08-12,21.58,22.58,21.56,22.21
APG,2021-08-13,22.35,22.91,22.05,22.26
APG,2021-08-16,22.0,22.79,21.76,22.79
APG,2021-08-17,22.48,22.52,21.99,22.46
APG,2021-08-18,22.69,23.05,22.48,22.5
APG,2021-08-19,22.35,22.6,21.98,22.15
APG,2021-08-20,22.2,22.79,22.01,22.74
APG,2021-08-23,22.99,23.2,22.5,22.94
APG,2021-08-24,22.91,23.45,22.88,23.25
APG,2021-08-25,23.3,23.5,23.12,23.2
APG,2021-08-26,23.05,23.21,22.77,22.84
APG,2021-08-27,22.98,23.59,22.9,23.35
APG,2021-08-30,23.49,23.6,23.24,23.33
APG,2021-08-31,23.3,23.35,23.06,23.19
APG,2021-09-01,23.2,23.25,22.83,23.15
APG,2021-09-02,23.37,23.67,23.19,23.35
APG,2021-09-03,23.19,23.55,23.11,23.4
APG,2021-09-07,23.37,23.4,22.87,22.88
APG,2021-09-08,22.69,23.16,22.69,22.83
APG,2021-09-09,22.65,22.99,22.36,22.37
APG,2021-09-10,22.59,22.59,21.91,21.92
APG,2021-09-13,21.24,21.42,20.12,20.36
APG,2021-09-14,20.48,20.7,20.11,20.59
APG,2021-09-15,20.36,21.45,20.3,20.43
APG,2021-09-16,20.71,21.85,20.68,21.65
APG,2021-09-17,21.86,21.86,20.46,20.56
APG,2021-09-20,20.18,20.78,19.74,20.68
APG,2021-09-21,20.72,20.79,20.33,20.55
APG,2021-09-22,20.63,20.91,20.35,20.75
APG,2021-09-23,20.74,21.48,20.57,21.03
APG,2021-09-24,20.98,21.1,20.63,20.8
APG,2021-09-27,20.72,21.39,20.72,21.03
APG,2021-09-28,20.92,21.09,20.58,20.65
APG,2021-09-29,20.81,20.97,20.57,20.88
APG,2021-09-30,21.0,21.07,20.27,20.35
APG,2021-10-01,20.58,21.24,20.34,21.19
APG,2021-10-04,20.96,21.08,20.18,20.29
APG,2021-10-05,20.37,20.8,20.05,20.53
APG,2021-10-06,20.06,20.79,19.84,20.6
APG,2021-10-07,20.76,21.07,20.64,20.89
APG,2021-10-08,20.9,21.01,20.56,20.58
APG,2021-10-11,20.46,20.6,20.2,20.27
APG,2021-10-12,20.19,20.42,20.08,20.19
APG,2021-10-13,20.36,20.38,19.95,20.33
APG,2021-10-14,20.63,21.15,20.56,20.99
APG,2021-10-15,21.29,21.31,20.8,20.84
APG,2021-10-18,20.73,21.02,20.7,20.92
APG,2021-10-19,20.99,21.3,20.92,21.28
APG,2021-10-20,21.38,21.55,21.15,21.28
APG,2021-10-21,21.38,21.83,21.24,21.81
APG,2021-10-22,21.81,22.04,21.55,21.58
APG,2021-10-25,21.69,21.9,21.5,21.82
APG,2021-10-26,22.03,22.55,21.89,22.13
APG,2021-10-27,22.04,22.27,21.38,21.4
APG,2021-10-28,21.59,21.78,21.36,21.68
APG,2021-10-29,21.62,21.81,21.59,21.78
APG,2021-11-01,21.94,22.82,21.77,22.23
APG,2021-11-02,22.3,22.4,22.12,22.24
APG,2021-11-03,22.12,22.95,22.04,22.79
APG,2021-11-04,22.71,23.18,22.66,22.96
APG,2021-11-05,23.31,23.57,23.07,23.14
APG,2021-11-08,23.3,23.65,22.38,22.43
APG,2021-11-09,22.47,22.95,22.32,22.45
APG,2021-11-10,22.8,24.07,22.45,24.02
APG,2021-11-11,23.72,24.84,23.6,24.54
APG,2021-11-12,24.75,25.75,24.63,25.61
APG,2021-11-15,25.57,25.65,24.66,24.84
APG,2021-11-16,24.96,25.15,24.76,25.0
APG,2021-11-17,25.0,25.04,24.58,24.7
APG,2021-11-18,24.74,25.08,24.43,24.5
APG,2021-11-19,24.27,25.09,24.11,24.89
APG,2021-11-22,25.17,25.41,24.76,24.83
APG,2021-11-23,24.74,24.89,24.47,24.78
APG,2021-11-24,24.56,24.66,24.35,24.5
APG,2021-11-26,23.67,24.21,23.42,24.05
APG,2021-11-29,24.37,24.42,23.71,23.78
APG,2021-11-30,23.57,23.82,22.98,23.31
APG,2021-12-01,23.88,23.88,22.8,22.84
APG,2021-12-02,23.05,23.61,22.98,23.3
APG,2021-12-03,23.24,23.71,22.58,22.83
APG,2021-12-06,23.37,24.08,23.12,23.78
APG,2021-12-07,24.17,24.61,23.97,24.02
APG,2021-12-08,24.13,24.5,23.86,24.41
APG,2021-12-09,24.13,24.38,23.6,23.74
APG,2021-12-10,23.95,24.21,23.63,23.85
APG,2021-12-13,23.86,23.99,23.44,23.56
APG,2021-12-14,23.43,23.63,22.69,22.89
APG,2021-12-15,22.83,23.59,22.45,23.53
APG,2021-12-16,23.83,24.1,23.1,23.32
APG,2021-12-17,23.32,24.09,23.06,23.42
APG,2021-12-20,23.03,23.32,22.85,23.14
APG,2021-12-21,23.47,24.18,23.47,24.15
APG,2021-12-22,24.27,24.66,23.97,24.64
APG,2021-12-23,24.91,25.3,24.83,24.98
APG,2021-12-27,24.99,25.47,24.86,25.46
APG,2021-12-28,25.43,25.75,25.27,25.39
APG,2021-12-29,25.41,25.6,25.27,25.53
APG,2021-12-30,25.53,25.95,25.24,25.44
APG,2021-12-31,25.3,26.03,25.3,25.77
APG,2022-01-03,25.78,26.01,25.51,25.75
APG,2022-01-04,26.25,26.84,26.22,26.34
APG,2022-01-05,26.47,26.48,25.49,25.56
APG,2022-01-06,25.46,25.84,25.23,25.35
APG,2022-01-07,25.46,25.84,25.4,25.52
APG,2022-01-10,25.17,25.17,24.2,24.72
APG,2022-01-11,24.58,25.31,24.22,25.27
APG,2022-01-12,25.31,25.69,25.12,25.41
APG,2022-01-13,25.49,25.49,24.67,24.7
APG,2022-01-14,24.35,24.5,24.0,24.37
APG,2022-01-18,23.9,24.05,23.56,23.64
APG,2022-01-19,23.6,23.76,22.96,23.01
APG,2022-01-20,23.28,23.57,22.53,22.58
APG,2022-01-21,22.57,22.89,22.04,22.08
APG,2022-01-24,21.68,22.42,21.44,22.42
APG,2022-01-25,21.91,22.23,21.43,21.89
APG,2022-01-26,22.34,22.58,21.41,21.71
APG,2022-01-27,22.0,22.28,21.12,21.28
APG,2022-01-28,21.23,21.77,20.76,21.76
APG,2022-01-31,21.63,22.33,21.54,22.3
APG,2022-02-01,22.35,22.65,21.84,22.25
APG,2022-02-02,22.22,22.28,21.93,22.22
APG,2022-02-03,21.82,22.14,21.55,21.62
APG,2022-02-04,21.45,21.65,21.02,21.4
APG,2022-02-07,21.36,21.61,21.33,21.44
APG,2022-02-08,21.45,21.83,21.33,21.69
APG,2022-02-09,22.07,22.31,21.95,22.22
APG,2022-02-10,21.66,22.23,21.51,21.75
APG,2022-02-11,21.73,21.98,21.03,21.26
APG,2022-02-14,21.35,21.48,20.87,21.09
APG,2022-02-15,21.51,21.92,21.41,21.91
APG,2022-02-16,21.8,22.33,21.66,22.14
APG,2022-02-17,21.81,21.9,21.24,21.28
APG,2022-02-18,21.24,21.47,20.8,20.97
APG,2022-02-22,20.79,20.91,20.17,20.35
APG,2022-02-23,20.75,21.47,20.66,20.7
APG,2022-02-24,20.21,21.56,20.01,21.53
APG,2022-02-25,21.55,21.91,21.15,21.91
APG,2022-02-28,21.55,21.83,21.3,21.57
APG,2022-03-01,21.5,21.58,20.25,20.57
APG,2022-03-02,20.88,21.09,20.26,20.68
APG,2022-03-03,20.77,21.12,20.28,20.82
APG,2022-03-04,20.49,20.68,19.47,19.68
APG,2022-03-07,19.76,19.76,18.67,18.83
APG,2022-03-08,18.89,19.81,18.59,19.5
APG,2022-03-09,20.04,21.02,20.02,20.77
APG,2022-03-10,20.29,20.69,20.2,20.58
APG,2022-03-11,20.81,21.03,20.36,20.38
APG,2022-03-14,20.58,20.58,19.77,19.93
APG,2022-03-15,20.16,20.4,19.89,20.36
APG,2022-03-16,20.59,21.05,20.25,21.02
APG,2022-03-17,20.78,21.15,20.67,21.07
APG,2022-03-18,21.2,22.02,20.94,21.94
APG,2022-03-21,21.76,21.94,20.96,21.24
APG,2022-03-22,21.15,21.51,20.97,21.4
APG,2022-03-23,21.13,21.28,20.75,20.83
APG,2022-03-24,20.89,21.32,20.81,21.23
APG,2022-03-25,21.18,21.38,20.87,21.36
APG,2022-03-28,21.31,21.44,20.97,21.38
APG,2022-03-29,21.77,22.27,21.6,22.15
APG,2022-03-30,22.09,22.19,21.33,21.39
APG,2022-03-31,21.27,21.57,20.87,21.03
APG,2022-04-01,21.22,21.32,20.81,21.04
APG,2022-04-04,21.26,21.26,20.69,20.87
APG,2022-04-05,20.85,20.93,20.32,20.35
APG,2022-04-06,20.05,20.31,19.84,20.1
APG,2022-04-07,19.98,20.19,19.65,19.94
APG,2022-04-08,19.89,20.07,19.66,19.69
APG,2022-04-11,19.53,19.76,19.25,19.41
APG,2022-04-12,19.55,20.02,19.38,19.58
APG,2022-04-13,19.56,19.87,19.51,19.79
APG,2022-04-14,19.8,20.11,19.71,19.74
APG,2022-04-18,19.53,19.66,19.24,19.4
APG,2022-04-19,19.4,20.26,19.4,20.24
APG,2022-04-20,20.55,20.77,20.21,20.29
APG,2022-04-21,20.55,20.73,19.57,19.73
APG,2022-04-22,19.71,19.82,19.15,19.17
APG,2022-04-25,19.0,19.41,18.8,19.38
APG,2022-04-26,19.05,19.05,18.56,18.65
APG,2022-04-27,18.65,18.92,18.45,18.72
APG,2022-04-28,18.99,19.35,18.33,19.16
APG,2022-04-29,18.94,19.31,18.46,18.56
APG,2022-05-02,18.48,18.88,18.17,18.78
APG,2022-05-03,18.74,18.94,18.45,18.84
APG,2022-05-04,18.29,18.81,17.23,18.55
APG,2022-05-05,18.39,18.39,16.93,17.22
APG,2022-05-06,17.02,17.56,16.68,17.14
APG,2022-05-09,16.92,17.16,15.89,16.09
APG,2022-05-10,16.43,16.71,15.88,16.37
APG,2022-05-11,16.45,16.84,16.14,16.21
APG,2022-05-12,16.13,16.49,15.91,16.34
APG,2022-05-13,16.64,17.22,16.45,17.07
APG,2022-05-16,16.91,17.08,16.69,16.86
APG,2022-05-17,17.16,17.42,17.0,17.42
APG,2022-05-18,17.4,18.0,16.87,17.05
APG,2022-05-19,16.8,17.27,16.78,16.97
APG,2022-05-20,17.16,17.39,16.69,17.35
APG,2022-05-23,17.57,18.09,17.3,17.98
APG,2022-05-24,17.88,17.93,17.14,17.35
APG,2022-05-25,17.25,17.68,17.25,17.36
APG,2022-05-26,17.46,17.57,17.2,17.3
APG,2022-05-27,17.45,18.16,17.31,18.09
APG,2022-05-31,17.86,18.11,17.44,17.45
APG,2022-06-01,17.54,17.85,17.17,17.48
APG,2022-06-02,17.53,18.11,17.53,18.05
APG,2022-06-03,17.94,17.94,17.61,17.77
APG,2022-06-06,18.23,18.26,17.86,17.95
APG,2022-06-07,17.64,18.12,17.64,18.06
APG,2022-06-08,17.91,18.16,17.65,17.89
APG,2022-06-09,17.68,17.94,17.3,17.32
APG,2022-06-10,17.01,17.14,16.51,16.73
APG,2022-06-13,16.28,16.37,15.74,15.86
APG,2022-06-14,15.81,16.0,15.53,15.73
APG,2022-06-15,16.02,16.27,15.66,15.96
APG,2022-06-16,15.5,15.61,14.56,14.69
APG,2022-06-17,14.64,14.8,14.13,14.4
APG,2022-06-21,14.6,14.86,14.35,14.4
APG,2022-06-22,14.13,14.47,14.13,14.3
APG,2022-06-23,14.58,15.29,14.48,15.28
APG,2022-06-24,15.31,15.86,15.31,15.86
APG,2022-06-27,16.02,16.13,15.66,15.91
APG,2022-06-28,15.95,16.11,15.51,15.64
APG,2022-06-29,15.59,15.59,14.96,15.1
APG,2022-06-30,14.82,15.12,14.56,14.97
APG,2022-07-01,14.87,15.26,14.72,15.1
APG,2022-07-05,14.7,15.38,14.47,15.3
APG,2022-07-06,15.25,15.46,14.95,15.23
APG,2022-07-07,15.25,15.6,15.25,15.5
APG,2022-07-08,15.17,15.44,15.03,15.1
APG,2022-07-11,15.47,15.47,15.11,15.17
APG,2022-07-12,15.14,15.68,15.1,15.29
APG,2022-07-13,14.94,15.27,14.64,15.2
APG,2022-07-14,14.92,15.13,14.8,14.99
APG,2022-07-15,15.28,15.52,14.94,15.27
APG,2022-07-18,15.46,15.62,15.38,15.5
APG,2022-07-19,15.68,16.2,15.67,16.06
APG,2022-07-20,16.04,16.55,16.04,16.4
APG,2022-07-21,16.17,16.6,16.08,16.58
APG,2022-07-22,16.72,16.72,16.16,16.39
APG,2022-07-25,16.44,16.54,16.15,16.45
APG,2022-07-26,16.37,16.44,16.13,16.26
APG,2022-07-27,16.47,16.97,16.44,16.81
APG,2022-07-28,17.03,17.55,16.95,17.45
APG,2022-07-29,17.67,17.94,17.38,17.71
APG,2022-08-01,17.55,17.91,17.33,17.84
APG,2022-08-02,17.76,18.08,17.58,17.89
APG,2022-08-03,18.14,18.45,17.97,18.29
APG,2022-08-04,18.03,18.22,16.74,16.97
APG,2022-08-05,16.84,17.41,16.77,17.3
APG,2022-08-08,17.51,17.9,17.2,17.2
APG,2022-08-09,17.12,17.12,16.69,16.74
APG,2022-08-10,17.26,17.66,17.09,17.57
APG,2022-08-11,17.88,18.01,17.61,17.65
APG,2022-08-12,17.79,18.0,17.67,17.99
APG,2022-08-15,17.91,18.17,17.72,18.15
APG,2022-08-16,18.02,18.21,17.95,18.12
APG,2022-08-17,17.73,17.85,17.52,17.57
APG,2022-08-18,17.65,17.86,17.54,17.54
APG,2022-08-19,17.45,17.45,16.96,17.04
APG,2022-08-22,16.79,16.79,16.42,16.48
APG,2022-08-23,16.41,16.72,16.35,16.41
APG,2022-08-24,16.36,16.79,16.36,16.76
APG,2022-08-25,16.83,17.01,16.75,16.97
APG,2022-08-26,16.84,16.86,15.84,15.9
APG,2022-08-29,15.67,15.97,15.67,15.91
APG,2022-08-30,15.9,15.95,15.43,15.63
APG,2022-08-31,15.62,15.68,15.4,15.55
APG,2022-09-01,15.55,15.57,15.19,15.44
APG,2022-09-02,15.71,15.71,15.12,15.2
APG,2022-09-06,15.31,15.31,15.01,15.15
APG,2022-09-07,15.05,15.56,15.04,15.53
APG,2022-09-08,15.33,15.67,15.12,15.63
APG,2022-09-09,15.71,16.23,15.71,16.09
APG,2022-09-12,16.22,16.47,15.94,16.2
APG,2022-09-13,16.0,16.0,15.41,15.51
APG,2022-09-14,15.44,15.58,15.25,15.45
APG,2022-09-15,15.2,15.59,15.12,15.16
APG,2022-09-16,14.98,15.11,14.75,14.94
APG,2022-09-19,14.76,15.28,14.76,15.17
APG,2022-09-20,15.2,15.2,14.82,14.97
APG,2022-09-21,15.07,15.28,14.75,14.77
APG,2022-09-22,14.67,14.75,14.26,14.38
APG,2022-09-23,14.13,14.13,13.77,13.96
APG,2022-09-26,13.9,14.25,13.48,13.49
APG,2022-09-27,13.66,13.87,13.34,13.52
APG,2022-09-28,13.6,14.19,13.59,14.04
APG,2022-09-29,13.81,13.81,13.35,13.67
APG,2022-09-30,13.61,13.94,13.26,13.27
APG,2022-10-03,13.45,14.02,13.27,13.86
APG,2022-10-04,14.25,14.89,14.25,14.89
APG,2022-10-05,14.6,14.94,14.53,14.82
APG,2022-10-06,14.69,14.91,14.41,14.43
APG,2022-10-07,14.24,14.24,13.84,14.09
APG,2022-10-10,14.25,14.25,14.02,14.06
APG,2022-10-11,13.89,14.12,13.53,13.98
APG,2022-10-12,13.87,13.96,13.67,13.7
APG,2022-10-13,13.5,14.26,13.09,14.17
APG,2022-10-14,14.42,14.6,14.09,14.2
APG,2022-10-17,14.57,14.84,14.55,14.72
APG,2022-10-18,15.14,15.38,14.73,15.02
APG,2022-10-19,14.83,15.06,14.72,14.9
APG,2022-10-20,14.97,15.14,14.68,14.69
APG,2022-10-21,14.7,15.11,14.38,15.11
APG,2022-10-24,15.12,15.38,14.88,15.3
APG,2022-10-25,15.38,16.2,15.38,15.92
APG,2022-10-26,16.08,16.34,15.94,16.09
APG,2022-10-27,16.27,16.49,16.17,16.24
APG,2022-10-28,16.33,16.72,16.08,16.61
APG,2022-10-31,16.49,16.64,16.31,16.49
APG,2022-11-01,16.68,16.77,16.37,16.51
APG,2022-11-02,16.39,16.59,15.76,15.77
APG,2022-11-03,16.42,17.04,15.98,17.01
APG,2022-11-04,17.47,17.53,17.12,17.45
APG,2022-11-07,17.56,17.74,17.24,17.68
APG,2022-11-08,17.78,17.99,17.52,17.77
APG,2022-11-09,17.51,17.83,17.39,17.51
APG,2022-11-10,18.37,18.56,18.08,18.56
APG,2022-11-11,18.64,19.33,18.61,18.99
APG,2022-11-14,18.9,19.5,18.84,19.17
APG,2022-11-15,19.49,19.55,18.88,18.91
APG,2022-11-16,18.87,19.01,18.72,18.79
APG,2022-11-17,18.51,18.93,18.43,18.8
APG,2022-11-18,19.45,19.56,18.81,18.94
APG,2022-11-21,18.83,19.03,18.36,18.48
APG,2022-11-22,18.57,18.98,18.45,18.96
APG,2022-11-23,18.88,18.97,18.6,18.7
APG,2022-11-25,18.75,18.91,18.69,18.79
APG,2022-11-28,18.66,18.78,18.43,18.53
APG,2022-11-29,18.53,18.77,18.43,18.57
APG,2022-11-30,18.63,19.23,18.4,19.22
APG,2022-12-01,19.57,19.67,19.16,19.33
APG,2022-12-02,19.02,19.58,19.02,19.39
APG,2022-12-05,19.16,19.19,18.94,19.1
APG,2022-12-06,19.15,19.2,18.77,18.92
APG,2022-12-07,18.91,19.17,18.72,18.76
APG,2022-12-08,18.96,19.05,18.8,18.98
APG,2022-12-09,19.08,19.19,18.67,18.69
APG,2022-12-12,18.8,18.84,18.57,18.8
APG,2022-12-13,19.5,19.69,19.0,19.22
APG,2022-12-14,19.25,19.5,19.05,19.25
APG,2022-12-15,18.9,18.9,18.47,18.68
APG,2022-12-16,18.41,18.63,18.28,18.62
APG,2022-12-19,18.56,18.71,18.41,18.55
APG,2022-12-20,18.6,18.79,18.46,18.48
APG,2022-12-21,18.67,18.98,18.54,18.8
APG,2022-12-22,18.62,18.62,18.15,18.5
APG,2022-12-23,18.4,18.67,18.39,18.6
APG,2022-12-27,18.64,18.64,18.29,18.4
APG,2022-12-28,18.47,18.64,18.16,18.25
APG,2022-12-29,18.46,18.97,18.39,18.89
APG,2022-12-30,18.68,18.87,18.51,18.81
APG,2023-01-03,19.06,19.25,18.55,18.67
APG,2023-01-04,18.86,19.06,18.51,18.73
APG,2023-01-05,18.67,18.67,18.33,18.45
APG,2023-01-06,18.71,19.12,18.47,19.08
APG,2023-01-09,19.2,19.46,18.87,18.95
APG,2023-01-10,18.91,19.19,18.87,19.14
APG,2023-01-11,19.29,19.72,19.29,19.64
APG,2023-01-12,19.76,20.55,19.62,20.55
APG,2023-01-13,20.45,20.81,20.44,20.71
APG,2023-01-17,20.77,20.9,20.33,20.6
APG,2023-01-18,20.5,20.65,19.82,19.85
APG,2023-01-19,19.69,19.74,19.25,19.27
APG,2023-01-20,19.51,19.93,19.27,19.91
APG,2023-01-23,19.88,20.64,19.88,20.62
APG,2023-01-24,20.39,21.06,20.35,20.8
APG,2023-01-25,20.6,21.03,20.46,21.01
APG,2023-01-26,21.25,21.42,20.63,21.15
APG,2023-01-27,21.03,21.78,21.0,21.54
APG,2023-01-30,21.33,21.79,21.24,21.57
APG,2023-01-31,21.6,22.27,21.6,22.24
APG,2023-02-01,22.2,22.42,21.8,22.22
APG,2023-02-02,22.39,22.94,22.39,22.77
APG,2023-02-03,22.6,22.69,22.06,22.3
APG,2023-02-06,22.09,22.09,21.67,21.7
APG,2023-02-07,21.51,22.13,21.51,22.1
APG,2023-02-08,21.94,22.16,21.83,22.12
APG,2023-02-09,22.32,22.49,21.59,21.63
APG,2023-02-10,21.58,21.58,21.26,21.33
APG,2023-02-13,21.38,21.86,21.2,21.76
APG,2023-02-14,21.6,22.05,21.5,21.95
APG,2023-02-15,21.66,22.05,21.66,21.99
APG,2023-02-16,21.57,22.42,21.57,22.16
APG,2023-02-17,22.16,22.16,21.74,22.06
APG,2023-02-21,21.93,22.95,21.93,22.42
APG,2023-02-22,22.76,23.15,22.6,22.95
APG,2023-02-23,23.02,23.56,22.79,23.48
APG,2023-02-24,23.18,23.8,22.98,23.6
APG,2023-02-27,23.76,24.08,23.35,23.42
APG,2023-02-28,23.52,23.68,22.92,23.49
APG,2023-03-01,23.94,24.17,23.53,23.66
APG,2023-03-02,23.63,23.8,23.45,23.46
APG,2023-03-03,23.87,24.49,23.57,24.11
APG,2023-03-06,24.13,24.38,23.65,23.71
APG,2023-03-07,23.8,24.01,23.0,23.47
APG,2023-03-08,23.54,23.6,23.21,23.5
APG,2023-03-09,23.5,23.51,22.65,22.72
APG,2023-03-10,22.64,22.7,21.44,21.57
APG,2023-03-13,21.11,21.91,21.01,21.5
APG,2023-03-14,22.16,22.29,21.71,22.04
APG,2023-03-15,21.59,21.59,20.48,20.9
APG,2023-03-16,20.65,21.18,20.25,21.03
APG,2023-03-17,20.97,20.97,20.05,20.35
APG,2023-03-20,20.54,20.86,20.47,20.81
APG,2023-03-21,21.34,21.66,21.16,21.46
APG,2023-03-22,21.37,21.67,21.12,21.15
APG,2023-03-23,21.14,21.39,20.67,20.94
APG,2023-03-24,20.63,21.1,20.43,21.08
APG,2023-03-27,21.41,21.58,21.11,21.5
APG,2023-03-28,21.38,21.68,21.24,21.64
APG,2023-03-29,21.89,22.06,21.78,22.03
APG,2023-03-30,22.24,22.36,22.03,22.3
APG,2023-03-31,22.42,22.64,22.38,22.48
APG,2023-04-03,22.555,22.61,22.02,22.42
APG,2023-04-04,22.49,22.49,21.345,21.49
APG,2023-04-05,21.26,21.27,20.58,20.92
APG,2023-04-06,20.98,21.06,20.755,20.91
APG,2023-04-10,20.64,21.13,20.64,21.09
APG,2023-04-11,21.21,21.25,20.94,21.02
APG,2023-04-12,21.22,21.321,21.02,21.13
APG,2023-04-13,21.22,21.47,21.05,21.33
APG,2023-04-14,21.26,21.51,21.1058,21.25
APG,2023-04-17,21.26,21.64,21.25,21.64
APG,2023-04-18,21.74,21.79,21.29,21.45
APG,2023-04-19,21.3,21.5,21.245,21.39
APG,2023-04-20,21.23,21.68,21.151,21.67
APG,2023-04-21,21.78,21.83,21.5,21.73
APG,2023-04-24,21.79,22.19,21.72,22.14
APG,2023-04-25,21.86,22.21,21.86,21.96
APG,2023-04-26,21.77,21.96,21.56,21.65
APG,2023-04-27,21.8,22.49,21.76,22.48
APG,2023-04-28,22.35,22.86,22.35,22.76
APG,2023-05-01,22.71,23.1395,22.575,22.68
APG,2023-05-02,22.42,22.66,22.1379,22.64
APG,2023-05-03,22.6,22.899,22.18,22.24
APG,2023-05-04,22.75,23.0,21.65,21.75
APG,2023-05-05,22.0,22.595,21.81,22.49
APG,2023-05-08,22.51,22.64,22.02,22.06
APG,2023-05-09,21.91,22.12,21.74,22.07
APG,2023-05-10,22.43,22.515,21.96,22.34
APG,2023-05-11,22.08,22.33,22.08,22.32
APG,2023-05-12,22.37,22.645,22.3,22.59
APG,2023-05-15,22.65,22.86,22.57,22.62
APG,2023-05-16,22.62,22.62,22.22,22.38
APG,2023-05-17,23.225,23.4,22.74,23.28
APG,2023-05-18,23.1,23.65,23.08,23.57
APG,2023-05-19,23.84,23.84,22.75,23.08
APG,2023-05-22,23.1,23.3,22.885,23.25
APG,2023-05-23,23.14,23.51,22.95,23.0
APG,2023-05-24,22.88,22.89,22.33,22.49
APG,2023-05-25,22.37,22.65,22.31,22.58
APG,2023-05-26,22.57,22.85,22.565,22.8
APG,2023-05-30,22.96,23.22,22.92,23.13
APG,2023-05-31,23.02,23.205,22.41,22.6
APG,2023-06-01,22.53,22.86,22.36,22.55
APG,2023-06-02,22.96,23.6,22.71,23.45
APG,2023-06-05,23.47,23.575,23.22,23.53
APG,2023-06-06,23.48,24.56,23.455,24.36
APG,2023-06-07,24.38,24.92,24.38,24.67
APG,2023-06-08,24.52,24.815,24.45,24.75
APG,2023-06-09,24.88,24.88,24.425,24.61
APG,2023-06-12,24.69,25.32,24.55,25.15
APG,2023-06-13,25.2,25.64,25.18,25.5
APG,2023-06-14,25.56,25.75,25.2,25.42
APG,2023-06-15,25.37,25.52,25.15,25.33
APG,2023-06-16,25.54,25.6,25.22,25.58
APG,2023-06-20,25.3,25.61,25.225,25.54
APG,2023-06-21,25.5,25.965,25.36,25.83
APG,2023-06-22,25.72,25.77,25.46,25.7
APG,2023-06-23,25.24,25.78,25.17,25.44
APG,2023-06-26,25.46,25.9588,25.46,25.69
APG,2023-06-27,25.76,26.47,25.66,26.27
APG,2023-06-28,26.33,26.8,26.23,26.62
APG,2023-06-29,26.62,27.25,26.62,27.24
APG,2023-06-30,27.43,27.48,27.14,27.26
APG,2023-07-03,27.13,27.3,26.9415,27.19
APG,2023-07-05,26.92,27.1,26.63,26.83
APG,2023-07-06,26.53,26.64,26.03,26.23
APG,2023-07-07,26.31,26.595,26.24,26.41
APG,2023-07-10,26.62,27.2,26.48,27.08
APG,2023-07-11,27.52,27.71,26.97,27.66
APG,2023-07-12,28.0,28.17,27.64,27.98
APG,2023-07-13,28.0,28.52,27.98,28.34
APG,2023-07-14,28.33,28.38,27.955,28.22
APG,2023-07-17,28.17,28.69,28.17,28.48
APG,2023-07-18,28.52,28.73,28.5,28.71
APG,2023-07-19,28.65,28.745,28.08,28.58
APG,2023-07-20,28.63,28.67,28.33,28.47
APG,2023-07-21,28.67,28.78,28.19,28.28
APG,2023-07-24,28.26,28.52,28.12,28.19
APG,2023-07-25,28.05,28.35,27.98,28.23
APG,2023-07-26,28.15,28.345,28.04,28.18
APG,2023-07-27,28.47,28.47,28.09,28.16
APG,2023-07-28,28.36,28.625,28.23,28.29
APG,2023-07-31,28.29,28.78,28.25,28.76
APG,2023-08-01,28.5,29.21,28.5,29.16
APG,2023-08-02,28.93,29.07,28.59,28.89
APG,2023-08-03,29.57,29.57,28.1,28.46
APG,2023-08-04,28.75,28.89,28.02,28.12
APG,2023-08-07,28.31,28.47,28.05,28.15
APG,2023-08-08,28.16,28.48,27.76,28.44
APG,2023-08-09,28.415,28.49,28.0803,28.24
APG,2023-08-10,28.27,28.51,27.65,28.05
APG,2023-08-11,28.04,28.31,27.941,28.02
APG,2023-08-14,27.97,28.47,27.89,28.44
APG,2023-08-15,28.29,28.41,27.98,28.27
APG,2023-08-16,28.41,28.53,28.02,28.04
APG,2023-08-17,27.88,28.1,27.54,27.65
APG,2023-08-18,27.42,28.05,27.32,27.93
APG,2023-08-21,28.0,28.18,27.4483,27.61
APG,2023-08-22,27.73,28.008,27.335,27.35
APG,2023-08-23,27.44,27.91,27.365,27.81
APG,2023-08-24,27.82,27.885,27.24,27.25
APG,2023-08-25,27.34,27.68,26.94,27.47
APG,2023-08-28,27.58,27.9,27.55,27.59
APG,2023-08-29,27.51,27.99,27.36,27.96
APG,2023-08-30,27.99,28.26,27.99,28.1
APG,2023-08-31,28.13,28.44,28.11,28.15
APG,2023-09-01,28.36,28.55,28.215,28.41
APG,2023-09-05,28.26,28.45,27.41,27.59
APG,2023-09-06,27.57,27.91,27.305,27.39
APG,2023-09-07,27.35,27.485,26.9,27.29
APG,2023-09-08,27.27,27.365,26.875,26.91
APG,2023-09-11,27.12,27.14,26.69,26.88
APG,2023-09-12,26.8,27.19,26.72,26.91
APG,2023-09-13,26.82,26.93,26.4,26.53
APG,2023-09-14,26.85,27.25,26.82,27.1
APG,2023-09-15,26.99,27.1,26.45,26.53
APG,2023-09-18,26.48,26.695,26.36,26.51
APG,2023-09-19,26.51,26.76,26.11,26.28
APG,2023-09-20,26.43,26.78,26.185,26.2
APG,2023-09-21,25.96,25.96,25.28,25.31
APG,2023-09-22,25.31,25.76,25.31,25.5
APG,2023-09-25,25.24,25.845,25.24,25.65
APG,2023-09-26,25.47,25.86,25.4201,25.56
APG,2023-09-27,25.78,26.26,25.645,26.14
APG,2023-09-28,26.1,26.74,26.0,26.22
APG,2023-09-29,26.54,26.54,25.77,25.93
APG,2023-10-02,25.7,25.96,25.25,25.43
APG,2023-10-03,25.27,25.505,24.94,25.42
APG,2023-10-04,25.39,25.75,25.19,25.61
APG,2023-10-05,25.58,26.005,25.51,26.0
