ticker,date,open,high,low,close
BCPC,1986-06-03,0.24,0.26,0.24,0.25
BCPC,1986-06-04,0.25,0.25,0.24,0.25
BCPC,1986-06-05,0.24,0.24,0.23,0.23
BCPC,1986-06-06,0.23,0.24,0.22,0.24
BCPC,1986-06-09,0.24,0.24,0.24,0.24
BCPC,1986-06-10,0.23,0.23,0.21,0.22
BCPC,1986-06-11,0.22,0.22,0.22,0.22
BCPC,1986-06-12,0.22,0.22,0.22,0.22
BCPC,1986-06-13,0.23,0.23,0.23,0.23
BCPC,1986-06-16,0.23,0.23,0.22,0.23
BCPC,1986-06-17,0.23,0.23,0.23,0.23
BCPC,1986-06-18,0.23,0.23,0.22,0.23
BCPC,1986-06-19,0.23,0.23,0.23,0.23
BCPC,1986-06-20,0.23,0.23,0.23,0.23
BCPC,1986-06-23,0.22,0.22,0.22,0.22
BCPC,1986-06-24,0.22,0.22,0.22,0.22
BCPC,1986-06-25,0.21,0.21,0.21,0.21
BCPC,1986-06-26,0.21,0.23,0.21,0.22
BCPC,1986-06-27,0.23,0.23,0.23,0.23
BCPC,1986-06-30,0.23,0.23,0.21,0.23
BCPC,1986-07-01,0.24,0.24,0.24,0.24
BCPC,1986-07-02,0.24,0.25,0.24,0.25
BCPC,1986-07-03,0.25,0.25,0.25,0.25
BCPC,1986-07-07,0.25,0.25,0.24,0.25
BCPC,1986-07-08,0.24,0.24,0.22,0.24
BCPC,1986-07-09,0.24,0.24,0.22,0.22
BCPC,1986-07-10,0.22,0.23,0.22,0.23
BCPC,1986-07-11,0.24,0.24,0.24,0.24
BCPC,1986-07-14,0.24,0.24,0.24,0.24
BCPC,1986-07-15,0.22,0.22,0.21,0.21
BCPC,1986-07-16,0.2,0.2,0.2,0.2
BCPC,1986-07-17,0.22,0.23,0.22,0.22
BCPC,1986-07-18,0.23,0.23,0.23,0.23
BCPC,1986-07-21,0.23,0.25,0.23,0.25
BCPC,1986-07-22,0.26,0.26,0.26,0.26
BCPC,1986-07-23,0.26,0.26,0.26,0.26
BCPC,1986-07-24,0.26,0.26,0.26,0.26
BCPC,1986-07-25,0.26,0.26,0.26,0.26
BCPC,1986-07-28,0.26,0.26,0.26,0.26
BCPC,1986-07-29,0.26,0.26,0.26,0.26
BCPC,1986-07-30,0.26,0.26,0.24,0.25
BCPC,1986-07-31,0.25,0.27,0.25,0.26
BCPC,1986-08-01,0.26,0.26,0.26,0.26
BCPC,1986-08-04,0.26,0.26,0.26,0.26
BCPC,1986-08-05,0.25,0.25,0.25,0.25
BCPC,1986-08-06,0.26,0.29,0.26,0.29
BCPC,1986-08-07,0.3,0.32,0.3,0.31
BCPC,1986-08-08,0.31,0.34,0.31,0.34
BCPC,1986-08-11,0.34,0.36,0.33,0.35
BCPC,1986-08-12,0.35,0.35,0.33,0.33
BCPC,1986-08-13,0.33,0.35,0.31,0.35
BCPC,1986-08-14,0.35,0.35,0.32,0.35
BCPC,1986-08-15,0.35,0.35,0.35,0.35
BCPC,1986-08-18,0.34,0.34,0.32,0.32
BCPC,1986-08-19,0.36,0.36,0.36,0.36
BCPC,1986-08-20,0.36,0.36,0.34,0.35
BCPC,1986-08-21,0.35,0.36,0.35,0.36
BCPC,1986-08-22,0.36,0.37,0.36,0.37
BCPC,1986-08-25,0.37,0.37,0.35,0.37
BCPC,1986-08-26,0.35,0.35,0.35,0.35
BCPC,1986-08-27,0.36,0.37,0.36,0.37
BCPC,1986-08-28,0.37,0.37,0.36,0.36
BCPC,1986-08-29,0.36,0.37,0.36,0.37
BCPC,1986-09-02,0.37,0.38,0.35,0.38
BCPC,1986-09-03,0.38,0.4,0.37,0.4
BCPC,1986-09-04,0.4,0.43,0.39,0.43
BCPC,1986-09-05,0.43,0.45,0.42,0.45
BCPC,1986-09-08,0.45,0.47,0.45,0.47
BCPC,1986-09-09,0.47,0.47,0.45,0.47
BCPC,1986-09-10,0.47,0.49,0.45,0.47
BCPC,1986-09-11,0.46,0.46,0.43,0.43
BCPC,1986-09-12,0.43,0.44,0.4,0.44
BCPC,1986-09-15,0.42,0.42,0.41,0.41
BCPC,1986-09-16,0.41,0.44,0.41,0.44
BCPC,1986-09-17,0.44,0.46,0.43,0.46
BCPC,1986-09-18,0.46,0.49,0.46,0.49
BCPC,1986-09-19,0.49,0.49,0.47,0.47
BCPC,1986-09-22,0.47,0.48,0.45,0.46
BCPC,1986-09-23,0.46,0.48,0.46,0.47
BCPC,1986-09-24,0.47,0.47,0.46,0.47
BCPC,1986-09-25,0.47,0.47,0.45,0.45
BCPC,1986-09-26,0.46,0.46,0.46,0.46
BCPC,1986-09-29,0.46,0.46,0.46,0.46
BCPC,1986-09-30,0.45,0.45,0.45,0.45
BCPC,1986-10-01,0.45,0.45,0.43,0.45
BCPC,1986-10-02,0.45,0.45,0.42,0.43
BCPC,1986-10-03,0.43,0.43,0.42,0.43
BCPC,1986-10-06,0.42,0.42,0.39,0.39
BCPC,1986-10-07,0.39,0.4,0.38,0.38
BCPC,1986-10-08,0.38,0.41,0.38,0.41
BCPC,1986-10-09,0.41,0.43,0.41,0.43
BCPC,1986-10-10,0.43,0.45,0.41,0.45
BCPC,1986-10-13,0.45,0.46,0.45,0.45
BCPC,1986-10-14,0.45,0.55,0.45,0.55
BCPC,1986-10-15,0.55,0.59,0.53,0.56
BCPC,1986-10-16,0.56,0.56,0.53,0.53
BCPC,1986-10-17,0.54,0.62,0.54,0.59
BCPC,1986-10-20,0.6,0.63,0.6,0.62
BCPC,1986-10-21,0.62,0.65,0.61,0.65
BCPC,1986-10-22,0.65,0.72,0.65,0.7
BCPC,1986-10-23,0.71,0.82,0.71,0.76
BCPC,1986-10-24,0.76,0.83,0.76,0.79
BCPC,1986-10-27,0.8,0.93,0.8,0.89
BCPC,1986-10-28,0.89,0.97,0.86,0.88
BCPC,1986-10-29,0.88,0.91,0.82,0.88
BCPC,1986-10-30,0.88,0.93,0.88,0.92
BCPC,1986-10-31,0.92,0.92,0.86,0.92
BCPC,1986-11-03,0.92,0.93,0.89,0.9
BCPC,1986-11-04,0.9,0.94,0.88,0.93
BCPC,1986-11-05,0.93,0.93,0.9,0.91
BCPC,1986-11-06,0.9,0.9,0.86,0.88
BCPC,1986-11-07,0.86,0.86,0.77,0.8
BCPC,1986-11-10,0.8,0.8,0.73,0.77
BCPC,1986-11-11,0.77,0.77,0.75,0.76
BCPC,1986-11-12,0.74,0.74,0.67,0.67
BCPC,1986-11-13,0.66,0.66,0.43,0.52
BCPC,1986-11-14,0.5,0.5,0.41,0.46
BCPC,1986-11-17,0.46,0.56,0.43,0.55
BCPC,1986-11-18,0.57,0.67,0.57,0.66
BCPC,1986-11-19,0.67,0.73,0.67,0.72
BCPC,1986-11-20,0.72,0.72,0.61,0.63
BCPC,1986-11-21,0.63,0.72,0.63,0.72
BCPC,1986-11-24,0.72,0.78,0.72,0.76
BCPC,1986-11-25,0.76,0.77,0.71,0.71
BCPC,1986-11-26,0.71,0.72,0.7,0.71
BCPC,1986-11-28,0.68,0.68,0.65,0.65
BCPC,1986-12-01,0.65,0.68,0.65,0.68
BCPC,1986-12-02,0.68,0.68,0.65,0.66
BCPC,1986-12-03,0.64,0.64,0.59,0.59
BCPC,1986-12-04,0.59,0.61,0.59,0.6
BCPC,1986-12-05,0.6,0.6,0.55,0.57
BCPC,1986-12-08,0.56,0.56,0.52,0.53
BCPC,1986-12-09,0.51,0.51,0.43,0.47
BCPC,1986-12-10,0.47,0.52,0.42,0.5
BCPC,1986-12-11,0.5,0.53,0.49,0.5
BCPC,1986-12-12,0.5,0.53,0.49,0.49
BCPC,1986-12-15,0.49,0.51,0.47,0.47
BCPC,1986-12-16,0.47,0.49,0.46,0.49
BCPC,1986-12-17,0.47,0.47,0.46,0.47
BCPC,1986-12-18,0.47,0.47,0.46,0.47
BCPC,1986-12-19,0.47,0.48,0.46,0.47
BCPC,1986-12-22,0.47,0.47,0.46,0.46
BCPC,1986-12-23,0.46,0.47,0.44,0.46
BCPC,1986-12-24,0.46,0.46,0.46,0.46
BCPC,1986-12-26,0.46,0.46,0.46,0.46
BCPC,1986-12-29,0.46,0.46,0.41,0.41
BCPC,1986-12-30,0.41,0.45,0.41,0.42
BCPC,1986-12-31,0.42,0.42,0.34,0.41
BCPC,1987-01-02,0.41,0.41,0.38,0.4
BCPC,1987-01-05,0.41,0.43,0.41,0.43
BCPC,1987-01-06,0.43,0.48,0.43,0.46
BCPC,1987-01-07,0.47,0.48,0.47,0.47
BCPC,1987-01-08,0.49,0.51,0.49,0.5
BCPC,1987-01-09,0.5,0.53,0.47,0.49
BCPC,1987-01-12,0.49,0.5,0.42,0.45
BCPC,1987-01-13,0.46,0.47,0.46,0.46
BCPC,1987-01-14,0.46,0.47,0.43,0.43
BCPC,1987-01-15,0.43,0.45,0.42,0.43
BCPC,1987-01-16,0.43,0.43,0.41,0.41
BCPC,1987-01-19,0.41,0.41,0.39,0.4
BCPC,1987-01-20,0.4,0.4,0.36,0.36
BCPC,1987-01-21,0.36,0.37,0.33,0.37
BCPC,1987-01-22,0.37,0.37,0.34,0.35
BCPC,1987-01-23,0.38,0.42,0.38,0.42
BCPC,1987-01-26,0.42,0.49,0.42,0.47
BCPC,1987-01-27,0.47,0.47,0.46,0.47
BCPC,1987-01-28,0.47,0.48,0.45,0.47
BCPC,1987-01-29,0.47,0.47,0.42,0.47
BCPC,1987-01-30,0.47,0.48,0.45,0.47
BCPC,1987-02-02,0.45,0.45,0.45,0.45
BCPC,1987-02-03,0.43,0.43,0.42,0.42
BCPC,1987-02-04,0.42,0.46,0.42,0.46
BCPC,1987-02-05,0.45,0.45,0.42,0.45
BCPC,1987-02-06,0.45,0.46,0.43,0.46
BCPC,1987-02-09,0.46,0.46,0.44,0.46
BCPC,1987-02-10,0.47,0.48,0.47,0.47
BCPC,1987-02-11,0.47,0.48,0.46,0.46
BCPC,1987-02-12,0.46,0.49,0.46,0.47
BCPC,1987-02-13,0.47,0.47,0.47,0.47
BCPC,1987-02-17,0.46,0.46,0.45,0.45
BCPC,1987-02-18,0.44,0.44,0.43,0.44
BCPC,1987-02-19,0.44,0.46,0.43,0.43
BCPC,1987-02-20,0.43,0.49,0.43,0.49
BCPC,1987-02-23,0.49,0.49,0.47,0.47
BCPC,1987-02-24,0.47,0.49,0.46,0.48
BCPC,1987-02-25,0.48,0.48,0.45,0.45
BCPC,1987-02-26,0.45,0.45,0.43,0.43
BCPC,1987-02-27,0.43,0.45,0.42,0.42
BCPC,1987-03-02,0.42,0.42,0.38,0.38
BCPC,1987-03-03,0.38,0.41,0.38,0.4
BCPC,1987-03-04,0.4,0.4,0.37,0.38
BCPC,1987-03-05,0.41,0.41,0.41,0.41
BCPC,1987-03-06,0.42,0.45,0.42,0.43
BCPC,1987-03-09,0.43,0.43,0.42,0.43
BCPC,1987-03-10,0.43,0.45,0.42,0.43
BCPC,1987-03-11,0.43,0.5,0.43,0.49
BCPC,1987-03-12,0.49,0.5,0.48,0.48
BCPC,1987-03-13,0.48,0.51,0.47,0.47
BCPC,1987-03-16,0.47,0.49,0.46,0.47
BCPC,1987-03-17,0.47,0.49,0.47,0.47
BCPC,1987-03-18,0.47,0.49,0.46,0.47
BCPC,1987-03-19,0.47,0.48,0.45,0.45
BCPC,1987-03-20,0.47,0.57,0.47,0.55
BCPC,1987-03-23,0.55,0.55,0.51,0.51
BCPC,1987-03-24,0.51,0.58,0.51,0.55
BCPC,1987-03-25,0.55,0.65,0.55,0.61
BCPC,1987-03-26,0.61,0.65,0.59,0.62
BCPC,1987-03-27,0.61,0.61,0.55,0.55
BCPC,1987-03-30,0.55,0.56,0.51,0.55
BCPC,1987-03-31,0.55,0.58,0.55,0.58
BCPC,1987-04-01,0.58,0.59,0.55,0.59
BCPC,1987-04-02,0.59,0.59,0.56,0.59
BCPC,1987-04-03,0.59,0.63,0.56,0.61
BCPC,1987-04-06,0.61,0.61,0.58,0.59
BCPC,1987-04-07,0.57,0.57,0.57,0.57
BCPC,1987-04-08,0.56,0.56,0.49,0.51
BCPC,1987-04-09,0.54,0.56,0.54,0.56
BCPC,1987-04-10,0.56,0.58,0.51,0.58
BCPC,1987-04-13,0.58,0.6,0.55,0.6
BCPC,1987-04-14,0.6,0.61,0.57,0.58
BCPC,1987-04-15,0.55,0.55,0.55,0.55
BCPC,1987-04-16,0.55,0.55,0.54,0.55
BCPC,1987-04-20,0.55,0.55,0.55,0.55
BCPC,1987-04-21,0.55,0.55,0.55,0.55
BCPC,1987-04-22,0.53,0.53,0.51,0.51
BCPC,1987-04-23,0.51,0.53,0.5,0.53
BCPC,1987-04-24,0.53,0.54,0.5,0.54
BCPC,1987-04-27,0.55,0.55,0.55,0.55
BCPC,1987-04-28,0.51,0.51,0.5,0.51
BCPC,1987-04-29,0.51,0.57,0.5,0.57
BCPC,1987-04-30,0.57,0.61,0.57,0.6
BCPC,1987-05-01,0.6,0.63,0.58,0.6
BCPC,1987-05-04,0.6,0.61,0.58,0.61
BCPC,1987-05-05,0.58,0.58,0.55,0.55
BCPC,1987-05-06,0.55,0.55,0.55,0.55
BCPC,1987-05-07,0.55,0.58,0.55,0.58
BCPC,1987-05-08,0.55,0.55,0.53,0.55
BCPC,1987-05-11,0.53,0.53,0.53,0.53
BCPC,1987-05-12,0.53,0.53,0.51,0.53
BCPC,1987-05-13,0.52,0.52,0.51,0.52
BCPC,1987-05-14,0.52,0.52,0.52,0.52
BCPC,1987-05-15,0.52,0.53,0.51,0.53
BCPC,1987-05-18,0.53,0.55,0.52,0.54
BCPC,1987-05-19,0.54,0.55,0.54,0.55
BCPC,1987-05-20,0.54,0.54,0.54,0.54
BCPC,1987-05-21,0.54,0.54,0.51,0.54
BCPC,1987-05-22,0.54,0.55,0.51,0.55
BCPC,1987-05-26,0.56,0.57,0.56,0.56
BCPC,1987-05-27,0.56,0.56,0.53,0.56
BCPC,1987-05-28,0.53,0.53,0.51,0.53
BCPC,1987-05-29,0.53,0.53,0.51,0.53
BCPC,1987-06-01,0.53,0.53,0.49,0.53
BCPC,1987-06-02,0.53,0.53,0.5,0.53
BCPC,1987-06-03,0.51,0.51,0.49,0.51
BCPC,1987-06-04,0.51,0.52,0.49,0.52
BCPC,1987-06-05,0.52,0.53,0.51,0.53
BCPC,1987-06-08,0.51,0.51,0.49,0.51
BCPC,1987-06-09,0.51,0.51,0.47,0.5
BCPC,1987-06-10,0.5,0.5,0.5,0.5
BCPC,1987-06-11,0.48,0.48,0.47,0.48
BCPC,1987-06-12,0.48,0.48,0.47,0.48
BCPC,1987-06-15,0.48,0.48,0.47,0.47
BCPC,1987-06-16,0.47,0.51,0.47,0.51
BCPC,1987-06-17,0.51,0.55,0.49,0.55
BCPC,1987-06-18,0.55,0.57,0.53,0.57
BCPC,1987-06-19,0.57,0.58,0.54,0.56
BCPC,1987-06-22,0.55,0.55,0.53,0.53
BCPC,1987-06-23,0.53,0.57,0.53,0.56
BCPC,1987-06-24,0.55,0.55,0.53,0.53
BCPC,1987-06-25,0.54,0.54,0.54,0.54
BCPC,1987-06-26,0.55,0.55,0.55,0.55
BCPC,1987-06-29,0.55,0.55,0.54,0.54
BCPC,1987-06-30,0.54,0.55,0.54,0.55
BCPC,1987-07-01,0.55,0.55,0.55,0.55
BCPC,1987-07-02,0.55,0.57,0.55,0.57
BCPC,1987-07-06,0.57,0.62,0.57,0.62
BCPC,1987-07-07,0.62,0.65,0.6,0.63
BCPC,1987-07-08,0.63,0.63,0.59,0.63
BCPC,1987-07-09,0.6,0.6,0.57,0.59
BCPC,1987-07-10,0.59,0.59,0.55,0.58
BCPC,1987-07-13,0.55,0.55,0.45,0.47
BCPC,1987-07-14,0.5,0.52,0.5,0.52
BCPC,1987-07-15,0.51,0.51,0.5,0.51
BCPC,1987-07-16,0.51,0.51,0.51,0.51
BCPC,1987-07-17,0.51,0.51,0.51,0.51
BCPC,1987-07-20,0.49,0.49,0.49,0.49
BCPC,1987-07-21,0.49,0.49,0.49,0.49
BCPC,1987-07-22,0.5,0.51,0.5,0.51
BCPC,1987-07-23,0.53,0.53,0.53,0.53
BCPC,1987-07-24,0.5,0.5,0.5,0.5
BCPC,1987-07-27,0.51,0.51,0.51,0.51
BCPC,1987-07-28,0.51,0.51,0.49,0.49
BCPC,1987-07-29,0.49,0.49,0.49,0.49
BCPC,1987-07-30,0.49,0.49,0.49,0.49
BCPC,1987-07-31,0.49,0.49,0.49,0.49
BCPC,1987-08-03,0.49,0.49,0.49,0.49
BCPC,1987-08-04,0.49,0.49,0.49,0.49
BCPC,1987-08-05,0.49,0.49,0.45,0.49
BCPC,1987-08-06,0.49,0.5,0.49,0.5
BCPC,1987-08-07,0.5,0.5,0.46,0.49
BCPC,1987-08-10,0.49,0.49,0.45,0.49
BCPC,1987-08-11,0.49,0.49,0.46,0.49
BCPC,1987-08-12,0.49,0.49,0.45,0.49
BCPC,1987-08-13,0.49,0.49,0.45,0.49
BCPC,1987-08-14,0.49,0.51,0.47,0.51
BCPC,1987-08-17,0.51,0.53,0.48,0.53
BCPC,1987-08-18,0.53,0.57,0.52,0.54
BCPC,1987-08-19,0.54,0.55,0.53,0.55
BCPC,1987-08-20,0.55,0.55,0.55,0.55
BCPC,1987-08-21,0.53,0.53,0.53,0.53
BCPC,1987-08-24,0.52,0.52,0.51,0.52
BCPC,1987-08-25,0.51,0.51,0.49,0.51
BCPC,1987-08-26,0.51,0.51,0.51,0.51
BCPC,1987-08-27,0.51,0.51,0.5,0.51
BCPC,1987-08-28,0.5,0.5,0.47,0.47
BCPC,1987-08-31,0.47,0.49,0.47,0.49
BCPC,1987-09-01,0.48,0.48,0.47,0.47
BCPC,1987-09-02,0.47,0.47,0.46,0.47
BCPC,1987-09-03,0.47,0.47,0.47,0.47
BCPC,1987-09-04,0.49,0.49,0.49,0.49
BCPC,1987-09-08,0.49,0.49,0.49,0.49
BCPC,1987-09-09,0.45,0.45,0.45,0.45
BCPC,1987-09-10,0.45,0.47,0.45,0.45
BCPC,1987-09-11,0.45,0.45,0.44,0.44
BCPC,1987-09-14,0.44,0.44,0.44,0.44
BCPC,1987-09-15,0.44,0.47,0.43,0.47
BCPC,1987-09-16,0.46,0.46,0.46,0.46
BCPC,1987-09-17,0.46,0.48,0.45,0.47
BCPC,1987-09-18,0.47,0.47,0.47,0.47
BCPC,1987-09-21,0.45,0.45,0.45,0.45
BCPC,1987-09-22,0.45,0.45,0.45,0.45
BCPC,1987-09-23,0.45,0.45,0.45,0.45
BCPC,1987-09-24,0.45,0.45,0.45,0.45
BCPC,1987-09-25,0.45,0.45,0.45,0.45
BCPC,1987-09-28,0.45,0.45,0.44,0.44
BCPC,1987-09-29,0.44,0.45,0.42,0.42
BCPC,1987-09-30,0.43,0.43,0.43,0.43
BCPC,1987-10-01,0.43,0.43,0.43,0.43
BCPC,1987-10-02,0.43,0.43,0.41,0.43
BCPC,1987-10-05,0.42,0.42,0.42,0.42
BCPC,1987-10-06,0.41,0.41,0.39,0.4
BCPC,1987-10-07,0.4,0.4,0.38,0.4
BCPC,1987-10-08,0.4,0.4,0.4,0.4
BCPC,1987-10-09,0.37,0.37,0.37,0.37
BCPC,1987-10-12,0.37,0.4,0.37,0.37
BCPC,1987-10-13,0.38,0.38,0.38,0.38
BCPC,1987-10-14,0.38,0.4,0.38,0.38
BCPC,1987-10-15,0.38,0.38,0.38,0.38
BCPC,1987-10-16,0.41,0.41,0.41,0.41
BCPC,1987-10-19,0.38,0.38,0.31,0.31
BCPC,1987-10-20,0.31,0.32,0.26,0.29
BCPC,1987-10-21,0.29,0.33,0.26,0.33
BCPC,1987-10-22,0.3,0.3,0.26,0.28
BCPC,1987-10-23,0.28,0.28,0.28,0.28
BCPC,1987-10-26,0.26,0.26,0.21,0.26
BCPC,1987-10-27,0.25,0.25,0.13,0.22
BCPC,1987-10-28,0.2,0.2,0.16,0.19
BCPC,1987-10-29,0.2,0.22,0.2,0.22
BCPC,1987-10-30,0.22,0.29,0.22,0.29
BCPC,1987-11-02,0.29,0.3,0.26,0.3
BCPC,1987-11-03,0.3,0.3,0.26,0.28
BCPC,1987-11-04,0.27,0.27,0.27,0.27
BCPC,1987-11-05,0.27,0.29,0.27,0.29
BCPC,1987-11-06,0.28,0.28,0.26,0.28
BCPC,1987-11-09,0.28,0.28,0.26,0.28
BCPC,1987-11-10,0.28,0.28,0.28,0.28
BCPC,1987-11-11,0.27,0.27,0.27,0.27
BCPC,1987-11-12,0.24,0.24,0.22,0.24
BCPC,1987-11-13,0.24,0.24,0.24,0.24
BCPC,1987-11-16,0.22,0.22,0.2,0.22
BCPC,1987-11-17,0.22,0.22,0.21,0.22
BCPC,1987-11-18,0.22,0.24,0.22,0.24
BCPC,1987-11-19,0.24,0.25,0.22,0.23
BCPC,1987-11-20,0.23,0.23,0.22,0.23
BCPC,1987-11-23,0.22,0.22,0.22,0.22
BCPC,1987-11-24,0.22,0.22,0.21,0.21
BCPC,1987-11-25,0.21,0.22,0.2,0.22
BCPC,1987-11-27,0.22,0.22,0.22,0.22
BCPC,1987-11-30,0.22,0.22,0.22,0.22
BCPC,1987-12-01,0.22,0.22,0.21,0.21
BCPC,1987-12-02,0.21,0.22,0.2,0.22
BCPC,1987-12-03,0.22,0.22,0.2,0.22
BCPC,1987-12-04,0.2,0.2,0.18,0.18
BCPC,1987-12-07,0.18,0.2,0.18,0.2
BCPC,1987-12-08,0.2,0.2,0.18,0.18
BCPC,1987-12-09,0.18,0.18,0.18,0.18
BCPC,1987-12-10,0.18,0.2,0.18,0.18
BCPC,1987-12-11,0.18,0.19,0.18,0.19
BCPC,1987-12-14,0.19,0.19,0.19,0.19
BCPC,1987-12-15,0.19,0.2,0.18,0.2
BCPC,1987-12-16,0.18,0.18,0.18,0.18
BCPC,1987-12-17,0.18,0.19,0.18,0.19
BCPC,1987-12-18,0.19,0.19,0.18,0.18
BCPC,1987-12-21,0.18,0.18,0.18,0.18
BCPC,1987-12-22,0.18,0.18,0.17,0.18
BCPC,1987-12-23,0.16,0.16,0.16,0.16
BCPC,1987-12-24,0.16,0.16,0.16,0.16
BCPC,1987-12-28,0.16,0.16,0.16,0.16
BCPC,1987-12-29,0.16,0.18,0.16,0.16
BCPC,1987-12-30,0.16,0.16,0.16,0.16
BCPC,1987-12-31,0.16,0.22,0.16,0.22
BCPC,1988-01-04,0.22,0.24,0.22,0.22
BCPC,1988-01-05,0.23,0.24,0.23,0.24
BCPC,1988-01-06,0.24,0.24,0.24,0.24
BCPC,1988-01-07,0.24,0.25,0.24,0.24
BCPC,1988-01-08,0.24,0.24,0.23,0.24
BCPC,1988-01-11,0.22,0.22,0.22,0.22
BCPC,1988-01-12,0.22,0.22,0.22,0.22
BCPC,1988-01-13,0.22,0.23,0.22,0.22
BCPC,1988-01-14,0.22,0.24,0.22,0.24
BCPC,1988-01-15,0.22,0.22,0.22,0.22
BCPC,1988-01-18,0.22,0.22,0.22,0.22
BCPC,1988-01-19,0.22,0.22,0.22,0.22
BCPC,1988-01-20,0.22,0.23,0.22,0.23
BCPC,1988-01-21,0.23,0.23,0.23,0.23
BCPC,1988-01-22,0.23,0.23,0.22,0.22
BCPC,1988-01-25,0.22,0.22,0.22,0.22
BCPC,1988-01-26,0.22,0.22,0.22,0.22
BCPC,1988-01-27,0.22,0.22,0.22,0.22
BCPC,1988-01-28,0.22,0.22,0.22,0.22
BCPC,1988-01-29,0.22,0.22,0.22,0.22
BCPC,1988-02-01,0.22,0.22,0.22,0.22
BCPC,1988-02-02,0.22,0.23,0.21,0.21
BCPC,1988-02-03,0.22,0.22,0.22,0.22
BCPC,1988-02-04,0.2,0.2,0.2,0.2
BCPC,1988-02-05,0.2,0.2,0.2,0.2
BCPC,1988-02-08,0.2,0.2,0.2,0.2
BCPC,1988-02-09,0.2,0.2,0.2,0.2
BCPC,1988-02-10,0.2,0.2,0.2,0.2
BCPC,1988-02-11,0.2,0.2,0.2,0.2
BCPC,1988-02-12,0.2,0.21,0.2,0.2
BCPC,1988-02-16,0.19,0.19,0.19,0.19
BCPC,1988-02-17,0.19,0.19,0.19,0.19
BCPC,1988-02-18,0.19,0.19,0.18,0.18
BCPC,1988-02-19,0.18,0.18,0.18,0.18
BCPC,1988-02-22,0.18,0.18,0.18,0.18
BCPC,1988-02-23,0.2,0.2,0.2,0.2
BCPC,1988-02-24,0.2,0.21,0.2,0.21
BCPC,1988-02-25,0.21,0.21,0.21,0.21
BCPC,1988-02-26,0.21,0.21,0.21,0.21
BCPC,1988-02-29,0.21,0.22,0.2,0.22
BCPC,1988-03-01,0.21,0.21,0.2,0.21
BCPC,1988-03-02,0.21,0.21,0.21,0.21
BCPC,1988-03-03,0.21,0.21,0.21,0.21
BCPC,1988-03-04,0.21,0.21,0.21,0.21
BCPC,1988-03-07,0.21,0.23,0.21,0.22
BCPC,1988-03-08,0.24,0.28,0.24,0.26
BCPC,1988-03-09,0.28,0.3,0.28,0.3
BCPC,1988-03-10,0.29,0.29,0.27,0.27
BCPC,1988-03-11,0.27,0.29,0.26,0.29
BCPC,1988-03-14,0.26,0.26,0.26,0.26
BCPC,1988-03-15,0.26,0.28,0.26,0.26
BCPC,1988-03-16,0.26,0.26,0.25,0.25
BCPC,1988-03-17,0.26,0.26,0.26,0.26
BCPC,1988-03-18,0.26,0.27,0.26,0.27
BCPC,1988-03-21,0.26,0.26,0.26,0.26
BCPC,1988-03-22,0.25,0.25,0.25,0.25
BCPC,1988-03-23,0.26,0.26,0.26,0.26
BCPC,1988-03-24,0.25,0.25,0.23,0.23
BCPC,1988-03-25,0.25,0.25,0.25,0.25
BCPC,1988-03-28,0.23,0.23,0.23,0.23
BCPC,1988-03-29,0.23,0.25,0.23,0.25
BCPC,1988-03-30,0.23,0.23,0.23,0.23
BCPC,1988-03-31,0.23,0.23,0.23,0.23
BCPC,1988-04-04,0.23,0.23,0.23,0.23
BCPC,1988-04-05,0.23,0.23,0.23,0.23
BCPC,1988-04-06,0.24,0.24,0.24,0.24
BCPC,1988-04-07,0.24,0.24,0.24,0.24
BCPC,1988-04-08,0.24,0.26,0.24,0.25
BCPC,1988-04-11,0.22,0.22,0.22,0.22
BCPC,1988-04-12,0.22,0.22,0.22,0.22
BCPC,1988-04-13,0.24,0.24,0.24,0.24
BCPC,1988-04-14,0.24,0.24,0.24,0.24
BCPC,1988-04-15,0.24,0.24,0.23,0.24
BCPC,1988-04-18,0.24,0.26,0.24,0.26
BCPC,1988-04-19,0.26,0.26,0.26,0.26
BCPC,1988-04-20,0.28,0.3,0.28,0.3
BCPC,1988-04-21,0.28,0.28,0.27,0.28
BCPC,1988-04-22,0.28,0.3,0.26,0.3
BCPC,1988-04-25,0.3,0.3,0.3,0.3
BCPC,1988-04-26,0.27,0.27,0.27,0.27
BCPC,1988-04-27,0.27,0.27,0.27,0.27
BCPC,1988-04-28,0.28,0.29,0.28,0.28
BCPC,1988-04-29,0.27,0.27,0.26,0.26
BCPC,1988-05-02,0.26,0.26,0.25,0.26
BCPC,1988-05-03,0.26,0.26,0.26,0.26
BCPC,1988-05-04,0.26,0.26,0.25,0.26
BCPC,1988-05-05,0.26,0.26,0.26,0.26
BCPC,1988-05-06,0.24,0.24,0.23,0.23
BCPC,1988-05-09,0.23,0.23,0.22,0.23
BCPC,1988-05-10,0.23,0.23,0.23,0.23
BCPC,1988-05-11,0.22,0.22,0.22,0.22
BCPC,1988-05-12,0.2,0.2,0.2,0.2
BCPC,1988-05-13,0.22,0.22,0.22,0.22
BCPC,1988-05-16,0.22,0.24,0.2,0.2
BCPC,1988-05-17,0.21,0.23,0.21,0.21
BCPC,1988-05-18,0.21,0.22,0.2,0.22
BCPC,1988-05-19,0.22,0.22,0.22,0.22
BCPC,1988-05-20,0.22,0.24,0.22,0.24
BCPC,1988-05-23,0.24,0.24,0.24,0.24
BCPC,1988-05-24,0.24,0.24,0.24,0.24
BCPC,1988-05-25,0.22,0.22,0.22,0.22
BCPC,1988-05-26,0.22,0.22,0.22,0.22
BCPC,1988-05-27,0.22,0.22,0.22,0.22
BCPC,1988-05-31,0.22,0.22,0.22,0.22
BCPC,1988-06-01,0.23,0.23,0.23,0.23
BCPC,1988-06-02,0.22,0.22,0.22,0.22
BCPC,1988-06-03,0.22,0.22,0.22,0.22
BCPC,1988-06-06,0.22,0.22,0.22,0.22
BCPC,1988-06-07,0.22,0.22,0.22,0.22
BCPC,1988-06-08,0.2,0.2,0.2,0.2
BCPC,1988-06-09,0.21,0.21,0.21,0.21
BCPC,1988-06-10,0.21,0.21,0.21,0.21
BCPC,1988-06-13,0.21,0.21,0.21,0.21
BCPC,1988-06-14,0.21,0.21,0.21,0.21
BCPC,1988-06-15,0.21,0.21,0.21,0.21
BCPC,1988-06-16,0.21,0.21,0.21,0.21
BCPC,1988-06-17,0.21,0.21,0.21,0.21
BCPC,1988-06-20,0.2,0.2,0.18,0.2
BCPC,1988-06-21,0.2,0.2,0.2,0.2
BCPC,1988-06-22,0.2,0.2,0.2,0.2
BCPC,1988-06-23,0.2,0.21,0.19,0.19
BCPC,1988-06-24,0.19,0.19,0.19,0.19
BCPC,1988-06-27,0.2,0.21,0.2,0.21
BCPC,1988-06-28,0.21,0.21,0.21,0.21
BCPC,1988-06-29,0.21,0.21,0.2,0.2
BCPC,1988-06-30,0.2,0.21,0.2,0.21
BCPC,1988-07-01,0.21,0.21,0.21,0.21
BCPC,1988-07-05,0.21,0.21,0.21,0.21
BCPC,1988-07-06,0.2,0.2,0.19,0.19
BCPC,1988-07-07,0.19,0.19,0.19,0.19
BCPC,1988-07-08,0.18,0.18,0.18,0.18
BCPC,1988-07-11,0.18,0.2,0.18,0.18
BCPC,1988-07-12,0.18,0.19,0.18,0.18
BCPC,1988-07-13,0.18,0.18,0.18,0.18
BCPC,1988-07-14,0.19,0.2,0.19,0.2
BCPC,1988-07-15,0.19,0.19,0.18,0.18
BCPC,1988-07-18,0.2,0.2,0.2,0.2
BCPC,1988-07-19,0.2,0.2,0.18,0.2
BCPC,1988-07-20,0.2,0.2,0.2,0.2
BCPC,1988-07-21,0.2,0.2,0.2,0.2
BCPC,1988-07-22,0.2,0.21,0.2,0.2
BCPC,1988-07-25,0.21,0.21,0.21,0.21
BCPC,1988-07-26,0.21,0.21,0.21,0.21
BCPC,1988-07-27,0.19,0.19,0.19,0.19
BCPC,1988-07-28,0.19,0.19,0.19,0.19
BCPC,1988-07-29,0.19,0.19,0.19,0.19
BCPC,1988-08-01,0.21,0.22,0.21,0.21
BCPC,1988-08-02,0.21,0.21,0.21,0.21
BCPC,1988-08-03,0.22,0.22,0.22,0.22
BCPC,1988-08-04,0.22,0.22,0.21,0.21
BCPC,1988-08-05,0.21,0.21,0.21,0.21
BCPC,1988-08-08,0.22,0.22,0.22,0.22
BCPC,1988-08-09,0.22,0.22,0.22,0.22
BCPC,1988-08-10,0.22,0.22,0.21,0.21
BCPC,1988-08-11,0.21,0.22,0.21,0.21
BCPC,1988-08-12,0.21,0.22,0.21,0.22
BCPC,1988-08-15,0.21,0.21,0.21,0.21
BCPC,1988-08-16,0.21,0.21,0.21,0.21
BCPC,1988-08-17,0.21,0.21,0.21,0.21
BCPC,1988-08-18,0.21,0.21,0.21,0.21
BCPC,1988-08-19,0.22,0.22,0.22,0.22
BCPC,1988-08-22,0.22,0.22,0.22,0.22
BCPC,1988-08-23,0.2,0.2,0.2,0.2
BCPC,1988-08-24,0.22,0.22,0.22,0.22
BCPC,1988-08-25,0.22,0.22,0.22,0.22
BCPC,1988-08-26,0.21,0.21,0.21,0.21
BCPC,1988-08-29,0.22,0.22,0.22,0.22
BCPC,1988-08-30,0.22,0.22,0.22,0.22
BCPC,1988-08-31,0.22,0.22,0.21,0.21
BCPC,1988-09-01,0.21,0.21,0.21,0.21
BCPC,1988-09-02,0.21,0.22,0.21,0.22
BCPC,1988-09-06,0.23,0.23,0.23,0.23
BCPC,1988-09-07,0.23,0.23,0.23,0.23
BCPC,1988-09-08,0.22,0.22,0.22,0.22
BCPC,1988-09-09,0.22,0.22,0.22,0.22
BCPC,1988-09-12,0.22,0.22,0.22,0.22
BCPC,1988-09-13,0.22,0.22,0.22,0.22
BCPC,1988-09-14,0.24,0.24,0.24,0.24
BCPC,1988-09-15,0.25,0.27,0.25,0.27
BCPC,1988-09-16,0.27,0.29,0.26,0.28
BCPC,1988-09-19,0.28,0.28,0.26,0.28
BCPC,1988-09-20,0.28,0.28,0.28,0.28
BCPC,1988-09-21,0.27,0.27,0.27,0.27
BCPC,1988-09-22,0.27,0.27,0.27,0.27
BCPC,1988-09-23,0.26,0.26,0.26,0.26
BCPC,1988-09-26,0.26,0.26,0.26,0.26
BCPC,1988-09-27,0.26,0.26,0.26,0.26
BCPC,1988-09-28,0.26,0.26,0.26,0.26
BCPC,1988-09-29,0.26,0.28,0.26,0.26
BCPC,1988-09-30,0.26,0.26,0.26,0.26
BCPC,1988-10-03,0.27,0.27,0.27,0.27
BCPC,1988-10-04,0.26,0.26,0.26,0.26
BCPC,1988-10-05,0.27,0.27,0.27,0.27
BCPC,1988-10-06,0.27,0.27,0.27,0.27
BCPC,1988-10-07,0.27,0.27,0.27,0.27
BCPC,1988-10-10,0.25,0.25,0.24,0.24
BCPC,1988-10-11,0.24,0.24,0.24,0.24
BCPC,1988-10-12,0.24,0.24,0.24,0.24
BCPC,1988-10-13,0.24,0.24,0.22,0.22
BCPC,1988-10-14,0.23,0.23,0.23,0.23
BCPC,1988-10-17,0.23,0.23,0.23,0.23
BCPC,1988-10-18,0.21,0.21,0.21,0.21
BCPC,1988-10-19,0.22,0.24,0.22,0.24
BCPC,1988-10-20,0.24,0.24,0.24,0.24
BCPC,1988-10-21,0.24,0.24,0.24,0.24
BCPC,1988-10-24,0.24,0.24,0.24,0.24
BCPC,1988-10-25,0.23,0.23,0.23,0.23
BCPC,1988-10-26,0.23,0.24,0.22,0.24
BCPC,1988-10-27,0.24,0.24,0.24,0.24
BCPC,1988-10-28,0.24,0.24,0.24,0.24
BCPC,1988-10-31,0.24,0.24,0.24,0.24
BCPC,1988-11-01,0.24,0.24,0.24,0.24
BCPC,1988-11-02,0.22,0.22,0.22,0.22
BCPC,1988-11-03,0.22,0.22,0.22,0.22
BCPC,1988-11-04,0.22,0.22,0.22,0.22
BCPC,1988-11-07,0.22,0.22,0.22,0.22
BCPC,1988-11-08,0.2,0.2,0.19,0.2
BCPC,1988-11-09,0.2,0.2,0.2,0.2
BCPC,1988-11-10,0.2,0.2,0.2,0.2
BCPC,1988-11-11,0.2,0.2,0.2,0.2
BCPC,1988-11-14,0.2,0.2,0.2,0.2
BCPC,1988-11-15,0.2,0.2,0.2,0.2
BCPC,1988-11-16,0.22,0.22,0.22,0.22
BCPC,1988-11-17,0.22,0.22,0.22,0.22
BCPC,1988-11-18,0.22,0.22,0.22,0.22
BCPC,1988-11-21,0.21,0.21,0.21,0.21
BCPC,1988-11-22,0.22,0.22,0.22,0.22
BCPC,1988-11-23,0.22,0.22,0.22,0.22
BCPC,1988-11-25,0.22,0.22,0.22,0.22
BCPC,1988-11-28,0.22,0.22,0.22,0.22
BCPC,1988-11-29,0.24,0.24,0.24,0.24
BCPC,1988-11-30,0.24,0.24,0.24,0.24
BCPC,1988-12-01,0.22,0.22,0.22,0.22
BCPC,1988-12-02,0.22,0.22,0.22,0.22
BCPC,1988-12-05,0.22,0.22,0.22,0.22
BCPC,1988-12-06,0.22,0.22,0.22,0.22
BCPC,1988-12-07,0.21,0.21,0.21,0.21
BCPC,1988-12-08,0.21,0.21,0.21,0.21
BCPC,1988-12-09,0.22,0.22,0.22,0.22
BCPC,1988-12-12,0.22,0.24,0.2,0.24
BCPC,1988-12-13,0.24,0.24,0.24,0.24
BCPC,1988-12-14,0.22,0.22,0.22,0.22
BCPC,1988-12-15,0.22,0.22,0.22,0.22
BCPC,1988-12-16,0.22,0.22,0.22,0.22
BCPC,1988-12-19,0.22,0.23,0.22,0.22
BCPC,1988-12-20,0.22,0.22,0.22,0.22
BCPC,1988-12-21,0.22,0.22,0.22,0.22
BCPC,1988-12-22,0.21,0.21,0.21,0.21
BCPC,1988-12-23,0.21,0.22,0.21,0.21
BCPC,1988-12-27,0.22,0.24,0.22,0.22
BCPC,1988-12-28,0.22,0.22,0.22,0.22
BCPC,1988-12-29,0.22,0.22,0.22,0.22
BCPC,1988-12-30,0.22,0.23,0.22,0.23
BCPC,1989-01-03,0.22,0.22,0.22,0.22
BCPC,1989-01-04,0.24,0.24,0.24,0.24
BCPC,1989-01-05,0.24,0.24,0.24,0.24
BCPC,1989-01-06,0.22,0.22,0.22,0.22
BCPC,1989-01-09,0.22,0.22,0.22,0.22
BCPC,1989-01-10,0.22,0.22,0.22,0.22
BCPC,1989-01-11,0.24,0.24,0.24,0.24
BCPC,1989-01-12,0.23,0.23,0.23,0.23
BCPC,1989-01-13,0.23,0.23,0.23,0.23
BCPC,1989-01-16,0.24,0.24,0.24,0.24
BCPC,1989-01-17,0.24,0.24,0.24,0.24
BCPC,1989-01-18,0.22,0.22,0.22,0.22
BCPC,1989-01-19,0.22,0.22,0.22,0.22
BCPC,1989-01-20,0.22,0.22,0.22,0.22
BCPC,1989-01-23,0.22,0.22,0.22,0.22
BCPC,1989-01-24,0.22,0.22,0.22,0.22
BCPC,1989-01-25,0.22,0.22,0.22,0.22
BCPC,1989-01-26,0.23,0.23,0.23,0.23
BCPC,1989-01-27,0.22,0.22,0.22,0.22
BCPC,1989-01-30,0.22,0.22,0.22,0.22
BCPC,1989-01-31,0.23,0.24,0.23,0.24
BCPC,1989-02-01,0.24,0.24,0.24,0.24
BCPC,1989-02-02,0.24,0.24,0.24,0.24
BCPC,1989-02-03,0.24,0.24,0.24,0.24
BCPC,1989-02-06,0.24,0.24,0.24,0.24
BCPC,1989-02-07,0.24,0.24,0.24,0.24
BCPC,1989-02-08,0.24,0.24,0.24,0.24
BCPC,1989-02-09,0.24,0.24,0.24,0.24
BCPC,1989-02-10,0.24,0.24,0.24,0.24
BCPC,1989-02-13,0.26,0.26,0.26,0.26
BCPC,1989-02-14,0.26,0.26,0.26,0.26
BCPC,1989-02-15,0.25,0.25,0.25,0.25
BCPC,1989-02-16,0.25,0.25,0.25,0.25
BCPC,1989-02-17,0.26,0.26,0.26,0.26
BCPC,1989-02-21,0.26,0.28,0.26,0.28
BCPC,1989-02-22,0.26,0.26,0.26,0.26
BCPC,1989-02-23,0.26,0.26,0.24,0.25
BCPC,1989-02-24,0.26,0.26,0.26,0.26
BCPC,1989-02-27,0.24,0.24,0.24,0.24
BCPC,1989-02-28,0.24,0.24,0.24,0.24
BCPC,1989-03-01,0.24,0.24,0.24,0.24
BCPC,1989-03-02,0.24,0.24,0.24,0.24
BCPC,1989-03-03,0.24,0.24,0.24,0.24
BCPC,1989-03-06,0.24,0.24,0.24,0.24
BCPC,1989-03-07,0.24,0.24,0.24,0.24
BCPC,1989-03-08,0.24,0.24,0.24,0.24
BCPC,1989-03-09,0.24,0.24,0.24,0.24
BCPC,1989-03-10,0.24,0.24,0.24,0.24
BCPC,1989-03-13,0.24,0.24,0.24,0.24
BCPC,1989-03-14,0.24,0.24,0.24,0.24
BCPC,1989-03-15,0.24,0.24,0.24,0.24
BCPC,1989-03-16,0.24,0.24,0.24,0.24
BCPC,1989-03-17,0.26,0.26,0.26,0.26
BCPC,1989-03-20,0.26,0.26,0.26,0.26
BCPC,1989-03-21,0.26,0.26,0.25,0.26
BCPC,1989-03-22,0.26,0.26,0.26,0.26
BCPC,1989-03-23,0.26,0.26,0.26,0.26
BCPC,1989-03-27,0.26,0.26,0.26,0.26
BCPC,1989-03-28,0.26,0.26,0.26,0.26
BCPC,1989-03-29,0.25,0.25,0.25,0.25
BCPC,1989-03-30,0.25,0.25,0.25,0.25
BCPC,1989-03-31,0.24,0.24,0.24,0.24
BCPC,1989-04-03,0.26,0.27,0.26,0.27
BCPC,1989-04-04,0.27,0.27,0.25,0.25
BCPC,1989-04-05,0.25,0.25,0.25,0.25
BCPC,1989-04-06,0.25,0.25,0.25,0.25
BCPC,1989-04-07,0.25,0.25,0.25,0.25
BCPC,1989-04-10,0.25,0.25,0.25,0.25
BCPC,1989-04-11,0.25,0.25,0.25,0.25
BCPC,1989-04-12,0.25,0.26,0.25,0.26
BCPC,1989-04-13,0.24,0.24,0.24,0.24
BCPC,1989-04-14,0.24,0.24,0.24,0.24
BCPC,1989-04-17,0.24,0.24,0.24,0.24
BCPC,1989-04-18,0.24,0.24,0.24,0.24
BCPC,1989-04-19,0.22,0.22,0.22,0.22
BCPC,1989-04-20,0.22,0.22,0.22,0.22
BCPC,1989-04-21,0.22,0.22,0.22,0.22
BCPC,1989-04-24,0.22,0.22,0.22,0.22
BCPC,1989-04-25,0.26,0.26,0.26,0.26
BCPC,1989-04-26,0.26,0.26,0.26,0.26
BCPC,1989-04-27,0.26,0.26,0.26,0.26
BCPC,1989-04-28,0.25,0.25,0.25,0.25
BCPC,1989-05-01,0.25,0.25,0.25,0.25
BCPC,1989-05-02,0.24,0.24,0.24,0.24
BCPC,1989-05-03,0.24,0.24,0.23,0.23
BCPC,1989-05-04,0.23,0.23,0.23,0.23
BCPC,1989-05-05,0.24,0.24,0.24,0.24
BCPC,1989-05-08,0.24,0.24,0.24,0.24
BCPC,1989-05-09,0.24,0.24,0.24,0.24
BCPC,1989-05-10,0.24,0.24,0.24,0.24
BCPC,1989-05-11,0.24,0.26,0.23,0.26
BCPC,1989-05-12,0.26,0.26,0.26,0.26
BCPC,1989-05-15,0.23,0.23,0.23,0.23
BCPC,1989-05-16,0.23,0.23,0.23,0.23
BCPC,1989-05-17,0.24,0.26,0.24,0.26
BCPC,1989-05-18,0.26,0.26,0.24,0.26
BCPC,1989-05-19,0.26,0.26,0.26,0.26
BCPC,1989-05-22,0.26,0.26,0.24,0.26
BCPC,1989-05-23,0.24,0.24,0.24,0.24
BCPC,1989-05-24,0.24,0.26,0.24,0.26
BCPC,1989-05-25,0.26,0.26,0.26,0.26
BCPC,1989-05-26,0.26,0.26,0.26,0.26
BCPC,1989-05-30,0.26,0.26,0.26,0.26
BCPC,1989-05-31,0.24,0.24,0.24,0.24
BCPC,1989-06-01,0.24,0.24,0.24,0.24
BCPC,1989-06-02,0.24,0.24,0.24,0.24
BCPC,1989-06-05,0.24,0.24,0.24,0.24
BCPC,1989-06-06,0.24,0.24,0.24,0.24
BCPC,1989-06-07,0.24,0.24,0.24,0.24
BCPC,1989-06-08,0.24,0.24,0.24,0.24
BCPC,1989-06-09,0.24,0.24,0.24,0.24
BCPC,1989-06-12,0.24,0.24,0.24,0.24
BCPC,1989-06-13,0.24,0.24,0.24,0.24
BCPC,1989-06-14,0.24,0.24,0.24,0.24
BCPC,1989-06-15,0.24,0.24,0.24,0.24
BCPC,1989-06-16,0.24,0.24,0.24,0.24
BCPC,1989-06-19,0.24,0.24,0.24,0.24
BCPC,1989-06-20,0.24,0.24,0.24,0.24
BCPC,1989-06-21,0.24,0.25,0.24,0.24
BCPC,1989-06-22,0.24,0.24,0.24,0.24
BCPC,1989-06-23,0.24,0.24,0.24,0.24
BCPC,1989-06-26,0.24,0.24,0.24,0.24
BCPC,1989-06-27,0.24,0.24,0.24,0.24
BCPC,1989-06-28,0.24,0.24,0.24,0.24
BCPC,1989-06-29,0.23,0.23,0.22,0.22
BCPC,1989-06-30,0.22,0.22,0.22,0.22
BCPC,1989-07-03,0.22,0.22,0.22,0.22
BCPC,1989-07-05,0.22,0.22,0.22,0.22
BCPC,1989-07-06,0.22,0.22,0.22,0.22
BCPC,1989-07-07,0.23,0.23,0.23,0.23
BCPC,1989-07-10,0.23,0.23,0.23,0.23
BCPC,1989-07-11,0.23,0.23,0.23,0.23
BCPC,1989-07-12,0.23,0.23,0.23,0.23
BCPC,1989-07-13,0.24,0.24,0.24,0.24
BCPC,1989-07-14,0.24,0.24,0.24,0.24
BCPC,1989-07-17,0.24,0.24,0.24,0.24
BCPC,1989-07-18,0.24,0.24,0.24,0.24
BCPC,1989-07-19,0.24,0.24,0.24,0.24
BCPC,1989-07-20,0.24,0.24,0.24,0.24
BCPC,1989-07-21,0.26,0.26,0.26,0.26
BCPC,1989-07-24,0.24,0.24,0.24,0.24
BCPC,1989-07-25,0.24,0.25,0.24,0.25
BCPC,1989-07-26,0.24,0.24,0.24,0.24
BCPC,1989-07-27,0.24,0.24,0.24,0.24
BCPC,1989-07-28,0.24,0.25,0.24,0.25
BCPC,1989-07-31,0.25,0.25,0.25,0.25
BCPC,1989-08-01,0.25,0.25,0.25,0.25
BCPC,1989-08-02,0.24,0.24,0.24,0.24
BCPC,1989-08-03,0.24,0.24,0.24,0.24
BCPC,1989-08-04,0.24,0.24,0.24,0.24
BCPC,1989-08-07,0.24,0.24,0.24,0.24
BCPC,1989-08-08,0.24,0.24,0.24,0.24
BCPC,1989-08-09,0.24,0.24,0.21,0.21
BCPC,1989-08-10,0.21,0.24,0.21,0.24
BCPC,1989-08-11,0.24,0.24,0.24,0.24
BCPC,1989-08-14,0.21,0.21,0.21,0.21
BCPC,1989-08-15,0.21,0.21,0.21,0.21
BCPC,1989-08-16,0.21,0.21,0.21,0.21
BCPC,1989-08-17,0.22,0.22,0.22,0.22
BCPC,1989-08-18,0.22,0.22,0.22,0.22
BCPC,1989-08-21,0.21,0.21,0.21,0.21
BCPC,1989-08-22,0.21,0.21,0.21,0.21
BCPC,1989-08-23,0.21,0.21,0.21,0.21
BCPC,1989-08-24,0.21,0.21,0.21,0.21
BCPC,1989-08-25,0.21,0.21,0.21,0.21
BCPC,1989-08-28,0.21,0.21,0.21,0.21
BCPC,1989-08-29,0.21,0.22,0.18,0.22
BCPC,1989-08-30,0.21,0.21,0.19,0.21
BCPC,1989-08-31,0.18,0.18,0.18,0.18
BCPC,1989-09-01,0.18,0.18,0.18,0.18
BCPC,1989-09-05,0.21,0.21,0.21,0.21
BCPC,1989-09-06,0.2,0.2,0.19,0.2
BCPC,1989-09-07,0.2,0.2,0.19,0.2
BCPC,1989-09-08,0.19,0.19,0.19,0.19
BCPC,1989-09-11,0.19,0.19,0.19,0.19
BCPC,1989-09-12,0.2,0.21,0.2,0.21
BCPC,1989-09-13,0.21,0.21,0.21,0.21
BCPC,1989-09-14,0.21,0.22,0.21,0.22
BCPC,1989-09-15,0.22,0.22,0.22,0.22
BCPC,1989-09-18,0.22,0.22,0.22,0.22
BCPC,1989-09-19,0.22,0.22,0.22,0.22
BCPC,1989-09-20,0.22,0.22,0.22,0.22
BCPC,1989-09-21,0.22,0.22,0.22,0.22
BCPC,1989-09-22,0.21,0.21,0.19,0.2
BCPC,1989-09-25,0.2,0.2,0.2,0.2
BCPC,1989-09-26,0.2,0.2,0.2,0.2
BCPC,1989-09-27,0.21,0.21,0.21,0.21
BCPC,1989-09-28,0.21,0.21,0.21,0.21
BCPC,1989-09-29,0.21,0.21,0.21,0.21
BCPC,1989-10-02,0.21,0.21,0.21,0.21
BCPC,1989-10-03,0.21,0.21,0.21,0.21
BCPC,1989-10-04,0.18,0.18,0.18,0.18
BCPC,1989-10-05,0.18,0.18,0.18,0.18
BCPC,1989-10-06,0.18,0.2,0.18,0.18
BCPC,1989-10-09,0.2,0.2,0.2,0.2
BCPC,1989-10-10,0.2,0.2,0.2,0.2
BCPC,1989-10-11,0.2,0.2,0.2,0.2
BCPC,1989-10-12,0.2,0.2,0.2,0.2
BCPC,1989-10-13,0.2,0.2,0.2,0.2
BCPC,1989-10-16,0.2,0.2,0.2,0.2
BCPC,1989-10-17,0.2,0.2,0.2,0.2
BCPC,1989-10-18,0.18,0.18,0.18,0.18
BCPC,1989-10-19,0.18,0.18,0.18,0.18
BCPC,1989-10-20,0.18,0.18,0.18,0.18
BCPC,1989-10-23,0.18,0.2,0.17,0.18
BCPC,1989-10-24,0.18,0.18,0.18,0.18
BCPC,1989-10-25,0.18,0.18,0.18,0.18
BCPC,1989-10-26,0.18,0.18,0.14,0.18
BCPC,1989-10-27,0.18,0.18,0.18,0.18
BCPC,1989-10-30,0.14,0.14,0.14,0.14
BCPC,1989-10-31,0.14,0.14,0.14,0.14
BCPC,1989-11-01,0.16,0.18,0.16,0.17
BCPC,1989-11-02,0.17,0.19,0.16,0.19
BCPC,1989-11-03,0.19,0.19,0.19,0.19
BCPC,1989-11-06,0.16,0.16,0.16,0.16
BCPC,1989-11-07,0.17,0.18,0.17,0.17
BCPC,1989-11-08,0.17,0.17,0.17,0.17
BCPC,1989-11-09,0.17,0.17,0.17,0.17
BCPC,1989-11-10,0.17,0.17,0.17,0.17
BCPC,1989-11-13,0.18,0.18,0.18,0.18
BCPC,1989-11-14,0.18,0.18,0.18,0.18
BCPC,1989-11-15,0.16,0.16,0.16,0.16
BCPC,1989-11-16,0.16,0.16,0.15,0.16
BCPC,1989-11-17,0.16,0.16,0.16,0.16
BCPC,1989-11-20,0.16,0.16,0.16,0.16
BCPC,1989-11-21,0.16,0.16,0.16,0.16
BCPC,1989-11-22,0.16,0.16,0.13,0.14
BCPC,1989-11-24,0.13,0.13,0.13,0.13
BCPC,1989-11-27,0.16,0.16,0.16,0.16
BCPC,1989-11-28,0.16,0.16,0.14,0.14
BCPC,1989-11-29,0.14,0.14,0.14,0.14
BCPC,1989-11-30,0.14,0.14,0.14,0.14
BCPC,1989-12-01,0.16,0.16,0.16,0.16
BCPC,1989-12-04,0.16,0.16,0.16,0.16
BCPC,1989-12-05,0.16,0.16,0.16,0.16
BCPC,1989-12-06,0.14,0.14,0.14,0.14
BCPC,1989-12-07,0.14,0.14,0.14,0.14
BCPC,1989-12-08,0.14,0.14,0.14,0.14
BCPC,1989-12-11,0.14,0.16,0.14,0.14
BCPC,1989-12-12,0.14,0.15,0.14,0.14
BCPC,1989-12-13,0.14,0.15,0.14,0.14
BCPC,1989-12-14,0.15,0.15,0.15,0.15
BCPC,1989-12-15,0.15,0.15,0.14,0.15
BCPC,1989-12-18,0.14,0.14,0.14,0.14
BCPC,1989-12-19,0.14,0.16,0.14,0.16
BCPC,1989-12-20,0.16,0.16,0.15,0.16
BCPC,1989-12-21,0.16,0.16,0.16,0.16
BCPC,1989-12-22,0.16,0.16,0.16,0.16
BCPC,1989-12-26,0.16,0.16,0.16,0.16
BCPC,1989-12-27,0.16,0.16,0.16,0.16
BCPC,1989-12-28,0.16,0.16,0.16,0.16
BCPC,1989-12-29,0.16,0.16,0.16,0.16
BCPC,1990-01-02,0.16,0.16,0.16,0.16
BCPC,1990-01-03,0.16,0.17,0.16,0.17
BCPC,1990-01-04,0.17,0.17,0.17,0.17
BCPC,1990-01-05,0.17,0.17,0.17,0.17
BCPC,1990-01-08,0.17,0.17,0.17,0.17
BCPC,1990-01-09,0.17,0.17,0.17,0.17
BCPC,1990-01-10,0.17,0.17,0.16,0.17
BCPC,1990-01-11,0.16,0.16,0.16,0.16
BCPC,1990-01-12,0.16,0.16,0.16,0.16
BCPC,1990-01-15,0.16,0.16,0.16,0.16
BCPC,1990-01-16,0.16,0.16,0.16,0.16
BCPC,1990-01-17,0.16,0.18,0.16,0.18
BCPC,1990-01-18,0.16,0.16,0.16,0.16
BCPC,1990-01-19,0.18,0.18,0.18,0.18
BCPC,1990-01-22,0.18,0.18,0.18,0.18
BCPC,1990-01-23,0.19,0.19,0.19,0.19
BCPC,1990-01-24,0.19,0.19,0.19,0.19
BCPC,1990-01-25,0.19,0.19,0.19,0.19
BCPC,1990-01-26,0.17,0.17,0.17,0.17
BCPC,1990-01-29,0.17,0.17,0.17,0.17
BCPC,1990-01-30,0.17,0.17,0.17,0.17
BCPC,1990-01-31,0.18,0.18,0.18,0.18
BCPC,1990-02-01,0.17,0.17,0.17,0.17
BCPC,1990-02-02,0.17,0.17,0.17,0.17
BCPC,1990-02-05,0.18,0.22,0.18,0.18
BCPC,1990-02-06,0.2,0.22,0.2,0.22
BCPC,1990-02-07,0.22,0.22,0.22,0.22
BCPC,1990-02-08,0.22,0.22,0.22,0.22
BCPC,1990-02-09,0.22,0.22,0.22,0.22
BCPC,1990-02-12,0.22,0.22,0.22,0.22
BCPC,1990-02-13,0.22,0.22,0.22,0.22
BCPC,1990-02-14,0.2,0.2,0.2,0.2
BCPC,1990-02-15,0.2,0.2,0.2,0.2
BCPC,1990-02-16,0.2,0.2,0.2,0.2
BCPC,1990-02-20,0.23,0.23,0.23,0.23
BCPC,1990-02-21,0.21,0.21,0.21,0.21
BCPC,1990-02-22,0.21,0.21,0.21,0.21
BCPC,1990-02-23,0.21,0.21,0.21,0.21
BCPC,1990-02-26,0.21,0.21,0.21,0.21
BCPC,1990-02-27,0.21,0.21,0.21,0.21
BCPC,1990-02-28,0.21,0.21,0.21,0.21
BCPC,1990-03-01,0.21,0.21,0.21,0.21
BCPC,1990-03-02,0.21,0.21,0.21,0.21
BCPC,1990-03-05,0.21,0.21,0.21,0.21
BCPC,1990-03-06,0.21,0.21,0.21,0.21
BCPC,1990-03-07,0.21,0.21,0.21,0.21
BCPC,1990-03-08,0.21,0.21,0.21,0.21
BCPC,1990-03-09,0.21,0.21,0.21,0.21
BCPC,1990-03-12,0.21,0.21,0.21,0.21
BCPC,1990-03-13,0.21,0.21,0.21,0.21
BCPC,1990-03-14,0.21,0.21,0.21,0.21
BCPC,1990-03-15,0.21,0.21,0.21,0.21
BCPC,1990-03-16,0.21,0.21,0.21,0.21
BCPC,1990-03-19,0.21,0.21,0.21,0.21
BCPC,1990-03-20,0.22,0.23,0.22,0.22
BCPC,1990-03-21,0.22,0.22,0.21,0.22
BCPC,1990-03-22,0.23,0.23,0.23,0.23
BCPC,1990-03-23,0.23,0.23,0.23,0.23
BCPC,1990-03-26,0.21,0.21,0.21,0.21
BCPC,1990-03-27,0.21,0.21,0.21,0.21
BCPC,1990-03-28,0.21,0.21,0.21,0.21
BCPC,1990-03-29,0.21,0.21,0.21,0.21
BCPC,1990-03-30,0.21,0.21,0.21,0.21
BCPC,1990-04-02,0.21,0.21,0.21,0.21
BCPC,1990-04-03,0.21,0.21,0.21,0.21
BCPC,1990-04-04,0.21,0.21,0.21,0.21
BCPC,1990-04-05,0.21,0.21,0.21,0.21
BCPC,1990-04-06,0.21,0.23,0.21,0.21
BCPC,1990-04-09,0.21,0.21,0.21,0.21
BCPC,1990-04-10,0.21,0.21,0.21,0.21
BCPC,1990-04-11,0.21,0.21,0.21,0.21
BCPC,1990-04-12,0.21,0.21,0.21,0.21
BCPC,1990-04-16,0.21,0.21,0.21,0.21
BCPC,1990-04-17,0.21,0.21,0.21,0.21
BCPC,1990-04-18,0.21,0.21,0.21,0.21
BCPC,1990-04-19,0.21,0.21,0.21,0.21
BCPC,1990-04-20,0.21,0.21,0.21,0.21
BCPC,1990-04-23,0.21,0.21,0.21,0.21
BCPC,1990-04-24,0.21,0.21,0.21,0.21
BCPC,1990-04-25,0.21,0.21,0.21,0.21
BCPC,1990-04-26,0.21,0.21,0.21,0.21
BCPC,1990-04-27,0.21,0.21,0.21,0.21
BCPC,1990-04-30,0.23,0.23,0.23,0.23
BCPC,1990-05-01,0.23,0.23,0.23,0.23
BCPC,1990-05-02,0.22,0.22,0.2,0.22
BCPC,1990-05-03,0.22,0.22,0.22,0.22
BCPC,1990-05-04,0.22,0.22,0.22,0.22
BCPC,1990-05-07,0.22,0.22,0.22,0.22
BCPC,1990-05-08,0.22,0.22,0.22,0.22
BCPC,1990-05-09,0.22,0.22,0.22,0.22
BCPC,1990-05-10,0.22,0.22,0.22,0.22
BCPC,1990-05-11,0.22,0.22,0.22,0.22
BCPC,1990-05-14,0.22,0.22,0.22,0.22
BCPC,1990-05-15,0.21,0.21,0.21,0.21
BCPC,1990-05-16,0.21,0.21,0.21,0.21
BCPC,1990-05-17,0.21,0.21,0.21,0.21
BCPC,1990-05-18,0.21,0.21,0.21,0.21
BCPC,1990-05-21,0.21,0.22,0.21,0.22
BCPC,1990-05-22,0.22,0.22,0.22,0.22
BCPC,1990-05-23,0.22,0.22,0.22,0.22
BCPC,1990-05-24,0.22,0.22,0.22,0.22
BCPC,1990-05-25,0.22,0.23,0.22,0.23
BCPC,1990-05-29,0.23,0.23,0.23,0.23
BCPC,1990-05-30,0.22,0.22,0.22,0.22
BCPC,1990-05-31,0.22,0.22,0.22,0.22
BCPC,1990-06-01,0.22,0.22,0.22,0.22
BCPC,1990-06-04,0.22,0.22,0.22,0.22
BCPC,1990-06-05,0.22,0.22,0.22,0.22
BCPC,1990-06-06,0.22,0.24,0.22,0.22
BCPC,1990-06-07,0.22,0.22,0.22,0.22
BCPC,1990-06-08,0.22,0.22,0.22,0.22
BCPC,1990-06-11,0.23,0.23,0.23,0.23
BCPC,1990-06-12,0.22,0.22,0.22,0.22
BCPC,1990-06-13,0.22,0.22,0.22,0.22
BCPC,1990-06-14,0.22,0.23,0.22,0.23
BCPC,1990-06-15,0.23,0.23,0.23,0.23
BCPC,1990-06-18,0.23,0.23,0.23,0.23
BCPC,1990-06-19,0.23,0.23,0.23,0.23
BCPC,1990-06-20,0.23,0.23,0.23,0.23
BCPC,1990-06-21,0.23,0.23,0.23,0.23
BCPC,1990-06-22,0.23,0.23,0.23,0.23
BCPC,1990-06-25,0.23,0.24,0.23,0.24
BCPC,1990-06-26,0.24,0.24,0.24,0.24
BCPC,1990-06-27,0.24,0.24,0.24,0.24
BCPC,1990-06-28,0.24,0.24,0.24,0.24
BCPC,1990-06-29,0.24,0.26,0.23,0.26
BCPC,1990-07-02,0.26,0.28,0.26,0.26
BCPC,1990-07-03,0.26,0.26,0.26,0.26
BCPC,1990-07-05,0.26,0.26,0.26,0.26
BCPC,1990-07-06,0.26,0.26,0.26,0.26
BCPC,1990-07-09,0.26,0.26,0.26,0.26
BCPC,1990-07-10,0.26,0.26,0.26,0.26
BCPC,1990-07-11,0.26,0.26,0.26,0.26
BCPC,1990-07-12,0.26,0.26,0.26,0.26
BCPC,1990-07-13,0.26,0.26,0.26,0.26
BCPC,1990-07-16,0.26,0.27,0.26,0.26
BCPC,1990-07-17,0.26,0.26,0.26,0.26
BCPC,1990-07-18,0.27,0.27,0.27,0.27
BCPC,1990-07-19,0.27,0.27,0.27,0.27
BCPC,1990-07-20,0.27,0.27,0.26,0.26
BCPC,1990-07-23,0.26,0.26,0.26,0.26
BCPC,1990-07-24,0.25,0.25,0.25,0.25
BCPC,1990-07-25,0.25,0.26,0.25,0.25
BCPC,1990-07-26,0.25,0.25,0.25,0.25
BCPC,1990-07-27,0.25,0.25,0.25,0.25
BCPC,1990-07-30,0.25,0.25,0.25,0.25
BCPC,1990-07-31,0.25,0.26,0.25,0.25
BCPC,1990-08-01,0.25,0.25,0.24,0.25
BCPC,1990-08-02,0.25,0.25,0.25,0.25
BCPC,1990-08-03,0.26,0.26,0.26,0.26
BCPC,1990-08-06,0.26,0.26,0.26,0.26
BCPC,1990-08-07,0.25,0.25,0.25,0.25
BCPC,1990-08-08,0.25,0.25,0.25,0.25
BCPC,1990-08-09,0.24,0.24,0.24,0.24
BCPC,1990-08-10,0.24,0.24,0.24,0.24
BCPC,1990-08-13,0.24,0.24,0.24,0.24
BCPC,1990-08-14,0.24,0.24,0.24,0.24
BCPC,1990-08-15,0.24,0.24,0.24,0.24
BCPC,1990-08-16,0.24,0.24,0.24,0.24
BCPC,1990-08-17,0.24,0.24,0.24,0.24
BCPC,1990-08-20,0.24,0.24,0.24,0.24
BCPC,1990-08-21,0.24,0.24,0.24,0.24
BCPC,1990-08-22,0.24,0.24,0.24,0.24
BCPC,1990-08-23,0.23,0.23,0.23,0.23
BCPC,1990-08-24,0.22,0.22,0.22,0.22
BCPC,1990-08-27,0.22,0.24,0.22,0.24
BCPC,1990-08-28,0.22,0.22,0.22,0.22
BCPC,1990-08-29,0.22,0.22,0.22,0.22
BCPC,1990-08-30,0.23,0.23,0.23,0.23
BCPC,1990-08-31,0.23,0.23,0.23,0.23
BCPC,1990-09-04,0.24,0.24,0.24,0.24
BCPC,1990-09-05,0.24,0.24,0.24,0.24
BCPC,1990-09-06,0.22,0.22,0.22,0.22
BCPC,1990-09-07,0.22,0.22,0.22,0.22
BCPC,1990-09-10,0.22,0.22,0.22,0.22
BCPC,1990-09-11,0.22,0.22,0.22,0.22
BCPC,1990-09-12,0.22,0.22,0.22,0.22
BCPC,1990-09-13,0.22,0.22,0.22,0.22
BCPC,1990-09-14,0.22,0.22,0.22,0.22
BCPC,1990-09-17,0.22,0.22,0.21,0.22
BCPC,1990-09-18,0.22,0.22,0.21,0.21
BCPC,1990-09-19,0.21,0.21,0.21,0.21
BCPC,1990-09-20,0.21,0.21,0.21,0.21
BCPC,1990-09-21,0.22,0.22,0.22,0.22
BCPC,1990-09-24,0.22,0.22,0.22,0.22
BCPC,1990-09-25,0.22,0.22,0.22,0.22
BCPC,1990-09-26,0.21,0.21,0.21,0.21
BCPC,1990-09-27,0.21,0.21,0.21,0.21
BCPC,1990-09-28,0.21,0.21,0.21,0.21
BCPC,1990-10-01,0.2,0.2,0.2,0.2
BCPC,1990-10-02,0.2,0.2,0.2,0.2
BCPC,1990-10-03,0.2,0.2,0.2,0.2
BCPC,1990-10-04,0.2,0.2,0.2,0.2
BCPC,1990-10-05,0.2,0.2,0.2,0.2
BCPC,1990-10-08,0.2,0.2,0.2,0.2
BCPC,1990-10-09,0.2,0.21,0.2,0.21
BCPC,1990-10-10,0.21,0.21,0.21,0.21
BCPC,1990-10-11,0.21,0.21,0.21,0.21
BCPC,1990-10-12,0.21,0.21,0.21,0.21
BCPC,1990-10-15,0.21,0.21,0.21,0.21
BCPC,1990-10-16,0.21,0.21,0.21,0.21
BCPC,1990-10-17,0.21,0.21,0.21,0.21
BCPC,1990-10-18,0.2,0.2,0.2,0.2
BCPC,1990-10-19,0.2,0.2,0.2,0.2
BCPC,1990-10-22,0.2,0.2,0.2,0.2
BCPC,1990-10-23,0.2,0.2,0.2,0.2
BCPC,1990-10-24,0.2,0.2,0.2,0.2
BCPC,1990-10-25,0.2,0.2,0.2,0.2
BCPC,1990-10-26,0.2,0.2,0.2,0.2
BCPC,1990-10-29,0.2,0.2,0.2,0.2
BCPC,1990-10-30,0.2,0.2,0.2,0.2
BCPC,1990-10-31,0.2,0.2,0.2,0.2
BCPC,1990-11-01,0.2,0.2,0.2,0.2
BCPC,1990-11-02,0.22,0.23,0.22,0.22
BCPC,1990-11-05,0.22,0.22,0.22,0.22
BCPC,1990-11-06,0.22,0.23,0.2,0.21
BCPC,1990-11-07,0.21,0.21,0.21,0.21
BCPC,1990-11-08,0.21,0.23,0.21,0.23
BCPC,1990-11-09,0.23,0.23,0.23,0.23
BCPC,1990-11-12,0.22,0.22,0.22,0.22
BCPC,1990-11-13,0.22,0.22,0.22,0.22
BCPC,1990-11-14,0.22,0.22,0.22,0.22
BCPC,1990-11-15,0.22,0.22,0.22,0.22
BCPC,1990-11-16,0.22,0.22,0.22,0.22
BCPC,1990-11-19,0.22,0.22,0.22,0.22
BCPC,1990-11-20,0.22,0.22,0.22,0.22
BCPC,1990-11-21,0.22,0.22,0.22,0.22
BCPC,1990-11-23,0.22,0.22,0.22,0.22
BCPC,1990-11-26,0.22,0.22,0.22,0.22
BCPC,1990-11-27,0.22,0.22,0.22,0.22
BCPC,1990-11-28,0.22,0.22,0.22,0.22
BCPC,1990-11-29,0.22,0.22,0.22,0.22
BCPC,1990-11-30,0.22,0.22,0.22,0.22
BCPC,1990-12-03,0.22,0.22,0.22,0.22
BCPC,1990-12-04,0.22,0.22,0.22,0.22
BCPC,1990-12-05,0.22,0.22,0.22,0.22
BCPC,1990-12-06,0.22,0.22,0.22,0.22
BCPC,1990-12-07,0.22,0.22,0.22,0.22
BCPC,1990-12-10,0.22,0.22,0.22,0.22
BCPC,1990-12-11,0.22,0.22,0.22,0.22
BCPC,1990-12-12,0.23,0.23,0.23,0.23
BCPC,1990-12-13,0.23,0.23,0.23,0.23
BCPC,1990-12-14,0.24,0.24,0.24,0.24
BCPC,1990-12-17,0.25,0.25,0.25,0.25
BCPC,1990-12-18,0.25,0.27,0.25,0.25
BCPC,1990-12-19,0.25,0.25,0.25,0.25
BCPC,1990-12-20,0.28,0.28,0.28,0.28
BCPC,1990-12-21,0.28,0.28,0.28,0.28
BCPC,1990-12-24,0.3,0.3,0.3,0.3
BCPC,1990-12-26,0.3,0.3,0.3,0.3
BCPC,1990-12-27,0.3,0.3,0.28,0.28
BCPC,1990-12-28,0.28,0.28,0.28,0.28
BCPC,1990-12-31,0.28,0.28,0.28,0.28
BCPC,1991-01-02,0.28,0.29,0.26,0.26
BCPC,1991-01-03,0.26,0.26,0.26,0.26
BCPC,1991-01-04,0.26,0.26,0.26,0.26
BCPC,1991-01-07,0.26,0.26,0.26,0.26
BCPC,1991-01-08,0.26,0.26,0.26,0.26
BCPC,1991-01-09,0.26,0.26,0.26,0.26
BCPC,1991-01-10,0.26,0.26,0.26,0.26
BCPC,1991-01-11,0.26,0.26,0.26,0.26
BCPC,1991-01-14,0.26,0.26,0.26,0.26
BCPC,1991-01-15,0.26,0.26,0.26,0.26
BCPC,1991-01-16,0.26,0.26,0.26,0.26
BCPC,1991-01-17,0.26,0.26,0.26,0.26
BCPC,1991-01-18,0.28,0.28,0.28,0.28
BCPC,1991-01-21,0.26,0.26,0.26,0.26
BCPC,1991-01-22,0.28,0.28,0.28,0.28
BCPC,1991-01-23,0.28,0.28,0.28,0.28
BCPC,1991-01-24,0.28,0.28,0.28,0.28
BCPC,1991-01-25,0.28,0.28,0.28,0.28
BCPC,1991-01-28,0.28,0.28,0.28,0.28
BCPC,1991-01-29,0.28,0.28,0.28,0.28
BCPC,1991-01-30,0.28,0.28,0.28,0.28
BCPC,1991-01-31,0.28,0.28,0.28,0.28
BCPC,1991-02-01,0.28,0.28,0.28,0.28
BCPC,1991-02-04,0.28,0.29,0.28,0.28
BCPC,1991-02-05,0.26,0.26,0.25,0.26
BCPC,1991-02-06,0.26,0.26,0.26,0.26
BCPC,1991-02-07,0.26,0.27,0.26,0.26
BCPC,1991-02-08,0.26,0.3,0.26,0.3
BCPC,1991-02-11,0.3,0.3,0.28,0.3
BCPC,1991-02-12,0.33,0.35,0.33,0.33
BCPC,1991-02-13,0.33,0.35,0.3,0.3
BCPC,1991-02-14,0.3,0.3,0.3,0.3
BCPC,1991-02-15,0.3,0.3,0.3,0.3
BCPC,1991-02-19,0.3,0.3,0.3,0.3
BCPC,1991-02-20,0.3,0.3,0.3,0.3
BCPC,1991-02-21,0.35,0.35,0.35,0.35
BCPC,1991-02-22,0.35,0.35,0.35,0.35
BCPC,1991-02-25,0.3,0.3,0.3,0.3
BCPC,1991-02-26,0.3,0.3,0.3,0.3
BCPC,1991-02-27,0.3,0.32,0.3,0.32
BCPC,1991-02-28,0.3,0.3,0.3,0.3
BCPC,1991-03-01,0.3,0.3,0.3,0.3
BCPC,1991-03-04,0.3,0.3,0.3,0.3
BCPC,1991-03-05,0.3,0.3,0.3,0.3
BCPC,1991-03-06,0.3,0.3,0.3,0.3
BCPC,1991-03-07,0.3,0.3,0.3,0.3
BCPC,1991-03-08,0.32,0.32,0.32,0.32
BCPC,1991-03-11,0.32,0.32,0.32,0.32
BCPC,1991-03-12,0.31,0.31,0.31,0.31
BCPC,1991-03-13,0.33,0.4,0.33,0.39
BCPC,1991-03-14,0.39,0.46,0.38,0.46
BCPC,1991-03-15,0.46,0.5,0.41,0.49
BCPC,1991-03-18,0.47,0.47,0.43,0.43
BCPC,1991-03-19,0.43,0.44,0.41,0.41
BCPC,1991-03-20,0.41,0.44,0.41,0.44
BCPC,1991-03-21,0.44,0.44,0.43,0.43
BCPC,1991-03-22,0.44,0.44,0.44,0.44
BCPC,1991-03-25,0.44,0.48,0.43,0.45
BCPC,1991-03-26,0.45,0.48,0.45,0.47
BCPC,1991-03-27,0.47,0.54,0.46,0.51
BCPC,1991-03-28,0.51,0.55,0.48,0.48
BCPC,1991-04-01,0.48,0.52,0.45,0.46
BCPC,1991-04-02,0.46,0.51,0.44,0.51
BCPC,1991-04-03,0.51,0.53,0.48,0.49
BCPC,1991-04-04,0.49,0.49,0.48,0.48
BCPC,1991-04-05,0.48,0.48,0.48,0.48
BCPC,1991-04-08,0.48,0.48,0.44,0.47
BCPC,1991-04-09,0.48,0.48,0.48,0.48
BCPC,1991-04-10,0.48,0.48,0.48,0.48
BCPC,1991-04-11,0.48,0.48,0.48,0.48
BCPC,1991-04-12,0.44,0.44,0.44,0.44
BCPC,1991-04-15,0.44,0.49,0.44,0.48
BCPC,1991-04-16,0.5,0.54,0.5,0.52
BCPC,1991-04-17,0.52,0.53,0.5,0.53
BCPC,1991-04-18,0.51,0.51,0.51,0.51
BCPC,1991-04-19,0.51,0.52,0.48,0.52
BCPC,1991-04-22,0.51,0.51,0.47,0.5
BCPC,1991-04-23,0.48,0.48,0.47,0.48
BCPC,1991-04-24,0.46,0.46,0.46,0.46
BCPC,1991-04-25,0.46,0.49,0.45,0.48
BCPC,1991-04-26,0.48,0.48,0.44,0.45
BCPC,1991-04-29,0.45,0.45,0.45,0.45
BCPC,1991-04-30,0.46,0.51,0.46,0.47
BCPC,1991-05-01,0.47,0.49,0.47,0.47
BCPC,1991-05-02,0.49,0.55,0.49,0.53
BCPC,1991-05-03,0.53,0.56,0.48,0.48
BCPC,1991-05-06,0.49,0.51,0.49,0.51
BCPC,1991-05-07,0.51,0.54,0.49,0.51
BCPC,1991-05-08,0.49,0.49,0.46,0.49
BCPC,1991-05-09,0.48,0.48,0.48,0.48
BCPC,1991-05-10,0.49,0.49,0.49,0.49
BCPC,1991-05-13,0.49,0.49,0.49,0.49
BCPC,1991-05-14,0.49,0.49,0.49,0.49
BCPC,1991-05-15,0.49,0.49,0.49,0.49
BCPC,1991-05-16,0.43,0.43,0.43,0.43
BCPC,1991-05-17,0.48,0.48,0.48,0.48
BCPC,1991-05-20,0.48,0.48,0.48,0.48
BCPC,1991-05-21,0.44,0.44,0.44,0.44
BCPC,1991-05-22,0.44,0.44,0.44,0.44
BCPC,1991-05-23,0.48,0.49,0.48,0.49
BCPC,1991-05-24,0.49,0.49,0.46,0.46
BCPC,1991-05-28,0.51,0.52,0.51,0.51
BCPC,1991-05-29,0.46,0.46,0.46,0.46
BCPC,1991-05-30,0.49,0.54,0.49,0.54
BCPC,1991-05-31,0.54,0.54,0.49,0.51
BCPC,1991-06-03,0.51,0.56,0.51,0.54
BCPC,1991-06-04,0.54,0.54,0.53,0.54
BCPC,1991-06-05,0.56,0.58,0.56,0.58
BCPC,1991-06-06,0.58,0.64,0.56,0.63
BCPC,1991-06-07,0.63,0.66,0.61,0.61
BCPC,1991-06-10,0.66,0.66,0.66,0.66
BCPC,1991-06-11,0.66,0.69,0.64,0.69
BCPC,1991-06-12,0.69,0.69,0.69,0.69
BCPC,1991-06-13,0.69,0.69,0.64,0.64
BCPC,1991-06-14,0.64,0.69,0.64,0.69
BCPC,1991-06-17,0.67,0.67,0.64,0.66
BCPC,1991-06-18,0.66,0.67,0.63,0.67
BCPC,1991-06-19,0.67,0.67,0.67,0.67
BCPC,1991-06-20,0.67,0.67,0.66,0.67
BCPC,1991-06-21,0.67,0.67,0.61,0.61
BCPC,1991-06-24,0.61,0.61,0.61,0.61
BCPC,1991-06-25,0.61,0.61,0.61,0.61
BCPC,1991-06-26,0.61,0.66,0.61,0.66
BCPC,1991-06-27,0.66,0.66,0.66,0.66
BCPC,1991-06-28,0.64,0.64,0.59,0.59
BCPC,1991-07-01,0.59,0.63,0.58,0.59
BCPC,1991-07-02,0.59,0.64,0.59,0.64
BCPC,1991-07-03,0.58,0.58,0.58,0.58
BCPC,1991-07-05,0.58,0.58,0.58,0.58
BCPC,1991-07-08,0.58,0.58,0.58,0.58
BCPC,1991-07-09,0.59,0.59,0.59,0.59
BCPC,1991-07-10,0.58,0.58,0.58,0.58
BCPC,1991-07-11,0.58,0.6,0.56,0.6
BCPC,1991-07-12,0.56,0.56,0.56,0.56
BCPC,1991-07-15,0.58,0.62,0.58,0.62
BCPC,1991-07-16,0.62,0.62,0.58,0.62
BCPC,1991-07-17,0.58,0.58,0.58,0.58
BCPC,1991-07-18,0.58,0.58,0.58,0.58
BCPC,1991-07-19,0.56,0.56,0.56,0.56
BCPC,1991-07-22,0.56,0.56,0.56,0.56
BCPC,1991-07-23,0.58,0.59,0.58,0.58
BCPC,1991-07-24,0.58,0.58,0.58,0.58
BCPC,1991-07-25,0.58,0.58,0.58,0.58
BCPC,1991-07-26,0.58,0.58,0.58,0.58
BCPC,1991-07-29,0.58,0.58,0.58,0.58
BCPC,1991-07-30,0.56,0.56,0.53,0.56
BCPC,1991-07-31,0.56,0.58,0.53,0.58
BCPC,1991-08-01,0.58,0.58,0.58,0.58
BCPC,1991-08-02,0.58,0.58,0.57,0.58
BCPC,1991-08-05,0.58,0.61,0.58,0.61
BCPC,1991-08-06,0.61,0.61,0.59,0.61
BCPC,1991-08-07,0.61,0.63,0.59,0.63
BCPC,1991-08-08,0.59,0.59,0.59,0.59
BCPC,1991-08-09,0.61,0.61,0.61,0.61
BCPC,1991-08-12,0.61,0.63,0.53,0.56
BCPC,1991-08-13,0.56,0.58,0.54,0.54
BCPC,1991-08-14,0.55,0.55,0.55,0.55
BCPC,1991-08-15,0.55,0.55,0.55,0.55
BCPC,1991-08-16,0.55,0.55,0.55,0.55
BCPC,1991-08-19,0.55,0.55,0.53,0.53
BCPC,1991-08-20,0.53,0.53,0.53,0.53
BCPC,1991-08-21,0.53,0.53,0.53,0.53
BCPC,1991-08-22,0.53,0.53,0.53,0.53
BCPC,1991-08-23,0.53,0.53,0.51,0.51
BCPC,1991-08-26,0.51,0.54,0.49,0.49
BCPC,1991-08-27,0.49,0.49,0.49,0.49
BCPC,1991-08-28,0.49,0.53,0.49,0.49
BCPC,1991-08-29,0.49,0.49,0.49,0.49
BCPC,1991-08-30,0.51,0.51,0.51,0.51
BCPC,1991-09-03,0.51,0.51,0.51,0.51
BCPC,1991-09-04,0.49,0.49,0.48,0.49
BCPC,1991-09-05,0.49,0.49,0.44,0.45
BCPC,1991-09-06,0.45,0.45,0.45,0.45
BCPC,1991-09-09,0.44,0.44,0.44,0.44
BCPC,1991-09-10,0.44,0.44,0.44,0.44
BCPC,1991-09-11,0.49,0.49,0.49,0.49
BCPC,1991-09-12,0.49,0.49,0.44,0.49
BCPC,1991-09-13,0.44,0.44,0.44,0.44
BCPC,1991-09-16,0.49,0.49,0.49,0.49
BCPC,1991-09-17,0.45,0.45,0.44,0.44
BCPC,1991-09-18,0.49,0.49,0.49,0.49
BCPC,1991-09-19,0.49,0.49,0.47,0.49
BCPC,1991-09-20,0.49,0.49,0.44,0.46
BCPC,1991-09-23,0.46,0.46,0.46,0.46
BCPC,1991-09-24,0.46,0.46,0.46,0.46
BCPC,1991-09-25,0.46,0.46,0.46,0.46
BCPC,1991-09-26,0.44,0.44,0.44,0.44
BCPC,1991-09-27,0.44,0.44,0.44,0.44
BCPC,1991-09-30,0.46,0.48,0.46,0.46
BCPC,1991-10-01,0.46,0.46,0.46,0.46
BCPC,1991-10-02,0.46,0.47,0.44,0.47
BCPC,1991-10-03,0.47,0.47,0.47,0.47
BCPC,1991-10-04,0.47,0.48,0.44,0.44
BCPC,1991-10-07,0.44,0.44,0.44,0.44
BCPC,1991-10-08,0.44,0.44,0.44,0.44
BCPC,1991-10-09,0.46,0.46,0.46,0.46
BCPC,1991-10-10,0.44,0.44,0.44,0.44
BCPC,1991-10-11,0.44,0.48,0.44,0.46
BCPC,1991-10-14,0.44,0.44,0.44,0.44
BCPC,1991-10-15,0.48,0.48,0.48,0.48
BCPC,1991-10-16,0.44,0.44,0.44,0.44
BCPC,1991-10-17,0.46,0.48,0.46,0.46
BCPC,1991-10-18,0.44,0.44,0.44,0.44
BCPC,1991-10-21,0.44,0.44,0.44,0.44
BCPC,1991-10-22,0.44,0.44,0.44,0.44
BCPC,1991-10-23,0.48,0.48,0.48,0.48
BCPC,1991-10-24,0.46,0.46,0.42,0.43
BCPC,1991-10-25,0.48,0.48,0.48,0.48
BCPC,1991-10-28,0.48,0.48,0.48,0.48
BCPC,1991-10-29,0.48,0.48,0.48,0.48
BCPC,1991-10-30,0.48,0.48,0.43,0.43
BCPC,1991-10-31,0.46,0.51,0.46,0.48
BCPC,1991-11-01,0.48,0.49,0.46,0.49
BCPC,1991-11-04,0.49,0.49,0.49,0.49
BCPC,1991-11-05,0.49,0.56,0.48,0.56
BCPC,1991-11-06,0.56,0.59,0.54,0.56
BCPC,1991-11-07,0.56,0.59,0.54,0.59
BCPC,1991-11-08,0.59,0.59,0.56,0.56
BCPC,1991-11-11,0.59,0.64,0.56,0.64
BCPC,1991-11-12,0.64,0.67,0.59,0.62
BCPC,1991-11-13,0.63,0.63,0.56,0.56
BCPC,1991-11-14,0.61,0.61,0.56,0.56
BCPC,1991-11-15,0.59,0.59,0.55,0.55
BCPC,1991-11-18,0.55,0.56,0.53,0.53
BCPC,1991-11-19,0.55,0.56,0.53,0.55
BCPC,1991-11-20,0.56,0.56,0.56,0.56
BCPC,1991-11-21,0.56,0.56,0.56,0.56
BCPC,1991-11-22,0.49,0.49,0.49,0.49
BCPC,1991-11-25,0.54,0.54,0.54,0.54
BCPC,1991-11-26,0.54,0.54,0.54,0.54
BCPC,1991-11-27,0.54,0.54,0.54,0.54
BCPC,1991-11-29,0.56,0.56,0.51,0.56
BCPC,1991-12-02,0.56,0.56,0.53,0.53
BCPC,1991-12-03,0.53,0.53,0.53,0.53
BCPC,1991-12-04,0.51,0.54,0.51,0.54
BCPC,1991-12-05,0.53,0.53,0.53,0.53
BCPC,1991-12-06,0.51,0.51,0.51,0.51
BCPC,1991-12-09,0.51,0.51,0.51,0.51
BCPC,1991-12-10,0.56,0.56,0.56,0.56
BCPC,1991-12-11,0.56,0.56,0.56,0.56
BCPC,1991-12-12,0.51,0.57,0.51,0.57
BCPC,1991-12-13,0.57,0.57,0.57,0.57
BCPC,1991-12-16,0.57,0.57,0.57,0.57
BCPC,1991-12-17,0.57,0.57,0.57,0.57
BCPC,1991-12-18,0.57,0.57,0.57,0.57
BCPC,1991-12-19,0.56,0.57,0.53,0.53
BCPC,1991-12-20,0.54,0.54,0.54,0.54
BCPC,1991-12-23,0.58,0.58,0.58,0.58
BCPC,1991-12-24,0.55,0.55,0.55,0.55
BCPC,1991-12-26,0.55,0.55,0.55,0.55
BCPC,1991-12-27,0.55,0.55,0.55,0.55
BCPC,1991-12-30,0.7,0.7,0.6,0.6
BCPC,1991-12-31,0.61,0.63,0.61,0.63
BCPC,1992-01-02,0.66,0.66,0.61,0.61
BCPC,1992-01-03,0.61,0.66,0.61,0.66
BCPC,1992-01-06,0.61,0.66,0.61,0.66
BCPC,1992-01-07,0.7,0.7,0.7,0.7
BCPC,1992-01-08,0.64,0.7,0.64,0.7
BCPC,1992-01-09,0.72,0.72,0.64,0.68
BCPC,1992-01-10,0.72,0.75,0.68,0.68
BCPC,1992-01-13,0.75,0.79,0.7,0.75
BCPC,1992-01-14,0.83,0.92,0.79,0.92
BCPC,1992-01-15,0.81,0.92,0.81,0.81
BCPC,1992-01-16,0.81,0.9,0.79,0.79
BCPC,1992-01-17,0.79,0.86,0.77,0.77
BCPC,1992-01-20,0.83,0.83,0.77,0.79
BCPC,1992-01-21,0.75,0.81,0.7,0.72
BCPC,1992-01-22,0.75,0.75,0.71,0.71
BCPC,1992-01-23,0.77,0.77,0.7,0.75
BCPC,1992-01-24,0.77,0.77,0.7,0.7
BCPC,1992-01-27,0.7,0.7,0.7,0.7
BCPC,1992-01-28,0.7,0.7,0.7,0.7
BCPC,1992-01-29,0.7,0.7,0.7,0.7
BCPC,1992-01-30,0.7,0.7,0.7,0.7
BCPC,1992-01-31,0.68,0.7,0.68,0.68
BCPC,1992-02-03,0.7,0.75,0.68,0.68
BCPC,1992-02-04,0.75,0.75,0.7,0.75
BCPC,1992-02-05,0.75,0.75,0.7,0.7
BCPC,1992-02-06,0.72,0.75,0.68,0.7
BCPC,1992-02-07,0.68,0.68,0.68,0.68
BCPC,1992-02-10,0.68,0.72,0.68,0.68
BCPC,1992-02-11,0.68,0.7,0.66,0.68
BCPC,1992-02-12,0.68,0.68,0.68,0.68
BCPC,1992-02-13,0.68,0.68,0.68,0.68
BCPC,1992-02-14,0.68,0.68,0.68,0.68
BCPC,1992-02-18,0.68,0.68,0.68,0.68
BCPC,1992-02-19,0.68,0.68,0.68,0.68
BCPC,1992-02-20,0.59,0.64,0.59,0.64
BCPC,1992-02-21,0.59,0.68,0.59,0.61
BCPC,1992-02-24,0.59,0.64,0.57,0.57
BCPC,1992-02-25,0.57,0.57,0.48,0.53
BCPC,1992-02-26,0.59,0.59,0.53,0.53
BCPC,1992-02-27,0.59,0.59,0.53,0.59
BCPC,1992-02-28,0.59,0.59,0.59,0.59
BCPC,1992-03-02,0.59,0.59,0.59,0.59
BCPC,1992-03-03,0.59,0.59,0.55,0.55
BCPC,1992-03-04,0.55,0.59,0.55,0.59
BCPC,1992-03-05,0.66,0.66,0.61,0.66
BCPC,1992-03-06,0.59,0.66,0.59,0.66
BCPC,1992-03-09,0.64,0.66,0.59,0.59
BCPC,1992-03-10,0.66,0.66,0.59,0.66
BCPC,1992-03-11,0.59,0.59,0.59,0.59
BCPC,1992-03-12,0.66,0.7,0.61,0.7
BCPC,1992-03-13,0.66,0.79,0.66,0.7
BCPC,1992-03-16,0.72,0.79,0.72,0.79
BCPC,1992-03-17,0.83,0.83,0.72,0.75
BCPC,1992-03-18,0.79,0.79,0.72,0.72
BCPC,1992-03-19,0.72,0.79,0.72,0.79
BCPC,1992-03-20,0.75,0.81,0.75,0.75
BCPC,1992-03-23,0.81,0.81,0.81,0.81
BCPC,1992-03-24,0.72,0.72,0.72,0.72
BCPC,1992-03-25,0.81,0.83,0.75,0.75
BCPC,1992-03-26,0.79,0.79,0.78,0.78
BCPC,1992-03-27,0.86,0.86,0.77,0.78
BCPC,1992-03-30,0.79,0.9,0.79,0.83
BCPC,1992-03-31,0.82,0.82,0.82,0.82
BCPC,1992-04-01,0.83,0.9,0.79,0.83
BCPC,1992-04-02,0.81,0.82,0.81,0.82
BCPC,1992-04-03,0.79,0.83,0.79,0.8
BCPC,1992-04-06,0.79,0.88,0.79,0.88
BCPC,1992-04-07,0.79,0.88,0.79,0.8
BCPC,1992-04-08,0.79,0.79,0.77,0.77
BCPC,1992-04-09,0.79,0.8,0.79,0.8
BCPC,1992-04-10,0.8,0.8,0.8,0.8
BCPC,1992-04-13,0.8,0.8,0.8,0.8
BCPC,1992-04-14,0.8,0.8,0.8,0.8
BCPC,1992-04-15,0.8,0.8,0.8,0.8
BCPC,1992-04-16,0.84,0.88,0.84,0.88
BCPC,1992-04-20,0.9,0.9,0.86,0.86
BCPC,1992-04-21,0.86,0.86,0.86,0.86
BCPC,1992-04-22,0.86,0.92,0.86,0.92
BCPC,1992-04-23,0.92,0.92,0.92,0.92
BCPC,1992-04-24,0.92,0.92,0.92,0.92
BCPC,1992-04-27,0.88,0.97,0.88,0.9
BCPC,1992-04-28,0.9,0.9,0.9,0.9
BCPC,1992-04-29,0.99,0.99,0.9,0.9
BCPC,1992-04-30,0.9,0.92,0.9,0.9
BCPC,1992-05-01,0.9,0.9,0.9,0.9
BCPC,1992-05-04,0.9,0.91,0.9,0.91
BCPC,1992-05-05,0.94,0.94,0.9,0.9
BCPC,1992-05-06,0.9,0.9,0.9,0.9
BCPC,1992-05-07,0.9,0.9,0.9,0.9
BCPC,1992-05-08,0.94,0.94,0.9,0.9
BCPC,1992-05-11,0.9,0.93,0.9,0.93
BCPC,1992-05-12,0.9,0.91,0.9,0.9
BCPC,1992-05-13,0.97,0.97,0.9,0.9
BCPC,1992-05-14,0.9,0.9,0.9,0.9
BCPC,1992-05-15,0.9,0.9,0.9,0.9
BCPC,1992-05-18,0.9,0.91,0.9,0.91
BCPC,1992-05-19,0.91,0.91,0.91,0.91
BCPC,1992-05-20,0.97,0.97,0.97,0.97
BCPC,1992-05-21,0.97,0.97,0.88,0.91
BCPC,1992-05-22,0.9,0.9,0.9,0.9
BCPC,1992-05-26,0.83,0.83,0.83,0.83
BCPC,1992-05-27,0.83,0.83,0.83,0.83
BCPC,1992-05-28,0.9,0.9,0.86,0.88
BCPC,1992-05-29,0.86,0.86,0.86,0.86
BCPC,1992-06-01,0.9,0.9,0.86,0.86
BCPC,1992-06-02,0.88,0.88,0.86,0.86
BCPC,1992-06-03,0.86,0.86,0.86,0.86
BCPC,1992-06-04,0.83,0.83,0.83,0.83
BCPC,1992-06-05,0.83,0.84,0.83,0.84
BCPC,1992-06-08,0.83,0.86,0.83,0.86
BCPC,1992-06-09,0.83,0.86,0.79,0.79
BCPC,1992-06-10,0.79,0.79,0.77,0.77
BCPC,1992-06-11,0.77,0.77,0.77,0.77
BCPC,1992-06-12,0.77,0.77,0.77,0.77
BCPC,1992-06-15,0.77,0.77,0.77,0.77
BCPC,1992-06-16,0.77,0.77,0.77,0.77
BCPC,1992-06-17,0.75,0.79,0.75,0.79
BCPC,1992-06-18,0.75,0.75,0.75,0.75
BCPC,1992-06-19,0.75,0.75,0.75,0.75
BCPC,1992-06-22,0.75,0.79,0.75,0.75
BCPC,1992-06-23,0.77,0.77,0.77,0.77
BCPC,1992-06-24,0.72,0.75,0.72,0.75
BCPC,1992-06-25,0.75,0.75,0.75,0.75
BCPC,1992-06-26,0.75,0.75,0.75,0.75
BCPC,1992-06-29,0.75,0.75,0.75,0.75
BCPC,1992-06-30,0.75,0.75,0.75,0.75
BCPC,1992-07-01,0.75,0.75,0.75,0.75
BCPC,1992-07-02,0.72,0.75,0.72,0.72
BCPC,1992-07-06,0.72,0.72,0.72,0.72
BCPC,1992-07-07,0.74,0.78,0.7,0.78
BCPC,1992-07-08,0.72,0.77,0.72,0.77
BCPC,1992-07-09,0.77,0.77,0.77,0.77
BCPC,1992-07-10,0.77,0.77,0.77,0.77
BCPC,1992-07-13,0.75,0.75,0.75,0.75
BCPC,1992-07-14,0.75,0.75,0.75,0.75
BCPC,1992-07-15,0.7,0.75,0.7,0.7
BCPC,1992-07-16,0.72,0.72,0.7,0.7
BCPC,1992-07-17,0.7,0.7,0.7,0.7
BCPC,1992-07-20,0.7,0.7,0.7,0.7
BCPC,1992-07-21,0.75,0.75,0.75,0.75
BCPC,1992-07-22,0.7,0.72,0.7,0.71
BCPC,1992-07-23,0.71,0.71,0.71,0.71
BCPC,1992-07-24,0.71,0.71,0.71,0.71
BCPC,1992-07-27,0.71,0.71,0.71,0.71
BCPC,1992-07-28,0.71,0.71,0.71,0.71
BCPC,1992-07-29,0.68,0.68,0.68,0.68
BCPC,1992-07-30,0.68,0.68,0.68,0.68
BCPC,1992-07-31,0.68,0.68,0.68,0.68
BCPC,1992-08-03,0.68,0.68,0.68,0.68
BCPC,1992-08-04,0.72,0.72,0.71,0.71
BCPC,1992-08-05,0.72,0.72,0.72,0.72
BCPC,1992-08-06,0.72,0.72,0.72,0.72
BCPC,1992-08-07,0.68,0.75,0.68,0.75
BCPC,1992-08-10,0.75,0.75,0.75,0.75
BCPC,1992-08-11,0.68,0.68,0.68,0.68
BCPC,1992-08-12,0.68,0.68,0.68,0.68
BCPC,1992-08-13,0.68,0.68,0.68,0.68
BCPC,1992-08-14,0.68,0.68,0.68,0.68
BCPC,1992-08-17,0.68,0.68,0.68,0.68
BCPC,1992-08-18,0.68,0.68,0.68,0.68
BCPC,1992-08-19,0.68,0.68,0.68,0.68
BCPC,1992-08-20,0.68,0.68,0.68,0.68
BCPC,1992-08-21,0.68,0.68,0.68,0.68
BCPC,1992-08-24,0.72,0.72,0.72,0.72
BCPC,1992-08-25,0.72,0.72,0.72,0.72
BCPC,1992-08-26,0.72,0.75,0.72,0.75
BCPC,1992-08-27,0.75,0.75,0.75,0.75
BCPC,1992-08-28,0.7,0.7,0.7,0.7
BCPC,1992-08-31,0.7,0.7,0.7,0.7
BCPC,1992-09-01,0.75,0.75,0.75,0.75
BCPC,1992-09-02,0.7,0.7,0.7,0.7
BCPC,1992-09-03,0.72,0.77,0.72,0.77
BCPC,1992-09-04,0.77,0.77,0.77,0.77
BCPC,1992-09-08,0.77,0.77,0.77,0.77
BCPC,1992-09-09,0.77,0.77,0.77,0.77
BCPC,1992-09-10,0.77,0.77,0.77,0.77
BCPC,1992-09-11,0.77,0.77,0.77,0.77
BCPC,1992-09-14,0.77,0.77,0.77,0.77
BCPC,1992-09-15,0.72,0.72,0.72,0.72
BCPC,1992-09-16,0.7,0.7,0.7,0.7
BCPC,1992-09-17,0.7,0.7,0.7,0.7
BCPC,1992-09-18,0.7,0.75,0.7,0.75
BCPC,1992-09-21,0.75,0.75,0.75,0.75
BCPC,1992-09-22,0.7,0.7,0.7,0.7
BCPC,1992-09-23,0.7,0.7,0.7,0.7
BCPC,1992-09-24,0.7,0.7,0.7,0.7
BCPC,1992-09-25,0.77,0.77,0.75,0.75
BCPC,1992-09-28,0.75,0.75,0.75,0.75
BCPC,1992-09-29,0.75,0.75,0.75,0.75
BCPC,1992-09-30,0.75,0.75,0.75,0.75
BCPC,1992-10-01,0.75,0.75,0.75,0.75
BCPC,1992-10-02,0.75,0.75,0.75,0.75
BCPC,1992-10-05,0.75,0.75,0.7,0.7
BCPC,1992-10-06,0.7,0.7,0.7,0.7
BCPC,1992-10-07,0.7,0.7,0.7,0.7
BCPC,1992-10-08,0.7,0.75,0.7,0.75
BCPC,1992-10-09,0.75,0.77,0.75,0.77
BCPC,1992-10-12,0.77,0.77,0.77,0.77
BCPC,1992-10-13,0.7,0.7,0.7,0.7
BCPC,1992-10-14,0.7,0.7,0.7,0.7
BCPC,1992-10-15,0.7,0.7,0.7,0.7
BCPC,1992-10-16,0.7,0.7,0.7,0.7
BCPC,1992-10-19,0.7,0.7,0.7,0.7
BCPC,1992-10-20,0.77,0.77,0.7,0.7
BCPC,1992-10-21,0.7,0.77,0.7,0.77
BCPC,1992-10-22,0.77,0.77,0.77,0.77
BCPC,1992-10-23,0.77,0.77,0.7,0.72
BCPC,1992-10-26,0.75,0.75,0.72,0.72
BCPC,1992-10-27,0.7,0.7,0.7,0.7
BCPC,1992-10-28,0.68,0.72,0.68,0.68
BCPC,1992-10-29,0.68,0.68,0.67,0.67
BCPC,1992-10-30,0.7,0.72,0.68,0.72
BCPC,1992-11-02,0.68,0.7,0.68,0.7
BCPC,1992-11-03,0.7,0.7,0.7,0.7
BCPC,1992-11-04,0.7,0.7,0.7,0.7
BCPC,1992-11-05,0.7,0.7,0.7,0.7
BCPC,1992-11-06,0.68,0.68,0.64,0.66
BCPC,1992-11-09,0.64,0.64,0.61,0.61
BCPC,1992-11-10,0.64,0.64,0.61,0.61
BCPC,1992-11-11,0.59,0.59,0.59,0.59
BCPC,1992-11-12,0.64,0.64,0.64,0.64
BCPC,1992-11-13,0.64,0.64,0.64,0.64
BCPC,1992-11-16,0.59,0.59,0.59,0.59
BCPC,1992-11-17,0.64,0.66,0.64,0.66
BCPC,1992-11-18,0.66,0.66,0.66,0.66
BCPC,1992-11-19,0.61,0.61,0.61,0.61
BCPC,1992-11-20,0.61,0.61,0.61,0.61
BCPC,1992-11-23,0.61,0.61,0.61,0.61
BCPC,1992-11-24,0.61,0.61,0.61,0.61
BCPC,1992-11-25,0.61,0.61,0.61,0.61
BCPC,1992-11-27,0.61,0.61,0.61,0.61
BCPC,1992-11-30,0.66,0.66,0.66,0.66
BCPC,1992-12-01,0.66,0.66,0.66,0.66
BCPC,1992-12-02,0.66,0.66,0.66,0.66
BCPC,1992-12-03,0.61,0.66,0.61,0.61
BCPC,1992-12-04,0.61,0.61,0.61,0.61
BCPC,1992-12-07,0.61,0.61,0.61,0.61
BCPC,1992-12-08,0.61,0.66,0.61,0.66
BCPC,1992-12-09,0.66,0.66,0.66,0.66
BCPC,1992-12-10,0.66,0.66,0.61,0.61
BCPC,1992-12-11,0.61,0.66,0.61,0.66
BCPC,1992-12-14,0.61,0.61,0.61,0.61
BCPC,1992-12-15,0.61,0.61,0.61,0.61
BCPC,1992-12-16,0.61,0.61,0.61,0.61
BCPC,1992-12-17,0.61,0.61,0.61,0.61
BCPC,1992-12-18,0.61,0.61,0.61,0.61
BCPC,1992-12-21,0.61,0.64,0.61,0.64
BCPC,1992-12-22,0.64,0.64,0.64,0.64
BCPC,1992-12-23,0.66,0.66,0.66,0.66
BCPC,1992-12-24,0.68,0.68,0.68,0.68
BCPC,1992-12-28,0.68,0.68,0.68,0.68
BCPC,1992-12-29,0.68,0.68,0.68,0.68
BCPC,1992-12-30,0.61,0.61,0.61,0.61
BCPC,1992-12-31,0.61,0.61,0.61,0.61
BCPC,1993-01-04,0.61,0.61,0.61,0.61
BCPC,1993-01-05,0.61,0.61,0.61,0.61
BCPC,1993-01-06,0.61,0.61,0.61,0.61
BCPC,1993-01-07,0.61,0.61,0.61,0.61
BCPC,1993-01-08,0.61,0.61,0.61,0.61
BCPC,1993-01-11,0.61,0.61,0.61,0.61
BCPC,1993-01-12,0.61,0.61,0.61,0.61
BCPC,1993-01-13,0.6,0.64,0.6,0.64
BCPC,1993-01-14,0.61,0.64,0.59,0.59
BCPC,1993-01-15,0.55,0.59,0.55,0.55
BCPC,1993-01-18,0.57,0.57,0.5,0.53
BCPC,1993-01-19,0.53,0.57,0.53,0.55
BCPC,1993-01-20,0.54,0.56,0.53,0.55
BCPC,1993-01-21,0.55,0.55,0.55,0.55
BCPC,1993-01-22,0.54,0.56,0.53,0.56
BCPC,1993-01-25,0.56,0.56,0.53,0.53
BCPC,1993-01-26,0.52,0.52,0.52,0.52
BCPC,1993-01-27,0.52,0.52,0.52,0.52
BCPC,1993-01-28,0.5,0.5,0.5,0.5
BCPC,1993-01-29,0.5,0.5,0.5,0.5
BCPC,1993-02-01,0.55,0.55,0.55,0.55
BCPC,1993-02-02,0.55,0.55,0.53,0.53
BCPC,1993-02-03,0.53,0.53,0.53,0.53
BCPC,1993-02-04,0.5,0.5,0.5,0.5
BCPC,1993-02-05,0.55,0.55,0.5,0.5
BCPC,1993-02-08,0.53,0.53,0.53,0.53
BCPC,1993-02-09,0.54,0.54,0.53,0.53
BCPC,1993-02-10,0.5,0.5,0.5,0.5
BCPC,1993-02-11,0.55,0.55,0.52,0.52
BCPC,1993-02-12,0.56,0.56,0.56,0.56
BCPC,1993-02-16,0.56,0.56,0.56,0.56
BCPC,1993-02-17,0.49,0.49,0.49,0.49
BCPC,1993-02-18,0.53,0.55,0.53,0.55
BCPC,1993-02-19,0.55,0.55,0.55,0.55
BCPC,1993-02-22,0.55,0.55,0.55,0.55
BCPC,1993-02-23,0.55,0.55,0.55,0.55
BCPC,1993-02-24,0.52,0.56,0.52,0.56
BCPC,1993-02-25,0.56,0.56,0.56,0.56
BCPC,1993-02-26,0.52,0.53,0.5,0.5
BCPC,1993-03-01,0.48,0.49,0.48,0.49
BCPC,1993-03-02,0.49,0.49,0.49,0.49
BCPC,1993-03-03,0.5,0.54,0.49,0.5
BCPC,1993-03-04,0.5,0.5,0.5,0.5
BCPC,1993-03-05,0.48,0.48,0.48,0.48
BCPC,1993-03-08,0.48,0.48,0.48,0.48
BCPC,1993-03-09,0.48,0.48,0.48,0.48
BCPC,1993-03-10,0.48,0.48,0.48,0.48
BCPC,1993-03-11,0.48,0.48,0.48,0.48
BCPC,1993-03-12,0.48,0.53,0.48,0.53
BCPC,1993-03-15,0.53,0.53,0.53,0.53
BCPC,1993-03-16,0.53,0.53,0.53,0.53
BCPC,1993-03-17,0.53,0.53,0.53,0.53
BCPC,1993-03-18,0.53,0.53,0.53,0.53
BCPC,1993-03-19,0.48,0.5,0.48,0.5
BCPC,1993-03-22,0.47,0.47,0.47,0.47
BCPC,1993-03-23,0.47,0.5,0.47,0.48
BCPC,1993-03-24,0.48,0.48,0.48,0.48
BCPC,1993-03-25,0.47,0.47,0.47,0.47
BCPC,1993-03-26,0.47,0.47,0.47,0.47
BCPC,1993-03-29,0.47,0.47,0.47,0.47
BCPC,1993-03-30,0.47,0.47,0.47,0.47
BCPC,1993-03-31,0.47,0.52,0.47,0.52
BCPC,1993-04-01,0.47,0.47,0.47,0.47
BCPC,1993-04-02,0.47,0.47,0.47,0.47
BCPC,1993-04-05,0.47,0.47,0.47,0.47
BCPC,1993-04-06,0.47,0.47,0.47,0.47
BCPC,1993-04-07,0.47,0.47,0.47,0.47
BCPC,1993-04-08,0.47,0.47,0.47,0.47
BCPC,1993-04-12,0.5,0.5,0.5,0.5
BCPC,1993-04-13,0.5,0.5,0.5,0.5
BCPC,1993-04-14,0.52,0.52,0.52,0.52
BCPC,1993-04-15,0.52,0.52,0.52,0.52
BCPC,1993-04-16,0.52,0.52,0.52,0.52
BCPC,1993-04-19,0.52,0.52,0.52,0.52
BCPC,1993-04-20,0.52,0.52,0.52,0.52
BCPC,1993-04-21,0.52,0.52,0.52,0.52
BCPC,1993-04-22,0.52,0.52,0.52,0.52
BCPC,1993-04-23,0.48,0.48,0.48,0.48
BCPC,1993-04-26,0.45,0.45,0.45,0.45
BCPC,1993-04-27,0.48,0.48,0.48,0.48
BCPC,1993-04-28,0.48,0.48,0.48,0.48
BCPC,1993-04-29,0.48,0.48,0.48,0.48
BCPC,1993-04-30,0.45,0.45,0.45,0.45
BCPC,1993-05-03,0.45,0.45,0.45,0.45
BCPC,1993-05-04,0.45,0.45,0.45,0.45
BCPC,1993-05-05,0.45,0.45,0.45,0.45
BCPC,1993-05-06,0.45,0.45,0.45,0.45
BCPC,1993-05-07,0.45,0.45,0.45,0.45
BCPC,1993-05-10,0.45,0.45,0.45,0.45
BCPC,1993-05-11,0.45,0.48,0.45,0.48
BCPC,1993-05-12,0.48,0.48,0.48,0.48
BCPC,1993-05-13,0.48,0.48,0.48,0.48
BCPC,1993-05-14,0.48,0.48,0.48,0.48
BCPC,1993-05-17,0.45,0.45,0.45,0.45
BCPC,1993-05-18,0.45,0.45,0.45,0.45
BCPC,1993-05-19,0.48,0.48,0.44,0.44
BCPC,1993-05-20,0.42,0.44,0.42,0.44
BCPC,1993-05-21,0.44,0.47,0.44,0.47
BCPC,1993-05-24,0.47,0.47,0.47,0.47
BCPC,1993-05-25,0.47,0.47,0.47,0.47
BCPC,1993-05-26,0.47,0.47,0.47,0.47
BCPC,1993-05-27,0.44,0.47,0.44,0.44
BCPC,1993-05-28,0.44,0.44,0.44,0.44
BCPC,1993-06-01,0.44,0.44,0.44,0.44
BCPC,1993-06-02,0.44,0.44,0.42,0.44
BCPC,1993-06-03,0.44,0.44,0.44,0.44
BCPC,1993-06-04,0.44,0.44,0.44,0.44
BCPC,1993-06-07,0.44,0.44,0.44,0.44
BCPC,1993-06-08,0.44,0.44,0.44,0.44
BCPC,1993-06-09,0.44,0.44,0.44,0.44
BCPC,1993-06-10,0.45,0.45,0.45,0.45
BCPC,1993-06-11,0.45,0.45,0.45,0.45
BCPC,1993-06-14,0.41,0.45,0.41,0.45
BCPC,1993-06-15,0.45,0.45,0.45,0.45
BCPC,1993-06-16,0.45,0.45,0.45,0.45
BCPC,1993-06-17,0.41,0.45,0.41,0.45
BCPC,1993-06-18,0.45,0.45,0.45,0.45
BCPC,1993-06-21,0.45,0.45,0.45,0.45
BCPC,1993-06-22,0.41,0.44,0.41,0.44
BCPC,1993-06-23,0.44,0.45,0.44,0.45
BCPC,1993-06-24,0.44,0.53,0.44,0.5
BCPC,1993-06-25,0.53,0.53,0.48,0.48
BCPC,1993-06-28,0.53,0.53,0.5,0.53
BCPC,1993-06-29,0.53,0.53,0.53,0.53
BCPC,1993-06-30,0.53,0.53,0.53,0.53
BCPC,1993-07-01,0.47,0.47,0.47,0.47
BCPC,1993-07-02,0.47,0.47,0.47,0.47
BCPC,1993-07-06,0.54,0.54,0.47,0.47
BCPC,1993-07-07,0.47,0.47,0.47,0.47
BCPC,1993-07-08,0.47,0.47,0.47,0.47
BCPC,1993-07-09,0.47,0.47,0.47,0.47
BCPC,1993-07-12,0.47,0.53,0.47,0.53
BCPC,1993-07-13,0.53,0.53,0.5,0.5
BCPC,1993-07-14,0.48,0.5,0.44,0.44
BCPC,1993-07-15,0.48,0.48,0.48,0.48
BCPC,1993-07-16,0.47,0.47,0.47,0.47
BCPC,1993-07-19,0.47,0.47,0.47,0.47
BCPC,1993-07-20,0.47,0.47,0.47,0.47
BCPC,1993-07-21,0.44,0.46,0.44,0.45
BCPC,1993-07-22,0.46,0.46,0.46,0.46
BCPC,1993-07-23,0.46,0.46,0.46,0.46
BCPC,1993-07-26,0.46,0.46,0.46,0.46
BCPC,1993-07-27,0.46,0.46,0.46,0.46
BCPC,1993-07-28,0.46,0.46,0.46,0.46
BCPC,1993-07-29,0.46,0.46,0.44,0.44
BCPC,1993-07-30,0.46,0.46,0.44,0.45
BCPC,1993-08-02,0.45,0.45,0.45,0.45
BCPC,1993-08-03,0.45,0.45,0.45,0.45
BCPC,1993-08-04,0.47,0.48,0.47,0.48
BCPC,1993-08-05,0.47,0.47,0.47,0.47
BCPC,1993-08-06,0.47,0.5,0.47,0.5
BCPC,1993-08-09,0.5,0.5,0.5,0.5
BCPC,1993-08-10,0.5,0.5,0.5,0.5
BCPC,1993-08-11,0.5,0.5,0.5,0.5
BCPC,1993-08-12,0.5,0.5,0.47,0.5
BCPC,1993-08-13,0.5,0.5,0.5,0.5
BCPC,1993-08-16,0.5,0.5,0.5,0.5
BCPC,1993-08-17,0.48,0.48,0.48,0.48
BCPC,1993-08-18,0.48,0.48,0.48,0.48
BCPC,1993-08-19,0.48,0.48,0.48,0.48
BCPC,1993-08-20,0.48,0.48,0.48,0.48
BCPC,1993-08-23,0.48,0.48,0.48,0.48
BCPC,1993-08-24,0.5,0.5,0.5,0.5
BCPC,1993-08-25,0.5,0.5,0.47,0.5
BCPC,1993-08-26,0.5,0.5,0.5,0.5
BCPC,1993-08-27,0.48,0.48,0.48,0.48
BCPC,1993-08-30,0.48,0.48,0.48,0.48
BCPC,1993-08-31,0.48,0.48,0.48,0.48
BCPC,1993-09-01,0.48,0.48,0.48,0.48
BCPC,1993-09-02,0.48,0.53,0.48,0.52
BCPC,1993-09-03,0.57,0.57,0.57,0.57
BCPC,1993-09-07,0.57,0.57,0.57,0.57
BCPC,1993-09-08,0.52,0.57,0.52,0.57
BCPC,1993-09-09,0.57,0.57,0.57,0.57
BCPC,1993-09-10,0.57,0.57,0.57,0.57
BCPC,1993-09-13,0.57,0.57,0.52,0.52
BCPC,1993-09-14,0.54,0.54,0.54,0.54
BCPC,1993-09-15,0.52,0.52,0.52,0.52
BCPC,1993-09-16,0.52,0.52,0.52,0.52
BCPC,1993-09-17,0.52,0.52,0.52,0.52
BCPC,1993-09-20,0.5,0.5,0.5,0.5
BCPC,1993-09-21,0.55,0.55,0.55,0.55
BCPC,1993-09-22,0.55,0.55,0.55,0.55
BCPC,1993-09-23,0.55,0.55,0.55,0.55
BCPC,1993-09-24,0.55,0.55,0.55,0.55
BCPC,1993-09-27,0.55,0.55,0.55,0.55
BCPC,1993-09-28,0.55,0.55,0.55,0.55
BCPC,1993-09-29,0.55,0.55,0.55,0.55
BCPC,1993-09-30,0.55,0.55,0.55,0.55
BCPC,1993-10-01,0.5,0.5,0.5,0.5
BCPC,1993-10-04,0.5,0.5,0.5,0.5
BCPC,1993-10-05,0.5,0.5,0.5,0.5
BCPC,1993-10-06,0.5,0.5,0.5,0.5
BCPC,1993-10-07,0.47,0.48,0.47,0.48
BCPC,1993-10-08,0.48,0.48,0.48,0.48
BCPC,1993-10-11,0.53,0.53,0.47,0.47
BCPC,1993-10-12,0.52,0.52,0.52,0.52
BCPC,1993-10-13,0.52,0.52,0.52,0.52
BCPC,1993-10-14,0.52,0.52,0.52,0.52
BCPC,1993-10-15,0.53,0.53,0.53,0.53
BCPC,1993-10-18,0.54,0.54,0.54,0.54
BCPC,1993-10-19,0.54,0.54,0.54,0.54
BCPC,1993-10-20,0.54,0.54,0.54,0.54
BCPC,1993-10-21,0.49,0.5,0.49,0.49
BCPC,1993-10-22,0.49,0.49,0.49,0.49
BCPC,1993-10-25,0.49,0.49,0.49,0.49
BCPC,1993-10-26,0.49,0.49,0.49,0.49
BCPC,1993-10-27,0.49,0.49,0.49,0.49
BCPC,1993-10-28,0.49,0.49,0.49,0.49
BCPC,1993-10-29,0.49,0.49,0.49,0.49
BCPC,1993-11-01,0.49,0.49,0.49,0.49
BCPC,1993-11-02,0.5,0.5,0.5,0.5
BCPC,1993-11-03,0.5,0.5,0.5,0.5
BCPC,1993-11-04,0.5,0.5,0.5,0.5
BCPC,1993-11-05,0.47,0.48,0.47,0.48
BCPC,1993-11-08,0.47,0.47,0.47,0.47
BCPC,1993-11-09,0.54,0.54,0.48,0.48
BCPC,1993-11-10,0.48,0.48,0.48,0.48
BCPC,1993-11-11,0.53,0.53,0.47,0.47
BCPC,1993-11-12,0.47,0.47,0.47,0.47
BCPC,1993-11-15,0.47,0.47,0.47,0.47
BCPC,1993-11-16,0.53,0.53,0.53,0.53
BCPC,1993-11-17,0.47,0.47,0.47,0.47
BCPC,1993-11-18,0.47,0.47,0.47,0.47
BCPC,1993-11-19,0.47,0.47,0.47,0.47
BCPC,1993-11-22,0.47,0.47,0.47,0.47
BCPC,1993-11-23,0.53,0.53,0.53,0.53
BCPC,1993-11-24,0.54,0.54,0.48,0.48
BCPC,1993-11-26,0.5,0.5,0.5,0.5
BCPC,1993-11-29,0.5,0.5,0.5,0.5
BCPC,1993-11-30,0.47,0.47,0.47,0.47
BCPC,1993-12-01,0.47,0.47,0.47,0.47
BCPC,1993-12-02,0.5,0.5,0.5,0.5
BCPC,1993-12-03,0.5,0.5,0.49,0.49
BCPC,1993-12-06,0.49,0.49,0.49,0.49
BCPC,1993-12-07,0.48,0.48,0.47,0.48
BCPC,1993-12-08,0.47,0.47,0.47,0.47
BCPC,1993-12-09,0.47,0.47,0.47,0.47
BCPC,1993-12-10,0.47,0.49,0.47,0.49
BCPC,1993-12-13,0.47,0.47,0.47,0.47
BCPC,1993-12-14,0.47,0.47,0.47,0.47
BCPC,1993-12-15,0.47,0.47,0.47,0.47
BCPC,1993-12-16,0.47,0.47,0.47,0.47
BCPC,1993-12-17,0.47,0.47,0.47,0.47
BCPC,1993-12-20,0.46,0.5,0.46,0.5
BCPC,1993-12-21,0.5,0.5,0.5,0.5
BCPC,1993-12-22,0.46,0.46,0.46,0.46
BCPC,1993-12-23,0.46,0.46,0.45,0.45
BCPC,1993-12-27,0.5,0.5,0.5,0.5
BCPC,1993-12-28,0.45,0.46,0.45,0.46
BCPC,1993-12-29,0.46,0.46,0.46,0.46
BCPC,1993-12-30,0.46,0.46,0.46,0.46
BCPC,1993-12-31,0.47,0.48,0.46,0.48
BCPC,1994-01-03,0.48,0.5,0.48,0.48
BCPC,1994-01-04,0.47,0.48,0.47,0.47
BCPC,1994-01-05,0.49,0.5,0.49,0.49
BCPC,1994-01-06,0.49,0.49,0.49,0.49
BCPC,1994-01-07,0.49,0.49,0.49,0.49
BCPC,1994-01-10,0.49,0.49,0.49,0.49
BCPC,1994-01-11,0.49,0.49,0.49,0.49
BCPC,1994-01-12,0.47,0.49,0.47,0.49
BCPC,1994-01-13,0.49,0.49,0.49,0.49
BCPC,1994-01-14,0.49,0.49,0.49,0.49
BCPC,1994-01-17,0.5,0.5,0.5,0.5
BCPC,1994-01-18,0.48,0.48,0.48,0.48
BCPC,1994-01-19,0.49,0.49,0.47,0.48
BCPC,1994-01-20,0.48,0.48,0.48,0.48
BCPC,1994-01-21,0.48,0.48,0.48,0.48
BCPC,1994-01-24,0.47,0.47,0.47,0.47
BCPC,1994-01-25,0.47,0.47,0.47,0.47
BCPC,1994-01-26,0.47,0.47,0.47,0.47
BCPC,1994-01-27,0.47,0.47,0.47,0.47
BCPC,1994-01-28,0.47,0.47,0.47,0.47
BCPC,1994-01-31,0.47,0.47,0.47,0.47
BCPC,1994-02-01,0.47,0.47,0.47,0.47
BCPC,1994-02-02,0.47,0.47,0.47,0.47
BCPC,1994-02-03,0.47,0.47,0.47,0.47
BCPC,1994-02-04,0.47,0.47,0.47,0.47
BCPC,1994-02-07,0.47,0.47,0.47,0.47
BCPC,1994-02-08,0.52,0.58,0.52,0.57
BCPC,1994-02-09,0.57,0.59,0.55,0.55
BCPC,1994-02-10,0.55,0.55,0.55,0.55
BCPC,1994-02-11,0.59,0.59,0.59,0.59
BCPC,1994-02-14,0.61,0.61,0.61,0.61
BCPC,1994-02-15,0.61,0.61,0.61,0.61
BCPC,1994-02-16,0.55,0.61,0.55,0.61
BCPC,1994-02-17,0.61,0.61,0.61,0.61
BCPC,1994-02-18,0.61,0.61,0.61,0.61
BCPC,1994-02-22,0.61,0.61,0.61,0.61
BCPC,1994-02-23,0.63,0.63,0.63,0.63
BCPC,1994-02-24,0.65,0.65,0.61,0.61
BCPC,1994-02-25,0.61,0.61,0.61,0.61
BCPC,1994-02-28,0.61,0.61,0.61,0.61
BCPC,1994-03-01,0.61,0.61,0.61,0.61
BCPC,1994-03-02,0.6,0.6,0.6,0.6
BCPC,1994-03-03,0.6,0.6,0.6,0.6
BCPC,1994-03-04,0.6,0.6,0.6,0.6
BCPC,1994-03-07,0.6,0.6,0.6,0.6
BCPC,1994-03-08,0.6,0.6,0.6,0.6
BCPC,1994-03-09,0.6,0.6,0.6,0.6
BCPC,1994-03-10,0.6,0.6,0.6,0.6
BCPC,1994-03-11,0.6,0.6,0.6,0.6
BCPC,1994-03-14,0.6,0.6,0.6,0.6
BCPC,1994-03-15,0.66,0.66,0.66,0.66
BCPC,1994-03-16,0.74,0.8,0.74,0.79
BCPC,1994-03-17,0.94,1.02,0.83,0.86
BCPC,1994-03-18,0.9,0.91,0.83,0.91
BCPC,1994-03-21,0.83,0.86,0.83,0.86
BCPC,1994-03-22,0.9,0.9,0.78,0.81
BCPC,1994-03-23,0.81,0.81,0.81,0.81
BCPC,1994-03-24,0.86,0.86,0.72,0.79
BCPC,1994-03-25,0.74,0.74,0.74,0.74
BCPC,1994-03-28,0.68,0.68,0.68,0.68
BCPC,1994-03-29,0.68,0.68,0.68,0.68
BCPC,1994-03-30,0.68,0.68,0.66,0.66
BCPC,1994-03-31,0.64,0.66,0.61,0.61
BCPC,1994-04-04,0.66,0.66,0.66,0.66
BCPC,1994-04-05,0.66,0.66,0.64,0.64
BCPC,1994-04-06,0.68,0.74,0.68,0.74
BCPC,1994-04-07,0.75,0.75,0.75,0.75
BCPC,1994-04-08,0.75,0.75,0.75,0.75
BCPC,1994-04-11,0.75,0.75,0.75,0.75
BCPC,1994-04-12,0.75,0.75,0.75,0.75
BCPC,1994-04-13,0.66,0.66,0.66,0.66
BCPC,1994-04-14,0.66,0.66,0.66,0.66
BCPC,1994-04-15,0.66,0.66,0.66,0.66
BCPC,1994-04-18,0.66,0.66,0.66,0.66
BCPC,1994-04-19,0.66,0.66,0.66,0.66
BCPC,1994-04-20,0.66,0.66,0.66,0.66
BCPC,1994-04-21,0.7,0.7,0.6,0.6
BCPC,1994-04-22,0.7,0.7,0.7,0.7
BCPC,1994-04-25,0.7,0.7,0.7,0.7
BCPC,1994-04-26,0.71,0.71,0.61,0.61
BCPC,1994-04-28,0.61,0.61,0.61,0.61
BCPC,1994-04-29,0.61,0.61,0.61,0.61
BCPC,1994-05-02,0.61,0.61,0.61,0.61
BCPC,1994-05-03,0.61,0.61,0.61,0.61
BCPC,1994-05-04,0.61,0.61,0.61,0.61
BCPC,1994-05-05,0.61,0.61,0.61,0.61
BCPC,1994-05-06,0.61,0.61,0.61,0.61
BCPC,1994-05-09,0.61,0.66,0.61,0.66
BCPC,1994-05-10,0.66,0.66,0.66,0.66
BCPC,1994-05-11,0.69,0.69,0.69,0.69
BCPC,1994-05-12,0.69,0.69,0.69,0.69
BCPC,1994-05-13,0.7,0.7,0.7,0.7
BCPC,1994-05-16,0.64,0.64,0.64,0.64
BCPC,1994-05-17,0.64,0.64,0.64,0.64
BCPC,1994-05-18,0.6,0.6,0.6,0.6
BCPC,1994-05-19,0.6,0.6,0.6,0.6
BCPC,1994-05-20,0.68,0.68,0.68,0.68
BCPC,1994-05-23,0.68,0.68,0.68,0.68
BCPC,1994-05-24,0.68,0.68,0.68,0.68
BCPC,1994-05-25,0.68,0.68,0.68,0.68
BCPC,1994-05-26,0.68,0.68,0.68,0.68
BCPC,1994-05-27,0.68,0.68,0.68,0.68
BCPC,1994-05-31,0.68,0.68,0.68,0.68
BCPC,1994-06-01,0.7,0.7,0.68,0.68
BCPC,1994-06-02,0.7,0.7,0.7,0.7
BCPC,1994-06-03,0.66,0.77,0.66,0.77
BCPC,1994-06-06,0.77,0.77,0.77,0.77
BCPC,1994-06-07,0.79,0.83,0.79,0.81
BCPC,1994-06-08,0.82,0.88,0.81,0.81
BCPC,1994-06-09,0.81,0.81,0.81,0.81
BCPC,1994-06-10,0.88,0.88,0.8,0.83
BCPC,1994-06-13,0.79,0.79,0.79,0.79
BCPC,1994-06-14,0.79,0.79,0.79,0.79
BCPC,1994-06-15,0.79,0.79,0.79,0.79
BCPC,1994-06-16,0.75,0.79,0.75,0.78
BCPC,1994-06-17,0.75,0.9,0.75,0.83
BCPC,1994-06-20,0.81,0.81,0.81,0.81
BCPC,1994-06-21,0.79,0.83,0.79,0.83
BCPC,1994-06-22,0.83,0.83,0.83,0.83
BCPC,1994-06-23,0.75,0.75,0.75,0.75
BCPC,1994-06-24,0.75,0.86,0.75,0.81
BCPC,1994-06-27,0.86,0.86,0.8,0.83
BCPC,1994-06-28,0.8,0.8,0.79,0.79
BCPC,1994-06-29,0.81,0.81,0.81,0.81
BCPC,1994-06-30,0.77,0.79,0.77,0.79
BCPC,1994-07-01,0.75,0.75,0.75,0.75
BCPC,1994-07-05,0.77,0.77,0.72,0.72
BCPC,1994-07-06,0.72,0.72,0.72,0.72
BCPC,1994-07-07,0.72,0.72,0.72,0.72
BCPC,1994-07-08,0.72,0.72,0.72,0.72
BCPC,1994-07-11,0.72,0.72,0.72,0.72
BCPC,1994-07-12,0.72,0.72,0.72,0.72
BCPC,1994-07-13,0.7,0.7,0.7,0.7
BCPC,1994-07-14,0.7,0.7,0.7,0.7
BCPC,1994-07-15,0.7,0.7,0.7,0.7
BCPC,1994-07-18,0.7,0.7,0.7,0.7
BCPC,1994-07-19,0.78,0.78,0.77,0.77
BCPC,1994-07-20,0.77,0.77,0.77,0.77
BCPC,1994-07-21,0.79,0.79,0.79,0.79
BCPC,1994-07-22,0.74,0.74,0.74,0.74
BCPC,1994-07-25,0.74,0.74,0.74,0.74
BCPC,1994-07-26,0.74,0.74,0.74,0.74
BCPC,1994-07-27,0.74,0.74,0.74,0.74
BCPC,1994-07-28,0.74,0.74,0.74,0.74
BCPC,1994-07-29,0.7,0.7,0.7,0.7
BCPC,1994-08-01,0.7,0.7,0.7,0.7
BCPC,1994-08-02,0.7,0.7,0.7,0.7
BCPC,1994-08-03,0.75,0.75,0.75,0.75
BCPC,1994-08-04,0.75,0.75,0.75,0.75
BCPC,1994-08-05,0.75,0.75,0.75,0.75
BCPC,1994-08-08,0.78,0.78,0.78,0.78
BCPC,1994-08-09,0.78,0.78,0.78,0.78
BCPC,1994-08-10,0.78,0.78,0.78,0.78
BCPC,1994-08-11,0.78,0.78,0.78,0.78
BCPC,1994-08-12,0.78,0.78,0.78,0.78
BCPC,1994-08-15,0.7,0.74,0.7,0.74
BCPC,1994-08-16,0.74,0.74,0.74,0.74
BCPC,1994-08-17,0.74,0.74,0.74,0.74
BCPC,1994-08-18,0.68,0.68,0.68,0.68
BCPC,1994-08-19,0.68,0.68,0.68,0.68
BCPC,1994-08-22,0.68,0.68,0.68,0.68
BCPC,1994-08-23,0.68,0.68,0.68,0.68
BCPC,1994-08-24,0.68,0.68,0.68,0.68
BCPC,1994-08-25,0.68,0.72,0.68,0.72
BCPC,1994-08-26,0.72,0.72,0.72,0.72
BCPC,1994-08-29,0.75,0.78,0.72,0.78
BCPC,1994-08-30,0.77,0.77,0.76,0.76
BCPC,1994-08-31,0.78,0.78,0.78,0.78
BCPC,1994-09-01,0.78,0.78,0.75,0.78
BCPC,1994-09-02,0.78,0.78,0.72,0.75
BCPC,1994-09-06,0.72,0.72,0.72,0.72
BCPC,1994-09-07,0.75,0.75,0.75,0.75
BCPC,1994-09-08,0.78,0.78,0.78,0.78
BCPC,1994-09-09,0.78,0.78,0.75,0.75
BCPC,1994-09-12,0.72,0.75,0.72,0.75
BCPC,1994-09-13,0.75,0.75,0.75,0.75
BCPC,1994-09-14,0.75,0.75,0.75,0.75
BCPC,1994-09-15,0.75,0.75,0.75,0.75
BCPC,1994-09-16,0.71,0.75,0.71,0.75
BCPC,1994-09-19,0.7,0.7,0.7,0.7
BCPC,1994-09-20,0.7,0.72,0.7,0.72
BCPC,1994-09-21,0.68,0.68,0.68,0.68
BCPC,1994-09-22,0.68,0.68,0.68,0.68
BCPC,1994-09-23,0.68,0.68,0.68,0.68
BCPC,1994-09-26,0.71,0.71,0.71,0.71
BCPC,1994-09-27,0.71,0.71,0.71,0.71
BCPC,1994-09-28,0.71,0.71,0.71,0.71
BCPC,1994-09-29,0.71,0.71,0.71,0.71
BCPC,1994-09-30,0.71,0.71,0.71,0.71
BCPC,1994-10-03,0.71,0.71,0.71,0.71
BCPC,1994-10-04,0.82,0.82,0.82,0.82
BCPC,1994-10-05,0.74,0.86,0.74,0.86
BCPC,1994-10-06,0.86,0.86,0.86,0.86
BCPC,1994-10-07,0.76,0.76,0.76,0.76
BCPC,1994-10-10,0.79,0.79,0.79,0.79
BCPC,1994-10-11,0.79,0.79,0.79,0.79
BCPC,1994-10-12,0.81,0.81,0.81,0.81
BCPC,1994-10-13,0.81,0.81,0.81,0.81
BCPC,1994-10-14,0.82,0.82,0.74,0.74
BCPC,1994-10-17,0.84,0.84,0.84,0.84
BCPC,1994-10-18,0.84,0.84,0.84,0.84
BCPC,1994-10-19,0.74,0.74,0.74,0.74
BCPC,1994-10-20,0.76,0.79,0.76,0.79
BCPC,1994-10-21,0.79,0.79,0.79,0.79
BCPC,1994-10-24,0.74,0.74,0.74,0.74
BCPC,1994-10-25,0.74,0.74,0.74,0.74
BCPC,1994-10-26,0.74,0.74,0.74,0.74
BCPC,1994-10-27,0.79,0.79,0.79,0.79
BCPC,1994-10-28,0.79,0.79,0.79,0.79
BCPC,1994-10-31,0.74,0.87,0.74,0.84
BCPC,1994-11-01,0.84,0.84,0.84,0.84
BCPC,1994-11-02,0.82,0.82,0.77,0.77
BCPC,1994-11-03,0.86,0.86,0.86,0.86
BCPC,1994-11-04,0.79,0.89,0.77,0.77
BCPC,1994-11-07,0.86,0.86,0.86,0.86
BCPC,1994-11-08,0.82,0.82,0.82,0.82
BCPC,1994-11-09,0.76,0.76,0.76,0.76
BCPC,1994-11-10,0.79,0.82,0.77,0.77
BCPC,1994-11-11,0.77,0.86,0.77,0.81
BCPC,1994-11-14,0.86,0.86,0.86,0.86
BCPC,1994-11-15,0.77,0.82,0.77,0.82
BCPC,1994-11-16,0.82,0.82,0.82,0.82
BCPC,1994-11-17,0.74,0.77,0.74,0.77
BCPC,1994-11-18,0.77,0.77,0.77,0.77
BCPC,1994-11-21,0.77,0.77,0.77,0.77
BCPC,1994-11-22,0.74,0.74,0.74,0.74
BCPC,1994-11-23,0.74,0.74,0.74,0.74
BCPC,1994-11-25,0.72,0.77,0.72,0.77
BCPC,1994-11-28,0.82,0.82,0.72,0.72
BCPC,1994-11-29,0.72,0.74,0.72,0.72
BCPC,1994-11-30,0.82,0.82,0.82,0.82
BCPC,1994-12-01,0.81,0.81,0.81,0.81
BCPC,1994-12-02,0.81,0.82,0.74,0.82
BCPC,1994-12-05,0.82,0.82,0.82,0.82
BCPC,1994-12-06,0.74,0.74,0.74,0.74
BCPC,1994-12-07,0.82,0.82,0.82,0.82
BCPC,1994-12-08,0.74,0.74,0.74,0.74
BCPC,1994-12-09,0.82,0.82,0.74,0.82
BCPC,1994-12-12,0.74,0.74,0.74,0.74
BCPC,1994-12-13,0.74,0.74,0.74,0.74
BCPC,1994-12-14,0.77,0.77,0.77,0.77
BCPC,1994-12-15,0.74,0.74,0.74,0.74
BCPC,1994-12-16,0.74,0.74,0.74,0.74
BCPC,1994-12-19,0.82,0.82,0.77,0.77
BCPC,1994-12-20,0.77,0.77,0.77,0.77
BCPC,1994-12-21,0.77,0.77,0.77,0.77
BCPC,1994-12-22,0.84,0.85,0.81,0.81
BCPC,1994-12-23,0.91,0.91,0.83,0.83
BCPC,1994-12-27,0.79,0.83,0.79,0.83
BCPC,1994-12-28,0.79,0.79,0.79,0.79
BCPC,1994-12-29,0.79,0.82,0.69,0.82
BCPC,1994-12-30,0.81,0.81,0.79,0.79
BCPC,1995-01-03,0.79,0.79,0.79,0.79
BCPC,1995-01-04,0.81,0.81,0.81,0.81
BCPC,1995-01-05,0.81,0.81,0.81,0.81
BCPC,1995-01-06,0.81,0.81,0.81,0.81
BCPC,1995-01-09,0.81,0.81,0.81,0.81
BCPC,1995-01-10,0.81,0.81,0.81,0.81
BCPC,1995-01-11,0.81,0.81,0.81,0.81
BCPC,1995-01-12,0.81,0.81,0.81,0.81
BCPC,1995-01-13,0.81,0.81,0.81,0.81
BCPC,1995-01-16,0.81,0.81,0.81,0.81
BCPC,1995-01-17,0.79,0.81,0.79,0.81
BCPC,1995-01-18,0.69,0.71,0.69,0.71
BCPC,1995-01-19,0.81,0.81,0.81,0.81
BCPC,1995-01-20,0.81,0.81,0.81,0.81
BCPC,1995-01-23,0.81,0.81,0.81,0.81
BCPC,1995-01-24,0.81,0.81,0.81,0.81
BCPC,1995-01-25,0.76,0.76,0.76,0.76
BCPC,1995-01-26,0.76,0.76,0.76,0.76
BCPC,1995-01-27,0.76,0.76,0.76,0.76
BCPC,1995-01-30,0.69,0.81,0.69,0.81
BCPC,1995-01-31,0.72,0.76,0.72,0.76
BCPC,1995-02-01,0.76,0.76,0.76,0.76
BCPC,1995-02-02,0.76,0.76,0.76,0.76
BCPC,1995-02-03,0.79,0.79,0.79,0.79
BCPC,1995-02-06,0.72,0.72,0.72,0.72
BCPC,1995-02-07,0.72,0.81,0.72,0.81
BCPC,1995-02-08,0.72,0.72,0.72,0.72
BCPC,1995-02-09,0.72,0.77,0.72,0.77
BCPC,1995-02-10,0.77,0.77,0.77,0.77
BCPC,1995-02-13,0.77,0.77,0.77,0.77
BCPC,1995-02-14,0.77,0.77,0.77,0.77
BCPC,1995-02-15,0.81,0.81,0.81,0.81
BCPC,1995-02-16,0.81,0.81,0.81,0.81
BCPC,1995-02-17,0.72,0.81,0.72,0.79
BCPC,1995-02-21,0.79,0.79,0.79,0.79
BCPC,1995-02-22,0.79,0.79,0.79,0.79
BCPC,1995-02-23,0.76,0.76,0.76,0.76
BCPC,1995-02-24,0.76,0.76,0.76,0.76
BCPC,1995-02-27,0.76,0.76,0.76,0.76
BCPC,1995-02-28,0.76,0.76,0.76,0.76
BCPC,1995-03-01,0.76,0.76,0.76,0.76
BCPC,1995-03-02,0.69,0.72,0.69,0.72
BCPC,1995-03-03,0.74,0.74,0.74,0.74
BCPC,1995-03-06,0.76,0.76,0.76,0.76
BCPC,1995-03-07,0.76,0.76,0.74,0.74
BCPC,1995-03-08,0.74,0.74,0.74,0.74
BCPC,1995-03-09,0.76,0.76,0.76,0.76
BCPC,1995-03-10,0.76,0.76,0.76,0.76
BCPC,1995-03-13,0.76,0.76,0.76,0.76
BCPC,1995-03-14,0.76,0.76,0.76,0.76
BCPC,1995-03-15,0.74,0.74,0.74,0.74
BCPC,1995-03-16,0.72,0.76,0.72,0.76
BCPC,1995-03-17,0.72,0.72,0.72,0.72
BCPC,1995-03-20,0.72,0.72,0.72,0.72
BCPC,1995-03-21,0.76,0.76,0.76,0.76
BCPC,1995-03-22,0.76,0.76,0.76,0.76
BCPC,1995-03-23,0.76,0.76,0.76,0.76
BCPC,1995-03-24,0.76,0.76,0.76,0.76
BCPC,1995-03-27,0.76,0.76,0.76,0.76
BCPC,1995-03-28,0.76,0.76,0.76,0.76
BCPC,1995-03-29,0.76,0.76,0.76,0.76
BCPC,1995-03-30,0.76,0.76,0.74,0.76
BCPC,1995-03-31,0.74,0.76,0.74,0.76
BCPC,1995-04-03,0.77,0.77,0.77,0.77
BCPC,1995-04-04,0.76,0.76,0.74,0.74
BCPC,1995-04-05,0.72,0.72,0.72,0.72
BCPC,1995-04-06,0.74,0.74,0.74,0.74
BCPC,1995-04-07,0.74,0.74,0.74,0.74
BCPC,1995-04-10,0.74,0.76,0.74,0.76
BCPC,1995-04-11,0.76,0.76,0.76,0.76
BCPC,1995-04-12,0.76,0.76,0.76,0.76
BCPC,1995-04-13,0.76,0.76,0.76,0.76
BCPC,1995-04-17,0.76,0.76,0.76,0.76
BCPC,1995-04-18,0.77,0.77,0.77,0.77
BCPC,1995-04-19,0.77,0.77,0.77,0.77
BCPC,1995-04-20,0.76,0.76,0.76,0.76
BCPC,1995-04-21,0.72,0.72,0.72,0.72
BCPC,1995-04-24,0.72,0.72,0.72,0.72
BCPC,1995-04-25,0.72,0.72,0.72,0.72
BCPC,1995-04-26,0.72,0.79,0.72,0.79
BCPC,1995-04-27,0.79,0.82,0.77,0.81
BCPC,1995-04-28,0.81,0.81,0.79,0.81
BCPC,1995-05-01,0.82,0.82,0.82,0.82
BCPC,1995-05-02,0.81,0.82,0.81,0.82
BCPC,1995-05-03,0.82,0.82,0.82,0.82
BCPC,1995-05-04,0.82,0.82,0.82,0.82
BCPC,1995-05-05,0.82,0.82,0.77,0.77
BCPC,1995-05-08,0.78,0.78,0.78,0.78
BCPC,1995-05-09,0.77,0.77,0.77,0.77
BCPC,1995-05-10,0.76,0.76,0.76,0.76
BCPC,1995-05-11,0.77,0.77,0.76,0.76
BCPC,1995-05-12,0.76,0.76,0.76,0.76
BCPC,1995-05-15,0.77,0.77,0.77,0.77
BCPC,1995-05-16,0.77,0.77,0.76,0.76
BCPC,1995-05-17,0.76,0.76,0.74,0.74
BCPC,1995-05-18,0.76,0.76,0.72,0.72
BCPC,1995-05-19,0.72,0.72,0.72,0.72
BCPC,1995-05-22,0.72,0.72,0.72,0.72
BCPC,1995-05-23,0.74,0.76,0.72,0.72
BCPC,1995-05-24,0.74,0.76,0.74,0.76
BCPC,1995-05-25,0.76,0.76,0.76,0.76
BCPC,1995-05-26,0.77,0.77,0.77,0.77
BCPC,1995-05-30,0.79,0.79,0.77,0.77
BCPC,1995-05-31,0.79,0.82,0.79,0.81
BCPC,1995-06-01,0.82,0.87,0.82,0.87
BCPC,1995-06-02,0.89,0.89,0.89,0.89
BCPC,1995-06-05,0.91,1.02,0.91,1.02
BCPC,1995-06-06,1.04,1.05,1.02,1.05
BCPC,1995-06-07,1.07,1.07,1.02,1.02
BCPC,1995-06-08,1.05,1.07,1.05,1.05
BCPC,1995-06-09,1.05,1.05,1.02,1.02
BCPC,1995-06-12,1.0,1.0,1.0,1.0
BCPC,1995-06-13,1.02,1.04,1.02,1.04
BCPC,1995-06-14,1.04,1.04,1.04,1.04
BCPC,1995-06-15,1.05,1.07,1.05,1.07
BCPC,1995-06-16,1.07,1.09,1.07,1.09
BCPC,1995-06-19,1.07,1.07,1.05,1.05
BCPC,1995-06-20,1.05,1.05,1.05,1.05
BCPC,1995-06-21,1.05,1.06,1.05,1.06
BCPC,1995-06-22,1.07,1.08,1.07,1.08
BCPC,1995-06-23,1.06,1.06,1.05,1.05
BCPC,1995-06-26,1.07,1.07,1.07,1.07
BCPC,1995-06-27,1.05,1.05,1.05,1.05
BCPC,1995-06-28,1.07,1.07,1.05,1.07
BCPC,1995-06-29,1.05,1.05,1.05,1.05
BCPC,1995-06-30,1.02,1.02,1.02,1.02
BCPC,1995-07-03,1.02,1.02,1.02,1.02
BCPC,1995-07-05,1.02,1.04,1.02,1.04
BCPC,1995-07-06,1.05,1.05,1.05,1.05
BCPC,1995-07-07,1.02,1.04,1.02,1.04
BCPC,1995-07-10,1.03,1.04,1.03,1.04
BCPC,1995-07-11,1.05,1.05,1.04,1.04
BCPC,1995-07-12,1.05,1.05,1.03,1.03
BCPC,1995-07-13,1.03,1.03,1.03,1.03
BCPC,1995-07-14,1.04,1.05,1.04,1.04
BCPC,1995-07-17,1.05,1.05,1.03,1.05
BCPC,1995-07-18,1.05,1.05,1.05,1.05
BCPC,1995-07-19,1.05,1.05,1.05,1.05
BCPC,1995-07-20,1.05,1.05,1.05,1.05
BCPC,1995-07-21,1.04,1.04,1.02,1.02
BCPC,1995-07-24,1.02,1.02,1.02,1.02
BCPC,1995-07-25,1.05,1.09,1.05,1.08
BCPC,1995-07-26,1.05,1.08,1.05,1.05
BCPC,1995-07-27,1.07,1.07,1.05,1.05
BCPC,1995-07-28,1.05,1.05,1.05,1.05
BCPC,1995-07-31,1.07,1.09,1.05,1.08
BCPC,1995-08-01,1.09,1.1,1.09,1.1
BCPC,1995-08-02,1.1,1.11,1.1,1.11
BCPC,1995-08-03,1.11,1.11,1.11,1.11
BCPC,1995-08-04,1.12,1.12,1.1,1.11
BCPC,1995-08-07,1.11,1.12,1.11,1.12
BCPC,1995-08-08,1.12,1.12,1.1,1.12
BCPC,1995-08-09,1.12,1.3,1.12,1.3
BCPC,1995-08-10,1.26,1.29,1.23,1.25
BCPC,1995-08-11,1.26,1.26,1.22,1.23
BCPC,1995-08-14,1.25,1.31,1.23,1.31
BCPC,1995-08-15,1.29,1.3,1.29,1.3
BCPC,1995-08-16,1.28,1.29,1.27,1.28
BCPC,1995-08-17,1.3,1.3,1.27,1.27
BCPC,1995-08-18,1.28,1.28,1.28,1.28
BCPC,1995-08-21,1.27,1.27,1.27,1.27
BCPC,1995-08-22,1.25,1.25,1.25,1.25
BCPC,1995-08-23,1.27,1.27,1.27,1.27
BCPC,1995-08-24,1.25,1.25,1.22,1.22
BCPC,1995-08-25,1.22,1.22,1.22,1.22
BCPC,1995-08-28,1.2,1.2,1.19,1.2
BCPC,1995-08-29,1.22,1.22,1.22,1.22
BCPC,1995-08-30,1.23,1.23,1.23,1.23
BCPC,1995-08-31,1.23,1.24,1.23,1.24
BCPC,1995-09-01,1.23,1.23,1.22,1.23
BCPC,1995-09-05,1.2,1.25,1.2,1.25
BCPC,1995-09-06,1.25,1.27,1.23,1.27
BCPC,1995-09-07,1.28,1.28,1.28,1.28
BCPC,1995-09-08,1.27,1.28,1.27,1.27
BCPC,1995-09-11,1.28,1.28,1.28,1.28
BCPC,1995-09-12,1.28,1.28,1.28,1.28
BCPC,1995-09-13,1.28,1.31,1.28,1.31
BCPC,1995-09-14,1.28,1.3,1.28,1.3
BCPC,1995-09-15,1.32,1.32,1.28,1.3
BCPC,1995-09-18,1.3,1.35,1.3,1.35
BCPC,1995-09-19,1.35,1.45,1.35,1.45
BCPC,1995-09-20,1.43,1.45,1.42,1.42
BCPC,1995-09-21,1.4,1.42,1.38,1.42
BCPC,1995-09-22,1.4,1.45,1.4,1.45
BCPC,1995-09-25,1.43,1.43,1.38,1.38
BCPC,1995-09-26,1.38,1.38,1.38,1.38
BCPC,1995-09-27,1.4,1.4,1.4,1.4
BCPC,1995-09-28,1.42,1.42,1.38,1.38
BCPC,1995-09-29,1.38,1.42,1.38,1.42
BCPC,1995-10-02,1.4,1.4,1.38,1.38
BCPC,1995-10-03,1.37,1.37,1.35,1.35
BCPC,1995-10-04,1.33,1.35,1.33,1.35
BCPC,1995-10-05,1.35,1.37,1.33,1.33
BCPC,1995-10-06,1.33,1.33,1.32,1.32
BCPC,1995-10-09,1.33,1.33,1.3,1.3
BCPC,1995-10-10,1.28,1.28,1.23,1.23
BCPC,1995-10-11,1.2,1.2,1.19,1.2
BCPC,1995-10-12,1.22,1.28,1.22,1.28
BCPC,1995-10-13,1.27,1.28,1.27,1.28
BCPC,1995-10-16,1.28,1.28,1.28,1.28
BCPC,1995-10-17,1.3,1.3,1.3,1.3
BCPC,1995-10-18,1.3,1.3,1.3,1.3
BCPC,1995-10-19,1.3,1.3,1.3,1.3
BCPC,1995-10-20,1.3,1.3,1.3,1.3
BCPC,1995-10-23,1.28,1.28,1.28,1.28
BCPC,1995-10-24,1.28,1.3,1.28,1.3
BCPC,1995-10-25,1.3,1.3,1.27,1.28
BCPC,1995-10-26,1.27,1.27,1.23,1.23
BCPC,1995-10-27,1.23,1.23,1.23,1.23
BCPC,1995-10-30,1.23,1.23,1.22,1.23
BCPC,1995-10-31,1.25,1.25,1.19,1.19
BCPC,1995-11-01,1.14,1.15,1.14,1.15
BCPC,1995-11-02,1.15,1.15,1.14,1.14
BCPC,1995-11-03,1.14,1.15,1.14,1.14
BCPC,1995-11-06,1.17,1.19,1.17,1.19
BCPC,1995-11-07,1.19,1.19,1.19,1.19
BCPC,1995-11-08,1.19,1.19,1.19,1.19
BCPC,1995-11-09,1.17,1.19,1.17,1.19
BCPC,1995-11-10,1.17,1.17,1.17,1.17
BCPC,1995-11-13,1.17,1.17,1.17,1.17
BCPC,1995-11-14,1.19,1.19,1.17,1.18
BCPC,1995-11-15,1.18,1.18,1.17,1.17
BCPC,1995-11-16,1.17,1.17,1.17,1.17
BCPC,1995-11-17,1.19,1.19,1.19,1.19
BCPC,1995-11-20,1.15,1.15,1.15,1.15
BCPC,1995-11-21,1.14,1.14,1.14,1.14
BCPC,1995-11-22,1.15,1.15,1.14,1.14
BCPC,1995-11-24,1.14,1.14,1.14,1.14
BCPC,1995-11-27,1.15,1.15,1.15,1.15
BCPC,1995-11-28,1.15,1.15,1.14,1.14
BCPC,1995-11-29,1.14,1.15,1.14,1.15
BCPC,1995-11-30,1.17,1.17,1.15,1.15
BCPC,1995-12-01,1.15,1.15,1.15,1.15
BCPC,1995-12-04,1.17,1.17,1.17,1.17
BCPC,1995-12-05,1.15,1.15,1.14,1.14
BCPC,1995-12-06,1.15,1.15,1.14,1.15
BCPC,1995-12-07,1.15,1.17,1.14,1.14
BCPC,1995-12-08,1.14,1.15,1.14,1.15
BCPC,1995-12-11,1.15,1.15,1.15,1.15
BCPC,1995-12-12,1.14,1.17,1.14,1.15
BCPC,1995-12-13,1.15,1.15,1.15,1.15
BCPC,1995-12-14,1.14,1.17,1.14,1.17
BCPC,1995-12-15,1.19,1.19,1.17,1.19
BCPC,1995-12-18,1.2,1.2,1.19,1.19
BCPC,1995-12-19,1.19,1.19,1.19,1.19
BCPC,1995-12-20,1.17,1.17,1.15,1.15
BCPC,1995-12-21,1.15,1.15,1.15,1.15
BCPC,1995-12-22,1.13,1.13,1.13,1.13
BCPC,1995-12-26,1.13,1.19,1.13,1.19
BCPC,1995-12-27,1.19,1.19,1.19,1.19
BCPC,1995-12-28,1.19,1.19,1.19,1.19
BCPC,1995-12-29,1.19,1.19,1.19,1.19
BCPC,1996-01-02,1.17,1.17,1.15,1.15
BCPC,1996-01-03,1.17,1.17,1.17,1.17
BCPC,1996-01-04,1.15,1.15,1.15,1.15
BCPC,1996-01-05,1.14,1.15,1.14,1.15
BCPC,1996-01-08,1.14,1.14,1.13,1.13
BCPC,1996-01-09,1.12,1.12,1.12,1.12
BCPC,1996-01-10,1.11,1.11,1.11,1.11
BCPC,1996-01-11,1.11,1.11,1.11,1.11
BCPC,1996-01-12,1.11,1.11,1.11,1.11
BCPC,1996-01-15,1.12,1.12,1.12,1.12
BCPC,1996-01-16,1.12,1.12,1.12,1.12
BCPC,1996-01-17,1.11,1.11,1.11,1.11
BCPC,1996-01-18,1.12,1.12,1.11,1.11
BCPC,1996-01-19,1.11,1.12,1.11,1.12
BCPC,1996-01-22,1.12,1.12,1.1,1.12
BCPC,1996-01-23,1.12,1.12,1.12,1.12
BCPC,1996-01-24,1.12,1.12,1.12,1.12
BCPC,1996-01-25,1.12,1.12,1.12,1.12
BCPC,1996-01-26,1.12,1.12,1.12,1.12
BCPC,1996-01-29,1.1,1.14,1.1,1.14
BCPC,1996-01-30,1.15,1.17,1.15,1.17
BCPC,1996-01-31,1.19,1.19,1.15,1.19
BCPC,1996-02-01,1.2,1.22,1.19,1.2
BCPC,1996-02-02,1.21,1.22,1.21,1.22
BCPC,1996-02-05,1.22,1.22,1.19,1.19
BCPC,1996-02-06,1.19,1.19,1.15,1.15
BCPC,1996-02-07,1.12,1.12,1.12,1.12
BCPC,1996-02-08,1.12,1.12,1.12,1.12
BCPC,1996-02-09,1.15,1.15,1.15,1.15
BCPC,1996-02-12,1.15,1.17,1.15,1.15
BCPC,1996-02-13,1.15,1.15,1.15,1.15
BCPC,1996-02-14,1.14,1.14,1.14,1.14
BCPC,1996-02-15,1.14,1.14,1.14,1.14
BCPC,1996-02-16,1.13,1.14,1.12,1.12
BCPC,1996-02-20,1.12,1.13,1.11,1.13
BCPC,1996-02-21,1.12,1.14,1.12,1.14
BCPC,1996-02-22,1.14,1.15,1.14,1.14
BCPC,1996-02-23,1.14,1.14,1.12,1.14
BCPC,1996-02-26,1.14,1.14,1.14,1.14
BCPC,1996-02-27,1.13,1.13,1.12,1.12
BCPC,1996-02-28,1.12,1.12,1.12,1.12
BCPC,1996-02-29,1.12,1.2,1.12,1.19
BCPC,1996-03-01,1.19,1.19,1.19,1.19
BCPC,1996-03-04,1.2,1.2,1.19,1.19
BCPC,1996-03-05,1.2,1.22,1.19,1.19
BCPC,1996-03-06,1.19,1.19,1.19,1.19
BCPC,1996-03-07,1.2,1.2,1.19,1.2
BCPC,1996-03-08,1.22,1.22,1.19,1.19
BCPC,1996-03-11,1.2,1.2,1.12,1.15
BCPC,1996-03-12,1.15,1.15,1.15,1.15
BCPC,1996-03-13,1.15,1.15,1.15,1.15
BCPC,1996-03-14,1.15,1.15,1.15,1.15
BCPC,1996-03-15,1.14,1.14,1.14,1.14
BCPC,1996-03-18,1.14,1.14,1.14,1.14
BCPC,1996-03-19,1.14,1.14,1.14,1.14
BCPC,1996-03-20,1.14,1.14,1.14,1.14
BCPC,1996-03-21,1.17,1.17,1.17,1.17
BCPC,1996-03-22,1.17,1.17,1.17,1.17
BCPC,1996-03-25,1.15,1.17,1.15,1.17
BCPC,1996-03-26,1.19,1.19,1.14,1.17
BCPC,1996-03-27,1.17,1.17,1.17,1.17
BCPC,1996-03-28,1.17,1.17,1.17,1.17
BCPC,1996-03-29,1.18,1.18,1.17,1.17
BCPC,1996-04-01,1.17,1.17,1.17,1.17
BCPC,1996-04-02,1.15,1.15,1.12,1.12
BCPC,1996-04-03,1.12,1.12,1.1,1.1
BCPC,1996-04-04,1.1,1.1,1.1,1.1
BCPC,1996-04-08,1.08,1.09,1.08,1.09
BCPC,1996-04-09,1.07,1.1,1.07,1.1
BCPC,1996-04-10,1.08,1.08,1.08,1.08
BCPC,1996-04-11,1.09,1.09,1.09,1.09
BCPC,1996-04-12,1.09,1.09,1.09,1.09
BCPC,1996-04-15,1.12,1.12,1.12,1.12
BCPC,1996-04-16,1.12,1.12,1.12,1.12
BCPC,1996-04-17,1.12,1.12,1.12,1.12
BCPC,1996-04-18,1.12,1.12,1.12,1.12
BCPC,1996-04-19,1.12,1.12,1.12,1.12
BCPC,1996-04-22,1.12,1.12,1.12,1.12
BCPC,1996-04-23,1.09,1.09,1.08,1.09
BCPC,1996-04-24,1.07,1.07,1.07,1.07
BCPC,1996-04-25,1.07,1.09,1.07,1.09
BCPC,1996-04-26,1.1,1.1,1.07,1.1
BCPC,1996-04-29,1.12,1.14,1.12,1.14
BCPC,1996-04-30,1.14,1.14,1.14,1.14
BCPC,1996-05-01,1.14,1.14,1.14,1.14
BCPC,1996-05-02,1.14,1.14,1.14,1.14
BCPC,1996-05-03,1.15,1.15,1.14,1.14
BCPC,1996-05-06,1.12,1.14,1.12,1.14
BCPC,1996-05-07,1.17,1.17,1.17,1.17
BCPC,1996-05-08,1.19,1.19,1.19,1.19
BCPC,1996-05-09,1.19,1.19,1.19,1.19
BCPC,1996-05-10,1.15,1.17,1.15,1.17
BCPC,1996-05-13,1.19,1.32,1.19,1.32
BCPC,1996-05-14,1.35,1.43,1.35,1.38
BCPC,1996-05-15,1.37,1.37,1.35,1.35
BCPC,1996-05-16,1.32,1.35,1.32,1.35
BCPC,1996-05-17,1.37,1.4,1.37,1.37
BCPC,1996-05-20,1.35,1.37,1.35,1.37
BCPC,1996-05-21,1.38,1.4,1.37,1.38
BCPC,1996-05-22,1.38,1.4,1.38,1.4
BCPC,1996-05-23,1.42,1.42,1.38,1.38
BCPC,1996-05-24,1.38,1.43,1.33,1.33
BCPC,1996-05-28,1.32,1.33,1.3,1.32
BCPC,1996-05-29,1.3,1.3,1.23,1.25
BCPC,1996-05-30,1.28,1.28,1.28,1.28
BCPC,1996-05-31,1.3,1.3,1.3,1.3
BCPC,1996-06-03,1.3,1.3,1.3,1.3
BCPC,1996-06-04,1.28,1.28,1.28,1.28
BCPC,1996-06-05,1.3,1.3,1.3,1.3
BCPC,1996-06-06,1.3,1.32,1.3,1.32
BCPC,1996-06-07,1.28,1.3,1.25,1.28
BCPC,1996-06-10,1.3,1.3,1.28,1.28
BCPC,1996-06-11,1.27,1.27,1.27,1.27
BCPC,1996-06-12,1.27,1.3,1.27,1.27
BCPC,1996-06-13,1.25,1.27,1.25,1.25
BCPC,1996-06-14,1.27,1.27,1.27,1.27
BCPC,1996-06-17,1.28,1.28,1.25,1.27
BCPC,1996-06-18,1.25,1.25,1.25,1.25
BCPC,1996-06-19,1.25,1.25,1.23,1.23
BCPC,1996-06-20,1.25,1.25,1.22,1.22
BCPC,1996-06-21,1.23,1.25,1.23,1.25
BCPC,1996-06-24,1.25,1.25,1.23,1.23
BCPC,1996-06-25,1.23,1.25,1.22,1.23
BCPC,1996-06-26,1.22,1.23,1.2,1.2
BCPC,1996-06-27,1.2,1.2,1.2,1.2
BCPC,1996-06-28,1.2,1.2,1.2,1.2
BCPC,1996-07-01,1.22,1.23,1.22,1.23
BCPC,1996-07-02,1.22,1.22,1.22,1.22
BCPC,1996-07-03,1.23,1.23,1.22,1.22
BCPC,1996-07-05,1.22,1.22,1.22,1.22
BCPC,1996-07-08,1.22,1.22,1.22,1.22
BCPC,1996-07-09,1.2,1.2,1.2,1.2
BCPC,1996-07-10,1.22,1.22,1.22,1.22
BCPC,1996-07-11,1.22,1.22,1.19,1.19
BCPC,1996-07-12,1.2,1.2,1.2,1.2
BCPC,1996-07-15,1.19,1.19,1.19,1.19
BCPC,1996-07-16,1.17,1.17,1.14,1.14
BCPC,1996-07-17,1.17,1.17,1.17,1.17
BCPC,1996-07-18,1.15,1.15,1.15,1.15
BCPC,1996-07-19,1.17,1.19,1.14,1.17
BCPC,1996-07-22,1.19,1.2,1.19,1.2
BCPC,1996-07-23,1.2,1.2,1.15,1.15
BCPC,1996-07-24,1.12,1.12,1.1,1.1
BCPC,1996-07-25,1.1,1.1,1.1,1.1
BCPC,1996-07-26,1.1,1.1,1.09,1.09
BCPC,1996-07-29,1.07,1.07,1.05,1.05
BCPC,1996-07-30,1.07,1.07,1.07,1.07
BCPC,1996-07-31,1.07,1.07,1.07,1.07
BCPC,1996-08-01,1.09,1.09,1.07,1.07
BCPC,1996-08-02,1.07,1.09,1.07,1.09
BCPC,1996-08-05,1.1,1.1,1.1,1.1
BCPC,1996-08-06,1.1,1.1,1.1,1.1
BCPC,1996-08-07,1.12,1.12,1.1,1.1
BCPC,1996-08-08,1.14,1.15,1.14,1.15
BCPC,1996-08-09,1.15,1.15,1.15,1.15
BCPC,1996-08-12,1.15,1.17,1.15,1.15
BCPC,1996-08-13,1.14,1.14,1.14,1.14
BCPC,1996-08-14,1.14,1.14,1.14,1.14
BCPC,1996-08-15,1.15,1.15,1.14,1.14
BCPC,1996-08-16,1.17,1.17,1.12,1.12
BCPC,1996-08-19,1.12,1.12,1.12,1.12
BCPC,1996-08-20,1.12,1.12,1.12,1.12
BCPC,1996-08-21,1.12,1.12,1.12,1.12
BCPC,1996-08-22,1.12,1.12,1.12,1.12
BCPC,1996-08-23,1.14,1.14,1.12,1.12
BCPC,1996-08-26,1.12,1.17,1.1,1.17
BCPC,1996-08-27,1.17,1.17,1.17,1.17
BCPC,1996-08-28,1.17,1.17,1.17,1.17
BCPC,1996-08-29,1.17,1.17,1.17,1.17
BCPC,1996-08-30,1.17,1.17,1.17,1.17
BCPC,1996-09-03,1.17,1.17,1.15,1.15
BCPC,1996-09-04,1.14,1.14,1.14,1.14
BCPC,1996-09-05,1.12,1.12,1.12,1.12
BCPC,1996-09-06,1.09,1.1,1.09,1.1
BCPC,1996-09-09,1.09,1.1,1.09,1.1
BCPC,1996-09-10,1.09,1.09,1.09,1.09
BCPC,1996-09-11,1.07,1.07,1.07,1.07
BCPC,1996-09-12,1.09,1.1,1.09,1.1
BCPC,1996-09-13,1.1,1.1,1.1,1.1
BCPC,1996-09-16,1.1,1.1,1.09,1.09
BCPC,1996-09-17,1.07,1.07,1.05,1.07
BCPC,1996-09-18,1.09,1.09,1.05,1.05
BCPC,1996-09-19,1.05,1.05,1.05,1.05
BCPC,1996-09-20,1.07,1.09,1.07,1.09
BCPC,1996-09-23,1.07,1.07,1.07,1.07
BCPC,1996-09-24,1.05,1.1,1.05,1.1
BCPC,1996-09-25,1.09,1.09,1.09,1.09
BCPC,1996-09-26,1.1,1.1,1.1,1.1
BCPC,1996-09-27,1.12,1.12,1.12,1.12
BCPC,1996-09-30,1.1,1.1,1.09,1.09
BCPC,1996-10-01,1.09,1.09,1.09,1.09
BCPC,1996-10-02,1.07,1.07,1.05,1.05
BCPC,1996-10-03,1.05,1.05,1.05,1.05
BCPC,1996-10-04,1.05,1.05,1.05,1.05
BCPC,1996-10-07,1.05,1.05,1.05,1.05
BCPC,1996-10-08,1.09,1.09,1.07,1.07
BCPC,1996-10-09,1.09,1.09,1.04,1.04
BCPC,1996-10-10,1.04,1.04,1.04,1.04
BCPC,1996-10-11,1.05,1.05,1.05,1.05
BCPC,1996-10-14,1.05,1.05,1.04,1.04
BCPC,1996-10-15,1.05,1.07,1.02,1.07
BCPC,1996-10-16,1.05,1.09,1.05,1.07
BCPC,1996-10-17,1.04,1.07,1.02,1.07
BCPC,1996-10-18,1.04,1.04,1.04,1.04
BCPC,1996-10-21,1.02,1.09,1.02,1.09
BCPC,1996-10-22,1.1,1.1,1.05,1.05
BCPC,1996-10-23,1.09,1.09,1.07,1.07
BCPC,1996-10-24,1.07,1.07,1.07,1.07
BCPC,1996-10-25,1.07,1.07,1.07,1.07
BCPC,1996-10-28,1.09,1.09,1.07,1.07
BCPC,1996-10-29,1.07,1.09,1.07,1.07
BCPC,1996-10-30,1.09,1.09,1.09,1.09
BCPC,1996-10-31,1.09,1.09,1.09,1.09
BCPC,1996-11-01,1.1,1.1,1.1,1.1
BCPC,1996-11-04,1.1,1.1,1.09,1.1
BCPC,1996-11-05,1.1,1.1,1.1,1.1
BCPC,1996-11-06,1.12,1.12,1.12,1.12
BCPC,1996-11-07,1.12,1.12,1.12,1.12
BCPC,1996-11-08,1.12,1.12,1.12,1.12
BCPC,1996-11-11,1.12,1.12,1.12,1.12
BCPC,1996-11-12,1.11,1.11,1.11,1.11
BCPC,1996-11-13,1.1,1.1,1.1,1.1
BCPC,1996-11-14,1.12,1.12,1.12,1.12
BCPC,1996-11-15,1.1,1.1,1.1,1.1
BCPC,1996-11-18,1.1,1.1,1.1,1.1
BCPC,1996-11-19,1.1,1.1,1.1,1.1
BCPC,1996-11-20,1.1,1.12,1.1,1.12
BCPC,1996-11-21,1.12,1.12,1.1,1.1
BCPC,1996-11-22,1.1,1.1,1.09,1.09
BCPC,1996-11-25,1.12,1.14,1.1,1.1
BCPC,1996-11-26,1.11,1.12,1.1,1.12
BCPC,1996-11-27,1.12,1.12,1.12,1.12
BCPC,1996-11-29,1.1,1.1,1.1,1.1
BCPC,1996-12-02,1.11,1.12,1.11,1.12
BCPC,1996-12-03,1.14,1.14,1.12,1.12
BCPC,1996-12-04,1.12,1.14,1.1,1.1
BCPC,1996-12-05,1.09,1.1,1.07,1.09
BCPC,1996-12-06,1.12,1.12,1.12,1.12
BCPC,1996-12-09,1.12,1.14,1.12,1.14
BCPC,1996-12-10,1.12,1.12,1.1,1.12
BCPC,1996-12-11,1.12,1.12,1.12,1.12
BCPC,1996-12-12,1.12,1.12,1.12,1.12
BCPC,1996-12-13,1.12,1.12,1.12,1.12
BCPC,1996-12-16,1.12,1.12,1.12,1.12
BCPC,1996-12-17,1.1,1.1,1.07,1.07
BCPC,1996-12-18,1.05,1.12,1.05,1.1
BCPC,1996-12-19,1.1,1.14,1.1,1.14
BCPC,1996-12-20,1.17,1.17,1.17,1.17
BCPC,1996-12-23,1.17,1.17,1.14,1.14
BCPC,1996-12-24,1.14,1.14,1.14,1.14
BCPC,1996-12-26,1.15,1.15,1.14,1.14
BCPC,1996-12-27,1.13,1.13,1.13,1.13
BCPC,1996-12-30,1.13,1.13,1.13,1.13
BCPC,1996-12-31,1.14,1.14,1.12,1.12
BCPC,1997-01-02,1.14,1.14,1.14,1.14
BCPC,1997-01-03,1.14,1.14,1.14,1.14
BCPC,1997-01-06,1.14,1.14,1.14,1.14
BCPC,1997-01-07,1.14,1.14,1.14,1.14
BCPC,1997-01-08,1.14,1.14,1.14,1.14
BCPC,1997-01-09,1.12,1.12,1.12,1.12
BCPC,1997-01-10,1.1,1.1,1.1,1.1
BCPC,1997-01-13,1.1,1.1,1.1,1.1
BCPC,1997-01-14,1.09,1.09,1.05,1.05
BCPC,1997-01-15,1.07,1.1,1.07,1.1
BCPC,1997-01-16,1.12,1.19,1.12,1.14
BCPC,1997-01-17,1.12,1.12,1.12,1.12
BCPC,1997-01-20,1.1,1.1,1.07,1.07
BCPC,1997-01-21,1.09,1.09,1.07,1.07
BCPC,1997-01-22,1.07,1.07,1.07,1.07
BCPC,1997-01-23,1.09,1.09,1.09,1.09
BCPC,1997-01-24,1.09,1.09,1.09,1.09
BCPC,1997-01-27,1.09,1.09,1.09,1.09
BCPC,1997-01-28,1.09,1.09,1.09,1.09
BCPC,1997-01-29,1.09,1.09,1.07,1.07
BCPC,1997-01-30,1.09,1.09,1.09,1.09
BCPC,1997-01-31,1.09,1.09,1.06,1.07
BCPC,1997-02-03,1.1,1.1,1.1,1.1
BCPC,1997-02-04,1.09,1.12,1.09,1.12
BCPC,1997-02-05,1.14,1.14,1.14,1.14
BCPC,1997-02-06,1.12,1.12,1.12,1.12
BCPC,1997-02-07,1.14,1.14,1.14,1.14
BCPC,1997-02-10,1.15,1.15,1.14,1.14
BCPC,1997-02-11,1.12,1.12,1.09,1.09
BCPC,1997-02-12,1.09,1.09,1.09,1.09
BCPC,1997-02-13,1.09,1.09,1.09,1.09
BCPC,1997-02-14,1.09,1.09,1.09,1.09
BCPC,1997-02-18,1.1,1.1,1.09,1.09
BCPC,1997-02-19,1.09,1.12,1.09,1.12
BCPC,1997-02-20,1.12,1.12,1.12,1.12
BCPC,1997-02-21,1.15,1.17,1.15,1.17
BCPC,1997-02-24,1.14,1.19,1.14,1.19
BCPC,1997-02-25,1.19,1.23,1.19,1.22
BCPC,1997-02-26,1.2,1.2,1.2,1.2
BCPC,1997-02-27,1.2,1.2,1.2,1.2
BCPC,1997-02-28,1.22,1.22,1.2,1.2
BCPC,1997-03-03,1.19,1.19,1.14,1.14
BCPC,1997-03-04,1.15,1.15,1.15,1.15
BCPC,1997-03-05,1.15,1.15,1.15,1.15
BCPC,1997-03-06,1.15,1.15,1.15,1.15
BCPC,1997-03-07,1.15,1.15,1.15,1.15
BCPC,1997-03-10,1.15,1.15,1.15,1.15
BCPC,1997-03-11,1.15,1.15,1.15,1.15
BCPC,1997-03-12,1.15,1.15,1.15,1.15
BCPC,1997-03-13,1.12,1.12,1.12,1.12
BCPC,1997-03-14,1.12,1.12,1.12,1.12
BCPC,1997-03-17,1.12,1.12,1.12,1.12
BCPC,1997-03-18,1.12,1.12,1.12,1.12
BCPC,1997-03-19,1.12,1.12,1.12,1.12
BCPC,1997-03-20,1.12,1.12,1.12,1.12
BCPC,1997-03-21,1.14,1.14,1.12,1.12
BCPC,1997-03-24,1.12,1.12,1.12,1.12
BCPC,1997-03-25,1.12,1.12,1.12,1.12
BCPC,1997-03-26,1.12,1.12,1.12,1.12
BCPC,1997-03-27,1.12,1.12,1.1,1.1
BCPC,1997-03-31,1.12,1.12,1.12,1.12
BCPC,1997-04-01,1.12,1.12,1.12,1.12
BCPC,1997-04-02,1.14,1.14,1.14,1.14
BCPC,1997-04-03,1.13,1.13,1.12,1.12
BCPC,1997-04-04,1.09,1.09,1.09,1.09
BCPC,1997-04-07,1.1,1.1,1.1,1.1
BCPC,1997-04-08,1.09,1.09,1.09,1.09
BCPC,1997-04-09,1.09,1.09,1.09,1.09
BCPC,1997-04-10,1.09,1.09,1.09,1.09
BCPC,1997-04-11,1.09,1.1,1.09,1.1
BCPC,1997-04-14,1.1,1.1,1.09,1.09
BCPC,1997-04-15,1.1,1.1,1.1,1.1
BCPC,1997-04-16,1.1,1.1,1.1,1.1
BCPC,1997-04-17,1.1,1.1,1.1,1.1
BCPC,1997-04-18,1.1,1.1,1.1,1.1
BCPC,1997-04-21,1.1,1.19,1.1,1.19
BCPC,1997-04-22,1.22,1.25,1.22,1.22
BCPC,1997-04-23,1.22,1.32,1.22,1.32
BCPC,1997-04-24,1.4,1.42,1.35,1.37
BCPC,1997-04-25,1.4,1.4,1.33,1.33
BCPC,1997-04-28,1.35,1.35,1.28,1.28
BCPC,1997-04-29,1.25,1.25,1.23,1.23
BCPC,1997-04-30,1.25,1.25,1.24,1.24
BCPC,1997-05-01,1.25,1.27,1.25,1.26
BCPC,1997-05-02,1.28,1.35,1.28,1.32
BCPC,1997-05-05,1.35,1.38,1.33,1.38
BCPC,1997-05-06,1.38,1.38,1.38,1.38
BCPC,1997-05-07,1.35,1.35,1.33,1.35
BCPC,1997-05-08,1.35,1.35,1.33,1.33
BCPC,1997-05-09,1.35,1.35,1.35,1.35
BCPC,1997-05-12,1.35,1.35,1.32,1.33
BCPC,1997-05-13,1.33,1.33,1.33,1.33
BCPC,1997-05-14,1.38,1.38,1.32,1.32
BCPC,1997-05-15,1.32,1.33,1.32,1.33
BCPC,1997-05-16,1.35,1.35,1.28,1.28
BCPC,1997-05-19,1.3,1.3,1.3,1.3
BCPC,1997-05-20,1.32,1.33,1.31,1.33
BCPC,1997-05-21,1.32,1.32,1.32,1.32
BCPC,1997-05-22,1.32,1.33,1.32,1.33
BCPC,1997-05-23,1.3,1.3,1.28,1.3
BCPC,1997-05-27,1.33,1.33,1.33,1.33
BCPC,1997-05-28,1.33,1.33,1.32,1.32
BCPC,1997-05-29,1.28,1.3,1.28,1.3
BCPC,1997-05-30,1.27,1.28,1.27,1.28
BCPC,1997-06-02,1.3,1.3,1.3,1.3
BCPC,1997-06-03,1.28,1.32,1.28,1.32
BCPC,1997-06-04,1.35,1.42,1.35,1.42
BCPC,1997-06-05,1.4,1.42,1.4,1.4
BCPC,1997-06-06,1.4,1.42,1.4,1.42
BCPC,1997-06-09,1.38,1.42,1.38,1.4
BCPC,1997-06-10,1.43,1.43,1.42,1.42
BCPC,1997-06-11,1.45,1.48,1.45,1.45
BCPC,1997-06-12,1.47,1.47,1.42,1.42
BCPC,1997-06-13,1.43,1.44,1.37,1.37
BCPC,1997-06-16,1.38,1.38,1.38,1.38
BCPC,1997-06-17,1.42,1.45,1.42,1.45
BCPC,1997-06-18,1.45,1.45,1.42,1.45
BCPC,1997-06-19,1.45,1.45,1.38,1.38
BCPC,1997-06-20,1.4,1.4,1.4,1.4
BCPC,1997-06-23,1.37,1.4,1.37,1.4
BCPC,1997-06-24,1.38,1.38,1.38,1.38
BCPC,1997-06-25,1.38,1.38,1.38,1.38
BCPC,1997-06-26,1.38,1.42,1.38,1.42
BCPC,1997-06-27,1.45,1.45,1.42,1.42
BCPC,1997-06-30,1.42,1.42,1.42,1.42
BCPC,1997-07-01,1.42,1.42,1.42,1.42
BCPC,1997-07-02,1.43,1.43,1.43,1.43
BCPC,1997-07-03,1.4,1.4,1.4,1.4
BCPC,1997-07-07,1.43,1.44,1.43,1.44
BCPC,1997-07-08,1.42,1.42,1.4,1.4
BCPC,1997-07-09,1.4,1.43,1.4,1.43
BCPC,1997-07-10,1.45,1.48,1.44,1.44
BCPC,1997-07-11,1.44,1.48,1.43,1.47
BCPC,1997-07-14,1.51,1.55,1.5,1.55
BCPC,1997-07-15,1.55,1.71,1.55,1.63
BCPC,1997-07-16,1.7,1.78,1.66,1.74
BCPC,1997-07-17,1.74,1.74,1.65,1.65
BCPC,1997-07-18,1.65,1.65,1.6,1.6
BCPC,1997-07-21,1.6,1.79,1.6,1.71
BCPC,1997-07-22,1.74,1.78,1.7,1.7
BCPC,1997-07-23,1.71,1.81,1.71,1.81
BCPC,1997-07-24,1.81,1.84,1.71,1.79
BCPC,1997-07-25,1.79,1.89,1.79,1.89
BCPC,1997-07-28,2.01,2.13,1.98,2.02
BCPC,1997-07-29,2.04,2.09,1.96,1.96
BCPC,1997-07-30,1.98,1.98,1.91,1.97
BCPC,1997-07-31,1.98,1.98,1.89,1.93
BCPC,1997-08-01,1.93,1.94,1.89,1.94
BCPC,1997-08-04,1.91,1.91,1.84,1.86
BCPC,1997-08-05,1.86,1.86,1.83,1.83
BCPC,1997-08-06,1.79,1.79,1.74,1.74
BCPC,1997-08-07,1.71,1.87,1.71,1.87
BCPC,1997-08-08,1.88,1.9,1.86,1.86
BCPC,1997-08-11,1.81,1.84,1.78,1.81
BCPC,1997-08-12,1.81,1.81,1.78,1.79
BCPC,1997-08-13,1.78,1.79,1.74,1.74
BCPC,1997-08-14,1.73,1.76,1.73,1.76
BCPC,1997-08-15,1.79,1.83,1.79,1.83
BCPC,1997-08-18,1.79,1.91,1.79,1.91
BCPC,1997-08-19,1.94,1.96,1.81,1.81
BCPC,1997-08-20,1.78,1.83,1.76,1.81
BCPC,1997-08-21,1.84,1.89,1.78,1.78
BCPC,1997-08-22,1.74,1.79,1.74,1.79
BCPC,1997-08-25,1.78,1.81,1.76,1.76
BCPC,1997-08-26,1.79,1.81,1.76,1.76
BCPC,1997-08-27,1.76,1.93,1.76,1.93
BCPC,1997-08-28,1.91,1.91,1.86,1.91
BCPC,1997-08-29,1.88,1.91,1.88,1.91
BCPC,1997-09-02,1.93,1.93,1.88,1.88
BCPC,1997-09-03,1.89,1.91,1.86,1.86
BCPC,1997-09-04,1.89,1.94,1.89,1.91
BCPC,1997-09-05,1.93,1.93,1.93,1.93
BCPC,1997-09-08,1.89,1.93,1.89,1.91
BCPC,1997-09-09,1.94,2.11,1.93,2.09
BCPC,1997-09-10,2.07,2.07,2.01,2.01
BCPC,1997-09-11,1.99,2.04,1.96,2.04
BCPC,1997-09-12,2.01,2.02,1.96,2.01
BCPC,1997-09-15,2.04,2.06,2.02,2.02
BCPC,1997-09-16,2.04,2.06,2.01,2.04
BCPC,1997-09-17,2.07,2.11,2.04,2.09
BCPC,1997-09-18,2.11,2.22,2.11,2.22
BCPC,1997-09-19,2.17,2.21,2.16,2.17
BCPC,1997-09-22,2.17,2.17,2.14,2.17
BCPC,1997-09-23,2.14,2.16,2.14,2.16
BCPC,1997-09-24,2.16,2.17,2.16,2.17
BCPC,1997-09-25,2.12,2.16,2.06,2.06
BCPC,1997-09-26,2.02,2.04,1.99,2.04
BCPC,1997-09-29,2.06,2.09,2.06,2.06
BCPC,1997-09-30,2.02,2.07,2.02,2.07
BCPC,1997-10-01,2.06,2.06,2.03,2.05
BCPC,1997-10-02,2.05,2.21,2.05,2.21
BCPC,1997-10-03,2.24,2.34,2.22,2.34
BCPC,1997-10-06,2.37,2.37,2.12,2.17
BCPC,1997-10-07,2.17,2.26,2.17,2.21
BCPC,1997-10-08,2.21,2.21,2.12,2.16
BCPC,1997-10-09,2.12,2.14,2.07,2.12
BCPC,1997-10-10,2.11,2.19,2.11,2.19
BCPC,1997-10-13,2.21,2.26,2.21,2.25
BCPC,1997-10-14,2.26,2.4,2.26,2.37
BCPC,1997-10-15,2.4,2.44,2.29,2.35
BCPC,1997-10-16,2.35,2.37,2.27,2.27
BCPC,1997-10-17,2.26,2.26,2.12,2.12
BCPC,1997-10-20,2.16,2.19,2.11,2.19
BCPC,1997-10-21,2.22,2.32,2.21,2.29
BCPC,1997-10-22,2.3,2.32,2.24,2.29
BCPC,1997-10-23,2.24,2.24,2.12,2.21
BCPC,1997-10-24,2.22,2.26,2.16,2.26
BCPC,1997-10-27,2.27,2.27,2.11,2.11
BCPC,1997-10-28,2.02,2.24,2.01,2.24
BCPC,1997-10-29,2.27,2.32,2.24,2.27
BCPC,1997-10-30,2.21,2.3,2.21,2.3
BCPC,1997-10-31,2.32,2.35,2.29,2.35
BCPC,1997-11-03,2.35,2.49,2.35,2.46
BCPC,1997-11-04,2.45,2.5,2.44,2.46
BCPC,1997-11-05,2.49,2.55,2.45,2.55
BCPC,1997-11-06,2.57,2.67,2.57,2.65
BCPC,1997-11-07,2.63,2.63,2.6,2.62
BCPC,1997-11-10,2.63,2.63,2.5,2.5
BCPC,1997-11-11,2.5,2.57,2.5,2.57
BCPC,1997-11-12,2.53,2.54,2.53,2.53
BCPC,1997-11-13,2.5,2.5,2.45,2.45
BCPC,1997-11-14,2.4,2.44,2.4,2.44
BCPC,1997-11-17,2.45,2.52,2.45,2.5
BCPC,1997-11-18,2.5,2.5,2.4,2.4
BCPC,1997-11-19,2.42,2.42,2.37,2.4
BCPC,1997-11-20,2.42,2.5,2.39,2.5
BCPC,1997-11-21,2.55,2.57,2.52,2.53
BCPC,1997-11-24,2.55,2.55,2.49,2.49
BCPC,1997-11-25,2.47,2.47,2.45,2.47
BCPC,1997-11-26,2.44,2.5,2.44,2.49
BCPC,1997-11-28,2.49,2.49,2.49,2.49
BCPC,1997-12-01,2.49,2.53,2.49,2.53
BCPC,1997-12-02,2.53,2.63,2.53,2.6
BCPC,1997-12-03,2.63,2.63,2.49,2.49
BCPC,1997-12-04,2.52,2.58,2.52,2.53
BCPC,1997-12-05,2.52,2.57,2.49,2.49
BCPC,1997-12-08,2.5,2.5,2.44,2.47
BCPC,1997-12-09,2.45,2.47,2.44,2.47
BCPC,1997-12-10,2.45,2.47,2.44,2.44
BCPC,1997-12-11,2.44,2.44,2.3,2.44
BCPC,1997-12-12,2.42,2.44,2.4,2.42
BCPC,1997-12-15,2.4,2.4,2.34,2.37
BCPC,1997-12-16,2.4,2.4,2.3,2.3
BCPC,1997-12-17,2.27,2.29,2.26,2.26
BCPC,1997-12-18,2.27,2.27,2.26,2.26
BCPC,1997-12-19,2.26,2.26,2.22,2.24
BCPC,1997-12-22,2.22,2.22,2.19,2.19
BCPC,1997-12-23,2.17,2.17,2.12,2.17
BCPC,1997-12-24,2.19,2.19,2.19,2.19
BCPC,1997-12-26,2.16,2.19,2.16,2.17
BCPC,1997-12-29,2.17,2.27,2.17,2.26
BCPC,1997-12-30,2.27,2.29,2.27,2.29
BCPC,1997-12-31,2.3,2.34,2.27,2.32
BCPC,1998-01-02,2.29,2.29,2.24,2.29
BCPC,1998-01-05,2.29,2.29,2.22,2.28
BCPC,1998-01-06,2.24,2.27,2.24,2.26
BCPC,1998-01-07,2.26,2.26,2.26,2.26
BCPC,1998-01-08,2.22,2.24,2.22,2.24
BCPC,1998-01-09,2.22,2.22,2.12,2.14
BCPC,1998-01-12,2.11,2.11,2.09,2.09
BCPC,1998-01-13,2.09,2.21,2.09,2.18
BCPC,1998-01-14,2.21,2.27,2.21,2.26
BCPC,1998-01-15,2.26,2.26,2.24,2.25
BCPC,1998-01-16,2.26,2.27,2.26,2.27
BCPC,1998-01-20,2.3,2.3,2.24,2.24
BCPC,1998-01-21,2.24,2.27,2.24,2.26
BCPC,1998-01-22,2.24,2.24,2.22,2.24
BCPC,1998-01-23,2.27,2.27,2.24,2.24
BCPC,1998-01-26,2.21,2.21,2.19,2.21
BCPC,1998-01-27,2.21,2.22,2.12,2.12
BCPC,1998-01-28,2.09,2.11,2.0,2.0
BCPC,1998-01-29,2.0,2.02,1.98,1.98
BCPC,1998-01-30,1.99,2.01,1.99,2.01
BCPC,1998-02-02,2.01,2.04,2.01,2.03
BCPC,1998-02-03,2.02,2.02,2.0,2.02
BCPC,1998-02-04,1.99,2.06,1.99,2.02
BCPC,1998-02-05,2.04,2.06,2.02,2.02
BCPC,1998-02-06,2.04,2.04,1.99,2.02
BCPC,1998-02-09,2.01,2.01,1.98,1.99
BCPC,1998-02-10,1.98,1.98,1.93,1.96
BCPC,1998-02-11,1.95,1.96,1.94,1.94
BCPC,1998-02-12,1.94,1.98,1.94,1.94
BCPC,1998-02-13,1.94,1.94,1.89,1.89
BCPC,1998-02-17,1.89,1.89,1.89,1.89
BCPC,1998-02-18,1.89,1.89,1.89,1.89
BCPC,1998-02-19,1.91,1.91,1.91,1.91
BCPC,1998-02-20,1.89,1.89,1.84,1.88
BCPC,1998-02-23,1.83,1.9,1.83,1.89
BCPC,1998-02-24,1.91,1.91,1.91,1.91
BCPC,1998-02-25,1.93,1.93,1.91,1.91
BCPC,1998-02-26,1.91,1.94,1.91,1.94
BCPC,1998-02-27,1.96,1.96,1.96,1.96
BCPC,1998-03-02,1.96,2.02,1.96,2.02
BCPC,1998-03-03,2.03,2.03,2.01,2.02
BCPC,1998-03-04,2.01,2.02,2.0,2.0
BCPC,1998-03-05,2.01,2.01,1.99,1.99
BCPC,1998-03-06,2.01,2.04,2.01,2.04
BCPC,1998-03-09,2.07,2.07,2.05,2.05
BCPC,1998-03-10,2.06,2.06,2.06,2.06
BCPC,1998-03-11,2.07,2.09,2.06,2.09
BCPC,1998-03-12,2.11,2.11,2.11,2.11
BCPC,1998-03-13,2.11,2.19,2.09,2.14
BCPC,1998-03-16,2.17,2.19,2.17,2.19
BCPC,1998-03-17,2.17,2.27,2.17,2.27
BCPC,1998-03-18,2.3,2.3,2.24,2.25
BCPC,1998-03-19,2.22,2.22,2.12,2.16
BCPC,1998-03-20,2.15,2.15,2.11,2.11
BCPC,1998-03-23,2.09,2.09,2.06,2.07
BCPC,1998-03-24,2.11,2.14,2.11,2.12
BCPC,1998-03-25,2.12,2.14,2.11,2.14
BCPC,1998-03-26,2.14,2.14,2.14,2.14
BCPC,1998-03-27,2.16,2.16,2.16,2.16
BCPC,1998-03-30,2.16,2.19,2.16,2.19
BCPC,1998-03-31,2.23,2.24,2.21,2.24
BCPC,1998-04-01,2.24,2.29,2.22,2.29
BCPC,1998-04-02,2.27,2.29,2.24,2.29
BCPC,1998-04-03,2.3,2.3,2.26,2.29
BCPC,1998-04-06,2.29,2.29,2.29,2.29
BCPC,1998-04-07,2.29,2.29,2.27,2.27
BCPC,1998-04-08,2.26,2.26,2.26,2.26
BCPC,1998-04-09,2.24,2.24,2.24,2.24
BCPC,1998-04-13,2.22,2.24,2.22,2.22
BCPC,1998-04-14,2.23,2.23,2.22,2.23
BCPC,1998-04-15,2.22,2.22,2.22,2.22
BCPC,1998-04-16,2.24,2.24,2.22,2.24
BCPC,1998-04-17,2.22,2.22,2.22,2.22
BCPC,1998-04-20,2.25,2.25,2.22,2.22
BCPC,1998-04-21,2.22,2.26,2.22,2.26
BCPC,1998-04-22,2.29,2.42,2.29,2.42
BCPC,1998-04-23,2.4,2.4,2.29,2.32
BCPC,1998-04-24,2.3,2.3,2.27,2.3
BCPC,1998-04-27,2.29,2.29,2.22,2.26
BCPC,1998-04-28,2.26,2.26,2.26,2.26
BCPC,1998-04-29,2.24,2.29,2.24,2.29
BCPC,1998-04-30,2.3,2.36,2.3,2.36
BCPC,1998-05-01,2.42,2.65,2.42,2.57
BCPC,1998-05-04,2.62,2.63,2.62,2.62
BCPC,1998-05-05,2.63,3.01,2.63,2.91
BCPC,1998-05-06,3.0,3.15,2.9,2.95
BCPC,1998-05-07,3.01,3.09,2.96,2.96
BCPC,1998-05-08,2.95,2.97,2.86,2.9
BCPC,1998-05-11,2.93,2.95,2.89,2.89
BCPC,1998-05-12,2.91,2.93,2.85,2.9
BCPC,1998-05-13,2.91,2.97,2.86,2.96
BCPC,1998-05-14,3.0,3.03,2.9,2.9
BCPC,1998-05-15,2.95,3.01,2.95,3.0
BCPC,1998-05-18,3.03,3.03,2.98,3.0
BCPC,1998-05-19,3.03,3.03,3.03,3.03
BCPC,1998-05-20,3.06,3.11,2.98,3.0
BCPC,1998-05-21,2.99,2.99,2.99,2.99
BCPC,1998-05-22,3.06,3.06,3.03,3.04
BCPC,1998-05-26,3.06,3.06,3.0,3.0
BCPC,1998-05-27,2.96,2.96,2.77,2.9
BCPC,1998-05-28,2.86,2.86,2.71,2.76
BCPC,1998-05-29,2.78,2.78,2.75,2.75
BCPC,1998-06-01,2.78,2.8,2.78,2.78
BCPC,1998-06-02,2.8,2.8,2.77,2.77
BCPC,1998-06-03,2.75,2.75,2.7,2.73
BCPC,1998-06-04,2.74,2.8,2.74,2.8
BCPC,1998-06-05,2.77,2.8,2.77,2.79
BCPC,1998-06-08,2.84,2.84,2.81,2.81
BCPC,1998-06-09,2.77,2.81,2.74,2.74
BCPC,1998-06-10,2.7,2.74,2.69,2.74
BCPC,1998-06-11,2.74,2.74,2.72,2.72
BCPC,1998-06-12,2.74,2.74,2.67,2.67
BCPC,1998-06-15,2.64,2.77,2.64,2.77
BCPC,1998-06-16,2.74,2.77,2.74,2.77
BCPC,1998-06-17,2.74,2.75,2.72,2.75
BCPC,1998-06-18,2.75,2.75,2.75,2.75
BCPC,1998-06-19,2.72,2.77,2.72,2.75
BCPC,1998-06-22,2.72,2.72,2.57,2.57
BCPC,1998-06-23,2.62,2.62,2.57,2.57
BCPC,1998-06-24,2.57,2.57,2.57,2.57
BCPC,1998-06-25,2.62,2.62,2.59,2.59
BCPC,1998-06-26,2.57,2.62,2.57,2.57
BCPC,1998-06-29,2.57,2.64,2.57,2.64
BCPC,1998-06-30,2.64,2.69,2.59,2.59
BCPC,1998-07-01,2.57,2.64,2.57,2.64
BCPC,1998-07-02,2.54,2.57,2.52,2.56
BCPC,1998-07-06,2.57,2.57,2.49,2.51
BCPC,1998-07-07,2.54,2.57,2.54,2.57
BCPC,1998-07-08,2.59,2.59,2.57,2.57
BCPC,1998-07-09,2.54,2.54,2.52,2.52
BCPC,1998-07-10,2.52,2.52,2.52,2.52
BCPC,1998-07-13,2.52,2.54,2.52,2.54
BCPC,1998-07-14,2.52,2.52,2.46,2.46
BCPC,1998-07-15,2.44,2.44,2.32,2.33
BCPC,1998-07-16,2.23,2.32,2.22,2.27
BCPC,1998-07-17,2.27,2.37,2.27,2.37
BCPC,1998-07-20,2.35,2.35,2.32,2.32
BCPC,1998-07-21,2.32,2.32,2.32,2.32
BCPC,1998-07-22,2.23,2.23,2.19,2.22
BCPC,1998-07-23,2.2,2.22,2.2,2.22
BCPC,1998-07-24,2.2,2.32,2.2,2.32
BCPC,1998-07-27,2.4,2.46,2.37,2.44
BCPC,1998-07-28,2.47,2.47,2.42,2.42
BCPC,1998-07-29,2.42,2.42,2.4,2.42
BCPC,1998-07-30,2.4,2.42,2.4,2.4
BCPC,1998-07-31,2.37,2.37,2.37,2.37
BCPC,1998-08-03,2.41,2.41,2.28,2.31
BCPC,1998-08-04,2.3,2.44,2.3,2.42
BCPC,1998-08-05,2.4,2.4,2.3,2.3
BCPC,1998-08-06,2.32,2.35,2.32,2.35
BCPC,1998-08-07,2.32,2.35,2.32,2.35
BCPC,1998-08-10,2.32,2.32,2.28,2.28
BCPC,1998-08-11,2.27,2.36,2.27,2.35
BCPC,1998-08-12,2.36,2.36,2.33,2.33
BCPC,1998-08-13,2.32,2.32,2.3,2.3
BCPC,1998-08-14,2.3,2.32,2.27,2.32
BCPC,1998-08-17,2.28,2.28,2.22,2.25
BCPC,1998-08-18,2.27,2.27,2.12,2.2
BCPC,1998-08-19,2.17,2.17,2.15,2.17
BCPC,1998-08-20,2.12,2.15,2.12,2.12
BCPC,1998-08-21,2.07,2.07,1.95,1.95
BCPC,1998-08-24,1.98,2.0,1.96,1.96
BCPC,1998-08-25,1.98,2.0,1.95,1.95
BCPC,1998-08-26,1.93,1.93,1.9,1.93
BCPC,1998-08-27,1.9,1.95,1.9,1.95
BCPC,1998-08-28,1.9,1.93,1.88,1.88
BCPC,1998-08-31,1.88,1.88,1.75,1.75
BCPC,1998-09-01,1.8,1.8,1.78,1.78
BCPC,1998-09-02,1.83,1.85,1.83,1.85
BCPC,1998-09-03,1.8,1.81,1.8,1.81
BCPC,1998-09-04,1.8,1.88,1.8,1.88
BCPC,1998-09-08,1.88,1.93,1.83,1.89
BCPC,1998-09-09,1.9,1.9,1.88,1.88
BCPC,1998-09-10,1.9,1.9,1.9,1.9
BCPC,1998-09-11,1.9,1.98,1.9,1.93
BCPC,1998-09-14,1.95,1.95,1.88,1.88
BCPC,1998-09-15,1.86,1.86,1.83,1.83
BCPC,1998-09-16,1.83,1.88,1.83,1.85
BCPC,1998-09-17,1.78,1.83,1.78,1.83
BCPC,1998-09-18,1.8,1.83,1.8,1.8
BCPC,1998-09-21,1.78,1.78,1.78,1.78
BCPC,1998-09-22,1.8,1.85,1.8,1.85
BCPC,1998-09-23,1.83,1.85,1.78,1.85
BCPC,1998-09-24,1.83,1.83,1.8,1.8
BCPC,1998-09-25,1.8,1.83,1.8,1.83
BCPC,1998-09-28,1.83,1.83,1.83,1.83
BCPC,1998-09-29,1.83,1.83,1.8,1.8
BCPC,1998-09-30,1.78,1.78,1.75,1.75
BCPC,1998-10-01,1.7,1.7,1.7,1.7
BCPC,1998-10-02,1.68,1.69,1.68,1.68
BCPC,1998-10-05,1.63,1.63,1.46,1.49
BCPC,1998-10-06,1.51,1.51,1.38,1.46
BCPC,1998-10-07,1.41,1.41,1.38,1.38
BCPC,1998-10-08,1.33,1.38,1.23,1.23
BCPC,1998-10-09,1.26,1.31,1.26,1.26
BCPC,1998-10-12,1.28,1.36,1.28,1.31
BCPC,1998-10-13,1.31,1.31,1.26,1.26
BCPC,1998-10-14,1.23,1.23,1.19,1.21
BCPC,1998-10-15,1.23,1.31,1.21,1.31
BCPC,1998-10-16,1.33,1.33,1.31,1.31
BCPC,1998-10-19,1.33,1.33,1.28,1.31
BCPC,1998-10-20,1.31,1.33,1.28,1.33
BCPC,1998-10-21,1.36,1.36,1.26,1.28
BCPC,1998-10-22,1.26,1.26,1.21,1.23
BCPC,1998-10-23,1.21,1.23,1.16,1.23
BCPC,1998-10-26,1.26,1.38,1.23,1.38
BCPC,1998-10-27,1.48,1.63,1.48,1.51
BCPC,1998-10-28,1.53,1.58,1.49,1.49
BCPC,1998-10-29,1.48,1.58,1.48,1.53
BCPC,1998-10-30,1.56,1.56,1.51,1.51
BCPC,1998-11-02,1.56,1.58,1.53,1.53
BCPC,1998-11-03,1.48,1.51,1.46,1.48
BCPC,1998-11-04,1.48,1.48,1.46,1.46
BCPC,1998-11-05,1.43,1.46,1.43,1.46
BCPC,1998-11-06,1.43,1.46,1.4,1.41
BCPC,1998-11-09,1.38,1.43,1.38,1.41
BCPC,1998-11-10,1.41,1.41,1.38,1.38
BCPC,1998-11-11,1.36,1.36,1.26,1.31
BCPC,1998-11-12,1.28,1.28,1.19,1.21
BCPC,1998-11-13,1.26,1.31,1.23,1.28
BCPC,1998-11-16,1.31,1.33,1.26,1.28
BCPC,1998-11-17,1.28,1.31,1.28,1.28
BCPC,1998-11-18,1.26,1.31,1.26,1.31
BCPC,1998-11-19,1.33,1.33,1.33,1.33
BCPC,1998-11-20,1.33,1.38,1.33,1.36
BCPC,1998-11-23,1.37,1.37,1.31,1.35
BCPC,1998-11-24,1.36,1.38,1.33,1.36
BCPC,1998-11-25,1.36,1.36,1.26,1.36
BCPC,1998-11-27,1.33,1.36,1.33,1.36
BCPC,1998-11-30,1.38,1.38,1.33,1.35
BCPC,1998-12-01,1.32,1.33,1.31,1.33
BCPC,1998-12-02,1.31,1.31,1.27,1.27
BCPC,1998-12-03,1.31,1.33,1.27,1.27
BCPC,1998-12-04,1.27,1.28,1.26,1.28
BCPC,1998-12-07,1.21,1.22,1.16,1.21
BCPC,1998-12-08,1.21,1.26,1.16,1.19
BCPC,1998-12-09,1.19,1.19,1.1,1.14
BCPC,1998-12-10,1.11,1.11,1.09,1.09
BCPC,1998-12-11,1.1,1.19,1.1,1.19
BCPC,1998-12-14,1.16,1.16,1.11,1.11
BCPC,1998-12-15,1.09,1.16,1.06,1.06
BCPC,1998-12-16,1.09,1.11,0.98,1.11
BCPC,1998-12-17,1.14,1.19,1.14,1.19
BCPC,1998-12-18,1.19,1.19,1.16,1.16
BCPC,1998-12-21,1.14,1.14,1.09,1.09
BCPC,1998-12-22,1.07,1.14,1.01,1.11
BCPC,1998-12-23,1.11,1.14,1.05,1.09
BCPC,1998-12-24,1.06,1.06,1.05,1.05
BCPC,1998-12-28,1.05,1.14,1.02,1.06
BCPC,1998-12-29,1.04,1.06,1.01,1.06
BCPC,1998-12-30,1.06,1.23,1.06,1.22
BCPC,1998-12-31,1.21,1.22,1.06,1.06
BCPC,1999-01-04,1.09,1.16,1.09,1.16
BCPC,1999-01-05,1.14,1.19,1.14,1.19
BCPC,1999-01-06,1.16,1.16,1.15,1.15
BCPC,1999-01-07,1.14,1.19,1.14,1.19
BCPC,1999-01-08,1.16,1.16,1.14,1.16
BCPC,1999-01-11,1.16,1.19,1.16,1.19
BCPC,1999-01-12,1.17,1.2,1.16,1.19
BCPC,1999-01-13,1.14,1.16,1.14,1.14
BCPC,1999-01-14,1.11,1.19,1.11,1.19
BCPC,1999-01-15,1.16,1.19,1.16,1.19
BCPC,1999-01-19,1.19,1.19,1.14,1.19
BCPC,1999-01-20,1.19,1.26,1.19,1.2
BCPC,1999-01-21,1.23,1.28,1.19,1.25
BCPC,1999-01-22,1.28,1.31,1.28,1.31
BCPC,1999-01-25,1.36,1.46,1.36,1.41
BCPC,1999-01-26,1.36,1.38,1.33,1.36
BCPC,1999-01-27,1.41,1.41,1.38,1.41
BCPC,1999-01-28,1.38,1.46,1.38,1.46
BCPC,1999-01-29,1.43,1.43,1.43,1.43
BCPC,1999-02-01,1.48,1.51,1.48,1.51
BCPC,1999-02-02,1.48,1.51,1.48,1.51
BCPC,1999-02-03,1.48,1.48,1.46,1.46
BCPC,1999-02-04,1.43,1.43,1.38,1.41
BCPC,1999-02-05,1.38,1.48,1.38,1.48
BCPC,1999-02-08,1.52,1.53,1.46,1.46
BCPC,1999-02-09,1.46,1.48,1.46,1.47
BCPC,1999-02-10,1.47,1.47,1.36,1.41
BCPC,1999-02-11,1.36,1.36,1.36,1.36
BCPC,1999-02-12,1.37,1.37,1.35,1.35
BCPC,1999-02-16,1.36,1.36,1.33,1.33
BCPC,1999-02-17,1.28,1.28,1.28,1.28
BCPC,1999-02-18,1.26,1.27,1.25,1.27
BCPC,1999-02-19,1.27,1.27,1.26,1.26
BCPC,1999-02-22,1.31,1.33,1.31,1.33
BCPC,1999-02-23,1.31,1.31,1.28,1.28
BCPC,1999-02-24,1.28,1.32,1.28,1.31
BCPC,1999-02-25,1.28,1.28,1.28,1.28
BCPC,1999-02-26,1.27,1.27,1.26,1.26
BCPC,1999-03-01,1.26,1.26,1.21,1.21
BCPC,1999-03-02,1.21,1.23,1.21,1.23
BCPC,1999-03-03,1.22,1.25,1.22,1.25
BCPC,1999-03-04,1.26,1.26,1.23,1.23
BCPC,1999-03-05,1.28,1.28,1.28,1.28
BCPC,1999-03-08,1.26,1.31,1.25,1.25
BCPC,1999-03-09,1.23,1.23,1.19,1.22
BCPC,1999-03-10,1.19,1.19,1.11,1.16
BCPC,1999-03-11,1.16,1.21,1.16,1.19
BCPC,1999-03-12,1.23,1.23,1.19,1.19
BCPC,1999-03-15,1.23,1.23,1.16,1.16
BCPC,1999-03-16,1.16,1.16,1.11,1.14
BCPC,1999-03-17,1.11,1.12,1.11,1.11
BCPC,1999-03-18,1.09,1.16,1.09,1.16
BCPC,1999-03-19,1.14,1.19,1.14,1.19
BCPC,1999-03-22,1.19,1.19,1.15,1.15
BCPC,1999-03-23,1.14,1.14,1.14,1.14
BCPC,1999-03-24,1.11,1.15,1.1,1.11
BCPC,1999-03-25,1.11,1.16,1.04,1.06
BCPC,1999-03-26,1.09,1.09,1.09,1.09
BCPC,1999-03-29,1.09,1.09,1.0,1.04
BCPC,1999-03-30,1.06,1.1,1.06,1.1
BCPC,1999-03-31,1.12,1.14,1.11,1.14
BCPC,1999-04-01,1.15,1.15,1.09,1.11
BCPC,1999-04-05,1.09,1.11,1.09,1.11
BCPC,1999-04-06,1.12,1.14,1.06,1.06
BCPC,1999-04-07,1.09,1.09,1.09,1.09
BCPC,1999-04-08,1.06,1.06,0.99,0.99
BCPC,1999-04-09,1.01,1.04,1.01,1.02
BCPC,1999-04-12,1.01,1.1,1.01,1.1
BCPC,1999-04-13,1.1,1.1,1.1,1.1
BCPC,1999-04-14,1.11,1.11,1.06,1.06
BCPC,1999-04-15,1.06,1.09,1.06,1.09
BCPC,1999-04-16,1.14,1.14,1.09,1.09
BCPC,1999-04-19,1.09,1.09,1.09,1.09
BCPC,1999-04-20,1.11,1.17,1.11,1.17
BCPC,1999-04-21,1.16,1.16,1.15,1.15
BCPC,1999-04-22,1.12,1.15,1.12,1.15
BCPC,1999-04-23,1.16,1.16,1.14,1.16
BCPC,1999-04-26,1.16,1.16,1.16,1.16
BCPC,1999-04-27,1.19,1.19,1.17,1.17
BCPC,1999-04-28,1.2,1.21,1.16,1.16
BCPC,1999-04-29,1.11,1.14,1.11,1.11
BCPC,1999-04-30,1.11,1.11,1.11,1.11
BCPC,1999-05-03,1.11,1.11,1.11,1.11
BCPC,1999-05-04,1.11,1.11,1.11,1.11
BCPC,1999-05-05,1.11,1.11,1.11,1.11
BCPC,1999-05-06,1.11,1.11,1.11,1.11
BCPC,1999-05-07,1.14,1.14,1.11,1.11
BCPC,1999-05-10,1.11,1.19,1.11,1.15
BCPC,1999-05-11,1.15,1.16,1.14,1.14
BCPC,1999-05-12,1.14,1.16,1.14,1.16
BCPC,1999-05-13,1.17,1.19,1.17,1.19
BCPC,1999-05-14,1.21,1.21,1.21,1.21
BCPC,1999-05-17,1.23,1.23,1.21,1.23
BCPC,1999-05-18,1.26,1.28,1.23,1.23
BCPC,1999-05-19,1.26,1.28,1.26,1.26
BCPC,1999-05-20,1.26,1.26,1.26,1.26
BCPC,1999-05-21,1.26,1.26,1.26,1.26
BCPC,1999-05-24,1.23,1.23,1.23,1.23
BCPC,1999-05-25,1.23,1.26,1.21,1.21
BCPC,1999-05-26,1.25,1.25,1.21,1.23
BCPC,1999-05-27,1.21,1.21,1.19,1.19
BCPC,1999-05-28,1.16,1.16,1.14,1.16
BCPC,1999-06-01,1.16,1.19,1.16,1.19
BCPC,1999-06-02,1.15,1.19,1.15,1.19
BCPC,1999-06-03,1.19,1.19,1.19,1.19
BCPC,1999-06-04,1.16,1.16,1.14,1.14
BCPC,1999-06-07,1.14,1.14,1.14,1.14
BCPC,1999-06-08,1.16,1.19,1.14,1.16
BCPC,1999-06-09,1.14,1.16,1.14,1.16
BCPC,1999-06-10,1.16,1.16,1.16,1.16
BCPC,1999-06-11,1.16,1.16,1.16,1.16
BCPC,1999-06-14,1.14,1.14,1.14,1.14
BCPC,1999-06-15,1.16,1.17,1.11,1.17
BCPC,1999-06-16,1.19,1.19,1.19,1.19
BCPC,1999-06-17,1.19,1.19,1.19,1.19
BCPC,1999-06-18,1.19,1.19,1.16,1.16
BCPC,1999-06-21,1.21,1.21,1.19,1.19
BCPC,1999-06-22,1.2,1.2,1.2,1.2
BCPC,1999-06-23,1.21,1.21,1.21,1.21
BCPC,1999-06-24,1.21,1.21,1.21,1.21
BCPC,1999-06-25,1.23,1.23,1.2,1.21
BCPC,1999-06-28,1.23,1.23,1.19,1.19
BCPC,1999-06-29,1.16,1.19,1.14,1.14
BCPC,1999-06-30,1.12,1.15,1.12,1.14
BCPC,1999-07-01,1.14,1.14,1.14,1.14
BCPC,1999-07-02,1.16,1.26,1.16,1.26
BCPC,1999-07-06,1.27,1.35,1.27,1.31
BCPC,1999-07-07,1.33,1.36,1.33,1.36
BCPC,1999-07-08,1.36,1.36,1.27,1.31
BCPC,1999-07-09,1.33,1.33,1.31,1.32
BCPC,1999-07-12,1.33,1.36,1.33,1.33
BCPC,1999-07-13,1.36,1.36,1.31,1.31
BCPC,1999-07-14,1.31,1.31,1.31,1.31
BCPC,1999-07-15,1.28,1.33,1.28,1.33
BCPC,1999-07-16,1.35,1.37,1.35,1.35
BCPC,1999-07-19,1.36,1.36,1.33,1.36
BCPC,1999-07-20,1.36,1.36,1.32,1.35
BCPC,1999-07-21,1.36,1.36,1.35,1.35
BCPC,1999-07-22,1.36,1.36,1.36,1.36
BCPC,1999-07-23,1.38,1.38,1.38,1.38
BCPC,1999-07-26,1.38,1.38,1.38,1.38
BCPC,1999-07-27,1.33,1.36,1.31,1.36
BCPC,1999-07-28,1.36,1.36,1.31,1.31
BCPC,1999-07-29,1.28,1.28,1.28,1.28
BCPC,1999-07-30,1.28,1.28,1.28,1.28
BCPC,1999-08-02,1.26,1.27,1.23,1.23
BCPC,1999-08-03,1.23,1.23,1.21,1.23
BCPC,1999-08-04,1.22,1.22,1.22,1.22
BCPC,1999-08-05,1.21,1.21,1.19,1.19
BCPC,1999-08-06,1.21,1.21,1.19,1.19
BCPC,1999-08-09,1.19,1.21,1.19,1.21
BCPC,1999-08-10,1.21,1.21,1.21,1.21
BCPC,1999-08-11,1.22,1.22,1.22,1.22
BCPC,1999-08-12,1.23,1.23,1.23,1.23
BCPC,1999-08-13,1.22,1.22,1.22,1.22
BCPC,1999-08-16,1.21,1.23,1.21,1.23
BCPC,1999-08-17,1.22,1.23,1.22,1.23
BCPC,1999-08-18,1.21,1.23,1.21,1.23
BCPC,1999-08-19,1.21,1.22,1.2,1.22
BCPC,1999-08-20,1.21,1.21,1.21,1.21
BCPC,1999-08-23,1.22,1.22,1.22,1.22
BCPC,1999-08-24,1.23,1.3,1.23,1.28
BCPC,1999-08-25,1.28,1.28,1.28,1.28
BCPC,1999-08-26,1.28,1.28,1.28,1.28
BCPC,1999-08-27,1.31,1.31,1.26,1.26
BCPC,1999-08-30,1.28,1.28,1.26,1.28
BCPC,1999-08-31,1.31,1.41,1.31,1.41
BCPC,1999-09-01,1.41,1.41,1.38,1.38
BCPC,1999-09-02,1.36,1.36,1.36,1.36
BCPC,1999-09-03,1.41,1.42,1.4,1.4
BCPC,1999-09-07,1.4,1.4,1.4,1.4
BCPC,1999-09-08,1.4,1.41,1.4,1.41
BCPC,1999-09-09,1.38,1.4,1.38,1.4
BCPC,1999-09-10,1.38,1.41,1.38,1.41
BCPC,1999-09-13,1.41,1.41,1.38,1.41
BCPC,1999-09-14,1.41,1.41,1.41,1.41
BCPC,1999-09-15,1.38,1.41,1.38,1.41
BCPC,1999-09-16,1.38,1.38,1.33,1.38
BCPC,1999-09-17,1.41,1.42,1.41,1.42
BCPC,1999-09-20,1.41,1.43,1.41,1.43
BCPC,1999-09-21,1.4,1.4,1.4,1.4
BCPC,1999-09-22,1.38,1.43,1.38,1.38
BCPC,1999-09-23,1.38,1.38,1.38,1.38
BCPC,1999-09-24,1.38,1.38,1.38,1.38
BCPC,1999-09-27,1.38,1.38,1.38,1.38
BCPC,1999-09-28,1.38,1.38,1.33,1.33
BCPC,1999-09-29,1.33,1.33,1.22,1.25
BCPC,1999-09-30,1.23,1.26,1.12,1.16
BCPC,1999-10-01,1.16,1.22,1.16,1.22
BCPC,1999-10-04,1.21,1.28,1.21,1.26
BCPC,1999-10-05,1.26,1.28,1.26,1.27
BCPC,1999-10-06,1.31,1.31,1.19,1.21
BCPC,1999-10-07,1.21,1.21,1.21,1.21
BCPC,1999-10-08,1.23,1.26,1.23,1.25
BCPC,1999-10-11,1.25,1.25,1.25,1.25
BCPC,1999-10-12,1.25,1.25,1.25,1.25
BCPC,1999-10-13,1.22,1.23,1.22,1.23
BCPC,1999-10-14,1.26,1.26,1.26,1.26
BCPC,1999-10-15,1.28,1.31,1.28,1.31
BCPC,1999-10-18,1.28,1.32,1.28,1.31
BCPC,1999-10-19,1.33,1.33,1.28,1.28
BCPC,1999-10-20,1.23,1.27,1.23,1.27
BCPC,1999-10-21,1.26,1.31,1.23,1.23
BCPC,1999-10-22,1.28,1.38,1.28,1.37
BCPC,1999-10-25,1.36,1.41,1.36,1.41
BCPC,1999-10-26,1.38,1.38,1.38,1.38
BCPC,1999-10-27,1.33,1.38,1.28,1.35
BCPC,1999-10-28,1.32,1.32,1.32,1.32
BCPC,1999-10-29,1.32,1.41,1.32,1.38
BCPC,1999-11-01,1.38,1.43,1.38,1.43
BCPC,1999-11-02,1.42,1.43,1.38,1.41
BCPC,1999-11-03,1.43,1.51,1.42,1.48
BCPC,1999-11-04,1.51,1.53,1.51,1.51
BCPC,1999-11-05,1.53,1.53,1.46,1.51
BCPC,1999-11-08,1.51,1.58,1.51,1.53
BCPC,1999-11-09,1.56,1.56,1.56,1.56
BCPC,1999-11-10,1.56,1.56,1.53,1.53
BCPC,1999-11-11,1.53,1.56,1.53,1.56
BCPC,1999-11-12,1.54,1.56,1.53,1.53
BCPC,1999-11-15,1.56,1.56,1.56,1.56
BCPC,1999-11-16,1.53,1.56,1.53,1.53
BCPC,1999-11-17,1.57,1.57,1.53,1.57
BCPC,1999-11-18,1.58,1.6,1.56,1.6
BCPC,1999-11-19,1.62,1.62,1.62,1.62
BCPC,1999-11-22,1.62,1.62,1.58,1.58
BCPC,1999-11-23,1.58,1.62,1.58,1.62
BCPC,1999-11-24,1.62,1.62,1.6,1.6
BCPC,1999-11-26,1.63,1.63,1.63,1.63
BCPC,1999-11-29,1.6,1.65,1.6,1.65
BCPC,1999-11-30,1.65,1.7,1.65,1.7
BCPC,1999-12-01,1.7,1.73,1.69,1.72
BCPC,1999-12-02,1.72,1.72,1.72,1.72
BCPC,1999-12-03,1.69,1.73,1.68,1.73
BCPC,1999-12-06,1.73,1.73,1.68,1.68
BCPC,1999-12-07,1.68,1.7,1.65,1.65
BCPC,1999-12-08,1.63,1.63,1.58,1.63
BCPC,1999-12-09,1.58,1.58,1.58,1.58
BCPC,1999-12-10,1.53,1.57,1.51,1.51
BCPC,1999-12-13,1.53,1.6,1.53,1.6
BCPC,1999-12-14,1.58,1.63,1.58,1.63
BCPC,1999-12-15,1.6,1.68,1.6,1.68
BCPC,1999-12-16,1.65,1.68,1.65,1.68
BCPC,1999-12-17,1.63,1.63,1.63,1.63
BCPC,1999-12-20,1.58,1.6,1.58,1.6
BCPC,1999-12-21,1.58,1.58,1.58,1.58
BCPC,1999-12-22,1.58,1.6,1.58,1.6
BCPC,1999-12-23,1.6,1.6,1.6,1.6
BCPC,1999-12-27,1.58,1.58,1.56,1.56
BCPC,1999-12-28,1.6,1.6,1.56,1.56
BCPC,1999-12-29,1.58,1.58,1.58,1.58
BCPC,1999-12-30,1.56,1.58,1.53,1.58
BCPC,1999-12-31,1.58,1.6,1.58,1.58
BCPC,2000-01-03,1.56,1.6,1.53,1.53
BCPC,2000-01-04,1.51,1.56,1.48,1.48
BCPC,2000-01-05,1.46,1.56,1.38,1.51
BCPC,2000-01-06,1.53,1.53,1.46,1.48
BCPC,2000-01-07,1.48,1.53,1.48,1.53
BCPC,2000-01-10,1.49,1.56,1.49,1.56
BCPC,2000-01-11,1.53,1.53,1.48,1.51
BCPC,2000-01-12,1.53,1.56,1.51,1.52
BCPC,2000-01-13,1.52,1.52,1.52,1.52
BCPC,2000-01-14,1.57,1.57,1.53,1.54
BCPC,2000-01-18,1.53,1.58,1.53,1.58
BCPC,2000-01-19,1.56,1.58,1.56,1.58
BCPC,2000-01-20,1.6,1.7,1.6,1.68
BCPC,2000-01-21,1.7,1.7,1.7,1.7
BCPC,2000-01-24,1.75,1.8,1.73,1.8
BCPC,2000-01-25,1.78,1.83,1.78,1.8
BCPC,2000-01-26,1.83,1.83,1.8,1.83
BCPC,2000-01-27,1.83,1.83,1.68,1.69
BCPC,2000-01-28,1.69,1.69,1.6,1.63
BCPC,2000-01-31,1.63,1.63,1.51,1.53
BCPC,2000-02-01,1.53,1.53,1.53,1.53
BCPC,2000-02-02,1.53,1.56,1.53,1.56
BCPC,2000-02-03,1.58,1.68,1.58,1.68
BCPC,2000-02-04,1.7,1.73,1.68,1.68
BCPC,2000-02-07,1.7,1.78,1.7,1.73
BCPC,2000-02-08,1.7,1.7,1.64,1.65
BCPC,2000-02-09,1.63,1.67,1.63,1.67
BCPC,2000-02-10,1.69,1.69,1.69,1.69
BCPC,2000-02-11,1.67,1.67,1.67,1.67
BCPC,2000-02-14,1.65,1.68,1.64,1.68
BCPC,2000-02-15,1.65,1.68,1.65,1.68
BCPC,2000-02-16,1.7,1.73,1.68,1.68
BCPC,2000-02-17,1.68,1.68,1.68,1.68
BCPC,2000-02-18,1.68,1.7,1.63,1.63
BCPC,2000-02-22,1.65,1.67,1.64,1.65
BCPC,2000-02-23,1.65,1.65,1.65,1.65
BCPC,2000-02-24,1.7,1.7,1.63,1.68
BCPC,2000-02-25,1.68,1.7,1.64,1.68
BCPC,2000-02-28,1.68,1.68,1.68,1.68
BCPC,2000-02-29,1.63,1.68,1.63,1.68
BCPC,2000-03-01,1.7,1.78,1.7,1.78
BCPC,2000-03-02,1.83,1.83,1.75,1.75
BCPC,2000-03-03,1.75,1.75,1.63,1.65
BCPC,2000-03-06,1.63,1.68,1.63,1.68
BCPC,2000-03-07,1.7,1.73,1.7,1.73
BCPC,2000-03-08,1.7,1.7,1.65,1.68
BCPC,2000-03-09,1.68,1.68,1.63,1.63
BCPC,2000-03-10,1.63,1.65,1.63,1.65
BCPC,2000-03-13,1.63,1.75,1.63,1.73
BCPC,2000-03-14,1.73,1.73,1.65,1.73
BCPC,2000-03-15,1.73,1.78,1.73,1.78
BCPC,2000-03-16,1.83,1.83,1.78,1.78
BCPC,2000-03-17,1.78,1.78,1.73,1.78
BCPC,2000-03-20,1.83,1.83,1.78,1.78
BCPC,2000-03-21,1.78,1.78,1.78,1.78
BCPC,2000-03-22,1.78,1.8,1.78,1.78
BCPC,2000-03-23,1.8,1.8,1.78,1.78
BCPC,2000-03-24,1.78,1.83,1.78,1.78
BCPC,2000-03-27,1.78,1.78,1.78,1.78
BCPC,2000-03-28,1.78,1.78,1.78,1.78
BCPC,2000-03-29,1.78,1.8,1.78,1.78
BCPC,2000-03-30,1.78,1.8,1.78,1.8
BCPC,2000-03-31,1.78,1.78,1.78,1.78
BCPC,2000-04-03,1.78,1.79,1.78,1.79
BCPC,2000-04-04,1.78,1.78,1.78,1.78
BCPC,2000-04-05,1.78,1.8,1.78,1.8
BCPC,2000-04-06,1.78,1.78,1.78,1.78
BCPC,2000-04-07,1.75,1.78,1.75,1.77
BCPC,2000-04-10,1.73,1.78,1.73,1.78
BCPC,2000-04-11,1.75,1.78,1.75,1.78
BCPC,2000-04-12,1.73,1.73,1.68,1.68
BCPC,2000-04-13,1.7,1.7,1.68,1.68
BCPC,2000-04-14,1.63,1.63,1.58,1.63
BCPC,2000-04-17,1.63,1.73,1.63,1.68
BCPC,2000-04-18,1.73,1.73,1.65,1.65
BCPC,2000-04-19,1.7,1.8,1.68,1.8
BCPC,2000-04-20,1.83,1.83,1.78,1.78
BCPC,2000-04-24,1.75,1.78,1.65,1.7
BCPC,2000-04-25,1.7,1.78,1.7,1.78
BCPC,2000-04-26,1.78,1.78,1.73,1.78
BCPC,2000-04-27,1.78,1.78,1.78,1.78
BCPC,2000-04-28,1.78,1.83,1.78,1.83
BCPC,2000-05-01,1.8,1.8,1.79,1.79
BCPC,2000-05-02,1.78,1.78,1.75,1.75
BCPC,2000-05-03,1.73,1.75,1.73,1.75
BCPC,2000-05-04,1.73,1.73,1.7,1.7
BCPC,2000-05-05,1.78,1.78,1.75,1.75
BCPC,2000-05-08,1.75,1.75,1.75,1.75
BCPC,2000-05-09,1.75,1.8,1.7,1.8
BCPC,2000-05-10,1.75,1.85,1.75,1.85
BCPC,2000-05-11,1.9,1.93,1.85,1.85
BCPC,2000-05-12,1.9,1.98,1.9,1.93
BCPC,2000-05-15,1.95,2.02,1.95,1.98
BCPC,2000-05-16,2.02,2.05,1.98,2.05
BCPC,2000-05-17,2.11,2.3,2.1,2.2
BCPC,2000-05-18,2.27,2.37,2.17,2.32
BCPC,2000-05-19,2.32,2.32,2.17,2.17
BCPC,2000-05-22,2.19,2.19,2.12,2.12
BCPC,2000-05-23,2.12,2.12,2.12,2.12
BCPC,2000-05-24,2.07,2.07,2.02,2.02
BCPC,2000-05-25,2.02,2.1,1.95,1.95
BCPC,2000-05-26,1.9,2.0,1.9,2.0
BCPC,2000-05-30,1.98,2.07,1.98,2.0
BCPC,2000-05-31,2.0,2.0,2.0,2.0
BCPC,2000-06-01,2.0,2.07,1.98,2.02
BCPC,2000-06-02,2.07,2.07,2.05,2.07
BCPC,2000-06-05,2.05,2.05,2.0,2.0
BCPC,2000-06-06,2.0,2.0,1.95,1.95
BCPC,2000-06-07,1.95,1.95,1.95,1.95
BCPC,2000-06-08,1.93,1.93,1.88,1.88
BCPC,2000-06-09,1.89,1.89,1.89,1.89
BCPC,2000-06-12,1.86,1.89,1.86,1.89
BCPC,2000-06-13,1.88,2.05,1.88,2.0
BCPC,2000-06-14,2.07,2.07,2.07,2.07
BCPC,2000-06-15,2.15,2.15,2.12,2.12
BCPC,2000-06-16,2.2,2.22,2.0,2.05
BCPC,2000-06-19,2.05,2.1,2.05,2.07
BCPC,2000-06-20,2.12,2.12,2.1,2.12
BCPC,2000-06-21,2.12,2.12,2.1,2.12
BCPC,2000-06-22,2.17,2.17,2.1,2.12
BCPC,2000-06-23,2.12,2.22,2.12,2.2
BCPC,2000-06-26,2.17,2.22,2.17,2.22
BCPC,2000-06-27,2.2,2.25,2.2,2.25
BCPC,2000-06-28,2.27,2.27,2.27,2.27
BCPC,2000-06-29,2.27,2.27,2.27,2.27
BCPC,2000-06-30,2.32,2.36,2.22,2.22
BCPC,2000-07-03,2.22,2.22,2.22,2.22
BCPC,2000-07-05,2.22,2.22,2.22,2.22
BCPC,2000-07-06,2.22,2.22,2.22,2.22
BCPC,2000-07-07,2.22,2.25,2.22,2.25
BCPC,2000-07-10,2.25,2.3,2.25,2.3
BCPC,2000-07-11,2.27,2.32,2.27,2.27
BCPC,2000-07-12,2.22,2.22,2.22,2.22
BCPC,2000-07-13,2.22,2.22,2.22,2.22
BCPC,2000-07-14,2.22,2.22,2.22,2.22
BCPC,2000-07-17,2.3,2.32,2.27,2.32
BCPC,2000-07-18,2.35,2.4,2.35,2.37
BCPC,2000-07-19,2.37,2.44,2.37,2.44
BCPC,2000-07-20,2.46,2.46,2.35,2.35
BCPC,2000-07-21,2.4,2.4,2.4,2.4
BCPC,2000-07-24,2.42,2.42,2.3,2.3
BCPC,2000-07-25,2.32,2.44,2.32,2.37
BCPC,2000-07-26,2.42,2.42,2.32,2.32
BCPC,2000-07-27,2.37,2.37,2.37,2.37
BCPC,2000-07-28,2.37,2.37,2.35,2.37
BCPC,2000-07-31,2.35,2.4,2.35,2.37
BCPC,2000-08-01,2.4,2.42,2.4,2.42
BCPC,2000-08-02,2.42,2.42,2.42,2.42
BCPC,2000-08-03,2.42,2.42,2.42,2.42
BCPC,2000-08-04,2.42,2.42,2.35,2.35
BCPC,2000-08-07,2.35,2.4,2.35,2.35
BCPC,2000-08-08,2.37,2.38,2.35,2.35
BCPC,2000-08-09,2.37,2.37,2.32,2.35
BCPC,2000-08-10,2.37,2.37,2.33,2.37
BCPC,2000-08-11,2.37,2.37,2.32,2.32
BCPC,2000-08-14,2.32,2.37,2.3,2.37
BCPC,2000-08-15,2.37,2.4,2.37,2.4
BCPC,2000-08-16,2.4,2.4,2.4,2.4
BCPC,2000-08-17,2.35,2.4,2.35,2.4
BCPC,2000-08-18,2.37,2.37,2.25,2.25
BCPC,2000-08-21,2.25,2.27,2.23,2.27
BCPC,2000-08-22,2.25,2.25,2.25,2.25
BCPC,2000-08-23,2.22,2.22,2.22,2.22
BCPC,2000-08-24,2.2,2.25,2.2,2.22
BCPC,2000-08-25,2.25,2.28,2.25,2.28
BCPC,2000-08-28,2.26,2.27,2.22,2.22
BCPC,2000-08-29,2.22,2.25,2.21,2.25
BCPC,2000-08-30,2.25,2.26,2.23,2.23
BCPC,2000-08-31,2.23,2.23,2.23,2.23
BCPC,2000-09-01,2.23,2.23,2.21,2.22
BCPC,2000-09-05,2.25,2.27,2.2,2.2
BCPC,2000-09-06,2.22,2.23,2.21,2.23
BCPC,2000-09-07,2.27,2.27,2.27,2.27
BCPC,2000-09-08,2.22,2.22,2.22,2.22
BCPC,2000-09-11,2.22,2.22,2.22,2.22
BCPC,2000-09-12,2.2,2.2,2.15,2.2
BCPC,2000-09-13,2.17,2.17,2.17,2.17
BCPC,2000-09-14,2.17,2.3,2.17,2.25
BCPC,2000-09-15,2.22,2.22,2.17,2.2
BCPC,2000-09-18,2.22,2.22,2.17,2.22
BCPC,2000-09-19,2.22,2.22,2.2,2.2
BCPC,2000-09-20,2.17,2.21,2.17,2.2
BCPC,2000-09-21,2.22,2.22,2.17,2.2
BCPC,2000-09-22,2.17,2.2,2.17,2.17
BCPC,2000-09-25,2.17,2.22,2.17,2.22
BCPC,2000-09-26,2.2,2.3,2.2,2.3
BCPC,2000-09-27,2.27,2.27,2.27,2.27
BCPC,2000-09-28,2.27,2.27,2.27,2.27
BCPC,2000-09-29,2.3,2.37,2.3,2.37
BCPC,2000-10-02,2.37,2.37,2.37,2.37
BCPC,2000-10-03,2.37,2.37,2.37,2.37
BCPC,2000-10-04,2.35,2.37,2.35,2.37
BCPC,2000-10-05,2.32,2.35,2.32,2.35
BCPC,2000-10-06,2.37,2.37,2.35,2.35
BCPC,2000-10-09,2.32,2.32,2.32,2.32
BCPC,2000-10-10,2.27,2.27,2.22,2.22
BCPC,2000-10-11,2.2,2.22,2.2,2.2
BCPC,2000-10-12,2.22,2.22,2.17,2.17
BCPC,2000-10-13,2.12,2.12,2.07,2.12
BCPC,2000-10-16,2.1,2.17,2.1,2.17
BCPC,2000-10-17,2.17,2.17,2.17,2.17
BCPC,2000-10-18,2.1,2.1,2.05,2.05
BCPC,2000-10-19,2.07,2.07,2.05,2.05
BCPC,2000-10-20,2.0,2.12,2.0,2.12
BCPC,2000-10-23,2.17,2.42,2.17,2.37
BCPC,2000-10-24,2.49,2.62,2.44,2.62
BCPC,2000-10-25,2.65,2.69,2.49,2.49
BCPC,2000-10-26,2.52,2.69,2.52,2.62
BCPC,2000-10-27,2.54,2.62,2.54,2.57
BCPC,2000-10-30,2.52,2.57,2.52,2.57
BCPC,2000-10-31,2.57,2.57,2.53,2.57
BCPC,2000-11-01,2.64,2.69,2.59,2.67
BCPC,2000-11-02,2.62,2.64,2.62,2.64
BCPC,2000-11-03,2.59,2.59,2.59,2.59
BCPC,2000-11-06,2.63,2.67,2.59,2.67
BCPC,2000-11-07,2.67,2.67,2.59,2.59
BCPC,2000-11-08,2.64,2.65,2.64,2.65
BCPC,2000-11-09,2.62,2.62,2.62,2.62
BCPC,2000-11-10,2.6,2.6,2.6,2.6
BCPC,2000-11-13,2.59,2.59,2.54,2.58
BCPC,2000-11-14,2.54,2.59,2.54,2.57
BCPC,2000-11-15,2.52,2.57,2.51,2.51
BCPC,2000-11-16,2.56,2.57,2.27,2.42
BCPC,2000-11-17,2.44,2.52,2.43,2.47
BCPC,2000-11-20,2.44,2.44,2.37,2.42
BCPC,2000-11-21,2.42,2.42,2.41,2.41
BCPC,2000-11-22,2.32,2.36,2.31,2.35
BCPC,2000-11-24,2.37,2.37,2.37,2.37
BCPC,2000-11-27,2.42,2.49,2.42,2.49
BCPC,2000-11-28,2.52,2.52,2.47,2.47
BCPC,2000-11-29,2.44,2.44,2.44,2.44
BCPC,2000-11-30,2.44,2.44,2.44,2.44
BCPC,2000-12-01,2.46,2.62,2.46,2.57
BCPC,2000-12-04,2.57,2.57,2.57,2.57
BCPC,2000-12-05,2.57,2.64,2.57,2.62
BCPC,2000-12-06,2.65,2.65,2.62,2.62
BCPC,2000-12-07,2.58,2.59,2.58,2.59
BCPC,2000-12-08,2.54,2.64,2.54,2.64
BCPC,2000-12-11,2.59,2.6,2.53,2.53
BCPC,2000-12-12,2.57,2.59,2.57,2.59
BCPC,2000-12-13,2.57,2.57,2.57,2.57
BCPC,2000-12-14,2.57,2.62,2.57,2.57
BCPC,2000-12-15,2.57,2.57,2.57,2.57
BCPC,2000-12-18,2.57,2.57,2.49,2.52
BCPC,2000-12-19,2.49,2.49,2.42,2.44
BCPC,2000-12-20,2.4,2.4,2.35,2.36
BCPC,2000-12-21,2.37,2.37,2.35,2.35
BCPC,2000-12-22,2.4,2.4,2.21,2.37
BCPC,2000-12-26,2.37,2.47,2.37,2.47
BCPC,2000-12-27,2.47,2.57,2.47,2.57
BCPC,2000-12-28,2.57,2.57,2.57,2.57
BCPC,2000-12-29,2.57,2.62,2.57,2.62
BCPC,2001-01-02,2.57,2.67,2.57,2.67
BCPC,2001-01-03,2.62,2.86,2.62,2.86
BCPC,2001-01-04,2.86,2.91,2.86,2.91
BCPC,2001-01-05,2.94,2.99,2.93,2.94
BCPC,2001-01-08,2.96,2.96,2.91,2.91
BCPC,2001-01-09,2.89,2.89,2.77,2.77
BCPC,2001-01-10,2.72,2.77,2.72,2.72
BCPC,2001-01-11,2.72,2.77,2.72,2.75
BCPC,2001-01-12,2.81,2.81,2.77,2.81
BCPC,2001-01-16,2.81,2.86,2.77,2.81
BCPC,2001-01-17,2.84,2.93,2.84,2.86
BCPC,2001-01-18,2.81,2.81,2.72,2.72
BCPC,2001-01-19,2.77,2.86,2.77,2.86
BCPC,2001-01-22,2.86,2.86,2.84,2.84
BCPC,2001-01-23,2.89,2.94,2.89,2.91
BCPC,2001-01-24,2.94,2.95,2.94,2.94
BCPC,2001-01-25,2.89,2.91,2.89,2.9
BCPC,2001-01-26,2.89,2.89,2.86,2.86
BCPC,2001-01-29,2.91,2.91,2.84,2.84
BCPC,2001-01-30,2.88,2.88,2.86,2.86
BCPC,2001-01-31,2.91,2.91,2.79,2.79
BCPC,2001-02-01,2.75,2.79,2.72,2.72
BCPC,2001-02-02,2.72,2.74,2.72,2.74
BCPC,2001-02-05,2.76,2.76,2.65,2.65
BCPC,2001-02-06,2.61,2.65,2.61,2.65
BCPC,2001-02-07,2.7,2.76,2.7,2.76
BCPC,2001-02-08,2.76,2.76,2.76,2.76
BCPC,2001-02-09,2.72,2.81,2.72,2.78
BCPC,2001-02-12,2.76,2.92,2.76,2.81
BCPC,2001-02-13,2.8,2.8,2.78,2.78
BCPC,2001-02-14,2.78,2.96,2.78,2.96
BCPC,2001-02-15,2.96,2.98,2.96,2.96
BCPC,2001-02-16,2.96,2.97,2.95,2.97
BCPC,2001-02-20,3.02,3.06,2.98,3.0
BCPC,2001-02-21,3.02,3.02,2.95,2.95
BCPC,2001-02-22,2.98,2.98,2.98,2.98
BCPC,2001-02-23,2.93,3.0,2.93,2.96
BCPC,2001-02-26,2.96,2.96,2.91,2.91
BCPC,2001-02-27,2.94,2.95,2.94,2.95
BCPC,2001-02-28,2.95,2.95,2.77,2.77
BCPC,2001-03-01,2.72,2.74,2.67,2.74
BCPC,2001-03-02,2.76,2.77,2.74,2.74
BCPC,2001-03-05,2.74,2.74,2.69,2.69
BCPC,2001-03-06,2.67,2.77,2.67,2.74
BCPC,2001-03-07,2.72,2.77,2.72,2.77
BCPC,2001-03-08,2.75,2.82,2.75,2.82
BCPC,2001-03-09,2.81,2.85,2.81,2.85
BCPC,2001-03-12,2.91,2.96,2.89,2.96
BCPC,2001-03-13,2.96,3.01,2.96,2.99
BCPC,2001-03-14,2.96,2.97,2.91,2.91
BCPC,2001-03-15,2.9,2.92,2.9,2.91
BCPC,2001-03-16,2.89,2.89,2.72,2.81
BCPC,2001-03-19,2.79,2.79,2.77,2.77
BCPC,2001-03-20,2.8,2.8,2.8,2.8
BCPC,2001-03-21,2.85,2.86,2.85,2.86
BCPC,2001-03-22,2.81,2.81,2.76,2.76
BCPC,2001-03-23,2.79,2.79,2.77,2.77
BCPC,2001-03-26,2.78,2.78,2.67,2.77
BCPC,2001-03-27,2.77,3.01,2.75,3.01
BCPC,2001-03-28,3.01,3.01,2.9,2.9
BCPC,2001-03-29,2.95,2.95,2.95,2.95
BCPC,2001-03-30,3.0,3.16,3.0,3.13
BCPC,2001-04-02,3.1,3.13,3.06,3.08
BCPC,2001-04-03,3.04,3.04,2.96,2.96
BCPC,2001-04-04,2.91,2.91,2.77,2.8
BCPC,2001-04-05,2.82,2.93,2.81,2.91
BCPC,2001-04-06,2.88,2.92,2.88,2.92
BCPC,2001-04-09,2.88,2.88,2.82,2.84
BCPC,2001-04-10,2.85,2.88,2.84,2.84
BCPC,2001-04-11,2.86,2.88,2.8,2.8
BCPC,2001-04-12,2.79,2.79,2.78,2.78
BCPC,2001-04-16,2.77,2.91,2.75,2.91
BCPC,2001-04-17,2.92,2.92,2.86,2.89
BCPC,2001-04-18,2.89,2.91,2.84,2.84
BCPC,2001-04-19,2.82,2.82,2.81,2.81
BCPC,2001-04-20,2.8,2.83,2.77,2.83
BCPC,2001-04-23,2.86,2.86,2.77,2.82
BCPC,2001-04-24,2.84,2.84,2.82,2.82
BCPC,2001-04-25,2.79,2.79,2.76,2.77
BCPC,2001-04-26,2.77,2.77,2.72,2.75
BCPC,2001-04-27,2.76,2.77,2.76,2.76
BCPC,2001-04-30,2.76,2.8,2.76,2.76
BCPC,2001-05-01,2.77,2.77,2.73,2.77
BCPC,2001-05-02,2.77,2.77,2.77,2.77
BCPC,2001-05-03,2.77,2.77,2.77,2.77
BCPC,2001-05-04,2.77,2.77,2.71,2.76
BCPC,2001-05-07,2.77,2.9,2.77,2.9
BCPC,2001-05-08,2.9,2.9,2.88,2.88
BCPC,2001-05-09,2.86,2.91,2.86,2.91
BCPC,2001-05-10,2.89,2.89,2.88,2.88
BCPC,2001-05-11,2.92,2.92,2.9,2.9
BCPC,2001-05-14,2.88,2.92,2.88,2.92
BCPC,2001-05-15,2.94,2.94,2.91,2.91
BCPC,2001-05-16,2.95,2.98,2.95,2.98
BCPC,2001-05-17,2.97,2.99,2.96,2.96
BCPC,2001-05-18,2.96,2.98,2.96,2.98
BCPC,2001-05-21,2.96,3.02,2.96,2.98
BCPC,2001-05-22,3.01,3.06,3.01,3.05
BCPC,2001-05-23,3.06,3.06,3.02,3.05
BCPC,2001-05-24,3.08,3.33,3.08,3.33
BCPC,2001-05-25,3.36,3.39,3.36,3.38
BCPC,2001-05-29,3.39,3.56,3.38,3.54
BCPC,2001-05-30,3.56,3.64,3.56,3.6
BCPC,2001-05-31,3.64,3.69,3.63,3.65
BCPC,2001-06-01,3.64,3.75,3.64,3.75
BCPC,2001-06-04,3.71,3.71,3.61,3.65
BCPC,2001-06-05,3.65,3.7,3.65,3.68
BCPC,2001-06-06,3.66,3.67,3.66,3.67
BCPC,2001-06-07,3.65,3.65,3.65,3.65
BCPC,2001-06-08,3.6,3.64,3.44,3.64
BCPC,2001-06-11,3.6,3.6,3.54,3.54
BCPC,2001-06-12,3.56,3.57,3.56,3.57
BCPC,2001-06-13,3.56,3.56,3.56,3.56
BCPC,2001-06-14,3.56,3.56,3.54,3.56
BCPC,2001-06-15,3.56,3.56,3.52,3.52
BCPC,2001-06-18,3.49,3.49,3.44,3.44
BCPC,2001-06-19,3.49,3.49,3.44,3.44
BCPC,2001-06-20,3.45,3.45,3.39,3.42
BCPC,2001-06-21,3.4,3.4,3.36,3.37
BCPC,2001-06-22,3.37,3.37,3.37,3.37
BCPC,2001-06-25,3.32,3.51,3.32,3.44
BCPC,2001-06-26,3.46,3.46,3.44,3.46
BCPC,2001-06-27,3.41,3.41,3.41,3.41
BCPC,2001-06-28,3.41,3.49,3.41,3.46
BCPC,2001-06-29,3.49,3.55,3.49,3.54
BCPC,2001-07-02,3.49,3.51,3.46,3.46
BCPC,2001-07-03,3.51,3.51,3.51,3.51
BCPC,2001-07-05,3.51,3.51,3.51,3.51
BCPC,2001-07-06,3.53,3.53,3.49,3.49
BCPC,2001-07-09,3.48,3.49,3.47,3.49
BCPC,2001-07-10,3.46,3.46,3.42,3.42
BCPC,2001-07-11,3.42,3.42,3.42,3.42
BCPC,2001-07-12,3.41,3.49,3.41,3.46
BCPC,2001-07-13,3.52,3.52,3.46,3.46
BCPC,2001-07-16,3.51,3.51,3.46,3.46
BCPC,2001-07-17,3.48,3.59,3.48,3.56
BCPC,2001-07-18,3.58,3.58,3.52,3.52
BCPC,2001-07-19,3.52,3.52,3.49,3.49
BCPC,2001-07-20,3.49,3.49,3.49,3.49
BCPC,2001-07-23,3.46,3.5,3.46,3.5
BCPC,2001-07-24,3.48,3.48,3.48,3.48
BCPC,2001-07-25,3.48,3.48,3.48,3.48
BCPC,2001-07-26,3.48,3.51,3.47,3.51
BCPC,2001-07-27,3.51,3.51,3.48,3.49
BCPC,2001-07-30,3.49,3.56,3.49,3.56
BCPC,2001-07-31,3.59,3.59,3.59,3.59
BCPC,2001-08-01,3.56,3.56,3.56,3.56
BCPC,2001-08-02,3.6,3.6,3.58,3.58
BCPC,2001-08-03,3.59,3.59,3.59,3.59
BCPC,2001-08-06,3.57,3.57,3.56,3.56
BCPC,2001-08-07,3.56,3.56,3.56,3.56
BCPC,2001-08-08,3.6,3.69,3.6,3.69
BCPC,2001-08-09,3.67,4.15,3.67,4.15
BCPC,2001-08-10,4.13,4.13,3.95,3.97
BCPC,2001-08-13,3.95,3.96,3.87,3.87
BCPC,2001-08-14,3.85,3.95,3.81,3.95
BCPC,2001-08-15,3.98,4.03,3.98,4.0
BCPC,2001-08-16,3.95,4.06,3.9,4.06
BCPC,2001-08-17,4.0,4.15,4.0,4.15
BCPC,2001-08-20,4.15,4.24,4.15,4.22
BCPC,2001-08-21,4.25,4.4,4.25,4.39
BCPC,2001-08-22,4.42,4.44,4.4,4.43
BCPC,2001-08-23,4.43,4.43,4.18,4.18
BCPC,2001-08-24,4.16,4.16,4.15,4.15
BCPC,2001-08-27,4.15,4.18,4.1,4.15
BCPC,2001-08-28,4.18,4.21,4.18,4.19
BCPC,2001-08-29,4.22,4.31,4.22,4.31
BCPC,2001-08-30,4.27,4.27,4.27,4.27
BCPC,2001-08-31,4.25,4.25,3.95,3.95
BCPC,2001-09-04,3.97,4.05,3.97,4.03
BCPC,2001-09-05,4.03,4.09,4.03,4.09
BCPC,2001-09-06,4.06,4.06,3.99,4.04
BCPC,2001-09-07,4.0,4.0,3.98,3.98
BCPC,2001-09-10,3.97,3.97,3.9,3.93
BCPC,2001-09-17,3.88,3.89,3.84,3.89
BCPC,2001-09-18,3.85,3.89,3.85,3.87
BCPC,2001-09-19,3.85,3.85,3.69,3.74
BCPC,2001-09-20,3.7,3.7,3.59,3.59
BCPC,2001-09-21,3.56,3.59,3.51,3.54
BCPC,2001-09-24,3.51,3.72,3.51,3.68
BCPC,2001-09-25,3.68,3.68,3.68,3.68
BCPC,2001-09-26,3.69,3.69,3.69,3.69
BCPC,2001-09-27,3.69,3.73,3.66,3.73
BCPC,2001-09-28,3.75,4.08,3.75,4.07
BCPC,2001-10-01,4.12,4.15,4.08,4.15
BCPC,2001-10-02,4.11,4.11,4.03,4.03
BCPC,2001-10-03,4.06,4.1,4.06,4.07
BCPC,2001-10-04,4.07,4.07,4.07,4.07
BCPC,2001-10-05,4.05,4.05,3.86,3.86
BCPC,2001-10-08,3.99,3.99,3.99,3.99
BCPC,2001-10-09,4.04,4.04,4.01,4.04
BCPC,2001-10-10,4.08,4.2,4.08,4.15
BCPC,2001-10-11,4.17,4.17,4.11,4.17
BCPC,2001-10-12,4.15,4.16,4.12,4.12
BCPC,2001-10-15,4.19,4.21,4.16,4.19
BCPC,2001-10-16,4.17,4.17,4.14,4.14
BCPC,2001-10-17,4.18,4.18,4.06,4.1
BCPC,2001-10-18,4.13,4.13,4.03,4.03
BCPC,2001-10-19,4.03,4.06,3.97,4.06
BCPC,2001-10-22,4.1,4.12,4.1,4.12
BCPC,2001-10-23,4.13,4.13,4.1,4.1
BCPC,2001-10-24,4.12,4.15,4.12,4.15
BCPC,2001-10-25,4.15,4.18,4.15,4.18
BCPC,2001-10-26,4.15,4.15,4.12,4.15
BCPC,2001-10-29,4.12,4.12,4.12,4.12
BCPC,2001-10-30,4.11,4.13,4.11,4.13
BCPC,2001-10-31,4.17,4.3,4.17,4.21
BCPC,2001-11-01,4.25,4.25,4.15,4.15
BCPC,2001-11-02,4.15,4.19,4.15,4.17
BCPC,2001-11-05,4.12,4.12,4.11,4.12
BCPC,2001-11-06,4.12,4.15,4.11,4.13
BCPC,2001-11-07,4.17,4.17,4.13,4.13
BCPC,2001-11-08,4.15,4.16,4.14,4.14
BCPC,2001-11-09,4.14,4.14,4.14,4.14
BCPC,2001-11-12,4.15,4.15,4.11,4.15
BCPC,2001-11-13,4.13,4.13,4.07,4.12
BCPC,2001-11-14,4.11,4.11,4.11,4.11
BCPC,2001-11-15,4.15,4.16,4.11,4.14
BCPC,2001-11-16,4.11,4.11,4.11,4.11
BCPC,2001-11-19,4.11,4.11,4.11,4.11
BCPC,2001-11-20,4.1,4.14,4.05,4.14
BCPC,2001-11-21,4.1,4.1,4.05,4.05
BCPC,2001-11-23,4.05,4.05,4.05,4.05
BCPC,2001-11-26,4.01,4.01,3.9,3.95
BCPC,2001-11-27,3.95,3.95,3.95,3.95
BCPC,2001-11-28,3.92,3.92,3.88,3.88
BCPC,2001-11-29,3.88,3.92,3.88,3.92
BCPC,2001-11-30,3.94,3.94,3.9,3.9
BCPC,2001-12-03,3.87,4.23,3.87,4.2
BCPC,2001-12-04,4.22,4.32,4.22,4.29
BCPC,2001-12-05,4.32,4.38,4.25,4.29
BCPC,2001-12-06,4.27,4.3,4.25,4.3
BCPC,2001-12-07,4.25,4.27,4.25,4.27
BCPC,2001-12-10,4.29,4.34,4.25,4.33
BCPC,2001-12-11,4.33,4.33,4.33,4.33
BCPC,2001-12-12,4.35,4.37,4.29,4.37
BCPC,2001-12-13,4.35,4.38,4.35,4.35
BCPC,2001-12-14,4.35,4.38,4.35,4.35
BCPC,2001-12-17,4.32,4.32,4.32,4.32
BCPC,2001-12-18,4.3,4.34,4.3,4.3
BCPC,2001-12-19,4.29,4.3,4.29,4.3
BCPC,2001-12-20,4.3,4.3,4.15,4.15
BCPC,2001-12-21,4.17,4.2,4.17,4.2
BCPC,2001-12-24,4.14,4.14,4.14,4.14
BCPC,2001-12-26,4.11,4.15,4.11,4.15
BCPC,2001-12-27,4.15,4.15,4.15,4.15
BCPC,2001-12-28,4.15,4.15,4.15,4.15
BCPC,2001-12-31,4.15,4.22,4.15,4.22
BCPC,2002-01-02,4.15,4.15,4.11,4.11
BCPC,2002-01-03,4.15,4.15,4.04,4.05
BCPC,2002-01-04,4.05,4.05,4.05,4.05
BCPC,2002-01-07,4.1,4.1,4.05,4.05
BCPC,2002-01-08,4.05,4.05,4.01,4.02
BCPC,2002-01-09,4.01,4.01,4.0,4.0
BCPC,2002-01-10,3.95,3.95,3.95,3.95
BCPC,2002-01-11,3.93,3.93,3.93,3.93
BCPC,2002-01-14,3.93,3.94,3.93,3.94
BCPC,2002-01-15,3.93,3.95,3.92,3.92
BCPC,2002-01-16,3.93,3.93,3.93,3.93
BCPC,2002-01-17,3.96,3.96,3.96,3.96
BCPC,2002-01-18,3.97,3.97,3.91,3.91
BCPC,2002-01-22,3.95,3.96,3.9,3.93
BCPC,2002-01-23,3.9,3.9,3.9,3.9
BCPC,2002-01-24,3.86,3.87,3.86,3.87
BCPC,2002-01-25,3.86,3.9,3.86,3.9
BCPC,2002-01-28,3.94,3.95,3.92,3.94
BCPC,2002-01-29,3.94,3.94,3.94,3.94
BCPC,2002-01-30,3.91,3.94,3.87,3.94
BCPC,2002-01-31,3.94,3.94,3.94,3.94
BCPC,2002-02-01,3.9,3.94,3.9,3.94
BCPC,2002-02-04,3.9,3.94,3.89,3.93
BCPC,2002-02-05,3.88,3.92,3.86,3.92
BCPC,2002-02-06,3.87,3.92,3.87,3.92
BCPC,2002-02-07,3.9,3.92,3.88,3.92
BCPC,2002-02-08,3.9,3.9,3.86,3.86
BCPC,2002-02-11,3.85,3.9,3.85,3.9
BCPC,2002-02-12,3.9,3.95,3.9,3.9
BCPC,2002-02-13,3.92,3.92,3.91,3.91
BCPC,2002-02-14,3.94,3.95,3.89,3.91
BCPC,2002-02-15,3.91,3.91,3.91,3.91
BCPC,2002-02-19,3.9,4.05,3.9,4.05
BCPC,2002-02-20,4.07,4.09,4.05,4.08
BCPC,2002-02-21,4.07,4.09,4.05,4.05
BCPC,2002-02-22,4.09,4.1,4.01,4.05
BCPC,2002-02-25,4.05,4.07,4.05,4.07
BCPC,2002-02-26,4.09,4.09,4.03,4.03
BCPC,2002-02-27,4.06,4.06,4.06,4.06
BCPC,2002-02-28,4.06,4.06,4.01,4.01
BCPC,2002-03-01,3.98,3.98,3.96,3.96
BCPC,2002-03-04,3.99,3.99,3.95,3.96
BCPC,2002-03-05,3.98,4.0,3.98,4.0
BCPC,2002-03-06,4.0,4.0,4.0,4.0
BCPC,2002-03-07,3.98,4.0,3.98,4.0
BCPC,2002-03-08,4.03,4.1,4.02,4.02
BCPC,2002-03-11,4.04,4.04,4.04,4.04
BCPC,2002-03-12,4.04,4.04,4.01,4.01
BCPC,2002-03-13,4.01,4.01,4.0,4.01
BCPC,2002-03-14,4.04,4.13,4.04,4.13
BCPC,2002-03-15,4.13,4.13,4.05,4.05
BCPC,2002-03-18,4.06,4.08,4.04,4.05
BCPC,2002-03-19,4.03,4.03,4.01,4.01
BCPC,2002-03-20,3.99,3.99,3.95,3.95
BCPC,2002-03-21,3.95,4.09,3.9,4.05
BCPC,2002-03-22,4.05,4.2,4.05,4.2
BCPC,2002-03-25,4.23,4.31,4.23,4.31
BCPC,2002-03-26,4.3,4.3,4.23,4.25
BCPC,2002-03-27,4.25,4.25,4.25,4.25
BCPC,2002-03-28,4.25,4.27,4.25,4.27
BCPC,2002-04-01,4.27,4.27,4.15,4.15
BCPC,2002-04-02,4.12,4.12,4.12,4.12
BCPC,2002-04-03,4.13,4.13,4.13,4.13
BCPC,2002-04-04,4.13,4.18,4.13,4.15
BCPC,2002-04-05,4.1,4.15,4.1,4.15
BCPC,2002-04-08,4.18,4.2,4.15,4.2
BCPC,2002-04-09,4.13,4.15,4.09,4.15
BCPC,2002-04-10,4.2,4.21,4.15,4.21
BCPC,2002-04-11,4.24,4.26,4.24,4.26
BCPC,2002-04-12,4.26,4.26,4.23,4.25
BCPC,2002-04-15,4.25,4.27,4.23,4.26
BCPC,2002-04-16,4.26,4.29,4.25,4.27
BCPC,2002-04-17,4.29,4.3,4.25,4.29
BCPC,2002-04-18,4.3,4.4,4.3,4.37
BCPC,2002-04-19,4.37,4.5,4.37,4.5
BCPC,2002-04-22,4.5,4.54,4.5,4.52
BCPC,2002-04-23,4.54,4.59,4.48,4.57
BCPC,2002-04-24,4.61,4.64,4.61,4.64
BCPC,2002-04-25,4.64,4.64,4.54,4.57
BCPC,2002-04-26,4.58,4.61,4.56,4.58
BCPC,2002-04-29,4.58,4.58,4.54,4.54
BCPC,2002-04-30,4.58,4.67,4.57,4.59
BCPC,2002-05-01,4.59,4.59,4.51,4.54
BCPC,2002-05-02,4.54,4.54,4.44,4.44
BCPC,2002-05-03,4.47,4.48,4.45,4.45
BCPC,2002-05-06,4.45,4.49,4.45,4.49
BCPC,2002-05-07,4.5,4.54,4.47,4.54
BCPC,2002-05-08,4.54,4.57,4.54,4.55
BCPC,2002-05-09,4.54,4.59,4.54,4.57
BCPC,2002-05-10,4.57,4.57,4.57,4.57
BCPC,2002-05-13,4.54,4.57,4.54,4.54
BCPC,2002-05-14,4.57,4.59,4.56,4.57
BCPC,2002-05-15,4.56,4.56,4.56,4.56
BCPC,2002-05-16,4.56,4.56,4.56,4.56
BCPC,2002-05-17,4.56,4.56,4.56,4.56
BCPC,2002-05-20,4.56,4.56,4.56,4.56
BCPC,2002-05-21,4.58,4.59,4.58,4.59
BCPC,2002-05-22,4.62,4.64,4.52,4.52
BCPC,2002-05-23,4.55,4.59,4.55,4.59
BCPC,2002-05-24,4.59,4.59,4.59,4.59
BCPC,2002-05-28,4.61,4.63,4.61,4.63
BCPC,2002-05-29,4.62,4.62,4.59,4.59
BCPC,2002-05-30,4.56,4.59,4.54,4.54
BCPC,2002-05-31,4.55,4.55,4.54,4.54
BCPC,2002-06-03,4.54,4.54,4.48,4.48
BCPC,2002-06-04,4.43,4.44,4.4,4.44
BCPC,2002-06-05,4.44,4.49,4.44,4.47
BCPC,2002-06-06,4.47,4.47,4.47,4.47
BCPC,2002-06-07,4.44,4.51,4.44,4.49
BCPC,2002-06-10,4.46,4.47,4.41,4.47
BCPC,2002-06-11,4.49,4.49,4.46,4.47
BCPC,2002-06-12,4.51,4.51,4.49,4.51
BCPC,2002-06-13,4.49,4.49,4.49,4.49
BCPC,2002-06-14,4.47,4.47,4.44,4.44
BCPC,2002-06-17,4.41,4.47,4.41,4.46
BCPC,2002-06-18,4.47,4.49,4.47,4.47
BCPC,2002-06-19,4.48,4.48,4.46,4.46
BCPC,2002-06-20,4.49,4.49,4.47,4.47
BCPC,2002-06-21,4.47,4.47,4.47,4.47
BCPC,2002-06-24,4.47,4.5,4.47,4.49
BCPC,2002-06-25,4.47,4.49,4.47,4.49
BCPC,2002-06-26,4.46,4.5,4.44,4.5
BCPC,2002-06-27,4.48,4.51,4.48,4.51
BCPC,2002-06-28,4.51,4.62,4.51,4.59
BCPC,2002-07-01,4.63,4.66,4.63,4.66
BCPC,2002-07-02,4.68,4.68,4.61,4.61
BCPC,2002-07-03,4.61,4.61,4.61,4.61
BCPC,2002-07-05,4.57,4.66,4.57,4.66
BCPC,2002-07-08,4.62,4.66,4.62,4.64
BCPC,2002-07-09,4.66,4.66,4.59,4.59
BCPC,2002-07-10,4.63,4.64,4.49,4.49
BCPC,2002-07-11,4.46,4.49,4.4,4.44
BCPC,2002-07-12,4.47,4.47,4.4,4.4
BCPC,2002-07-15,4.4,4.4,4.36,4.37
BCPC,2002-07-16,4.35,4.36,4.31,4.33
BCPC,2002-07-17,4.33,4.35,4.33,4.34
BCPC,2002-07-18,4.35,4.35,4.3,4.31
BCPC,2002-07-19,4.29,4.31,4.24,4.24
BCPC,2002-07-22,4.26,4.29,3.85,3.89
BCPC,2002-07-23,3.85,3.87,3.73,3.83
BCPC,2002-07-24,3.85,4.2,3.77,4.18
BCPC,2002-07-25,4.18,4.39,4.18,4.37
BCPC,2002-07-26,4.35,4.42,4.35,4.41
BCPC,2002-07-29,4.44,4.58,4.44,4.5
BCPC,2002-07-30,4.51,4.51,4.51,4.51
BCPC,2002-07-31,4.48,4.49,4.48,4.49
BCPC,2002-08-01,4.49,4.49,4.49,4.49
BCPC,2002-08-02,4.42,4.42,4.31,4.31
BCPC,2002-08-05,4.28,4.35,4.28,4.35
BCPC,2002-08-06,4.37,4.44,4.37,4.44
BCPC,2002-08-07,4.41,4.41,4.4,4.41
BCPC,2002-08-08,4.42,4.44,4.42,4.44
BCPC,2002-08-09,4.44,4.44,4.42,4.42
BCPC,2002-08-12,4.44,4.44,4.42,4.42
BCPC,2002-08-13,4.44,4.44,4.42,4.42
BCPC,2002-08-14,4.4,4.4,4.4,4.4
BCPC,2002-08-15,4.41,4.72,4.4,4.65
BCPC,2002-08-16,4.62,4.74,4.62,4.71
BCPC,2002-08-19,4.74,4.82,4.72,4.82
BCPC,2002-08-20,4.82,4.83,4.8,4.83
BCPC,2002-08-21,4.84,4.84,4.84,4.84
BCPC,2002-08-22,4.84,4.88,4.84,4.86
BCPC,2002-08-23,4.84,4.88,4.84,4.88
BCPC,2002-08-26,4.89,4.89,4.8,4.8
BCPC,2002-08-27,4.75,4.78,4.74,4.75
BCPC,2002-08-28,4.78,4.78,4.75,4.75
BCPC,2002-08-29,4.74,4.77,4.74,4.77
BCPC,2002-08-30,4.75,4.79,4.74,4.79
BCPC,2002-09-03,4.76,4.76,4.7,4.7
BCPC,2002-09-04,4.7,4.7,4.69,4.69
BCPC,2002-09-05,4.69,4.69,4.64,4.66
BCPC,2002-09-06,4.64,4.67,4.64,4.64
BCPC,2002-09-09,4.64,4.72,4.64,4.72
BCPC,2002-09-10,4.73,4.73,4.61,4.61
BCPC,2002-09-11,4.61,4.61,4.52,4.52
BCPC,2002-09-12,4.5,4.58,4.5,4.55
BCPC,2002-09-13,4.56,4.59,4.56,4.59
BCPC,2002-09-16,4.59,4.59,4.59,4.59
BCPC,2002-09-17,4.57,4.57,4.56,4.56
BCPC,2002-09-18,4.59,4.59,4.54,4.54
BCPC,2002-09-19,4.52,4.52,4.36,4.4
BCPC,2002-09-20,4.39,4.39,4.35,4.39
BCPC,2002-09-23,4.32,4.32,4.28,4.32
BCPC,2002-09-24,4.29,4.29,4.2,4.29
BCPC,2002-09-25,4.27,4.32,4.25,4.32
BCPC,2002-09-26,4.3,4.37,4.3,4.37
BCPC,2002-09-27,4.35,4.35,4.27,4.27
BCPC,2002-09-30,4.29,4.29,4.25,4.28
BCPC,2002-10-01,4.28,4.41,4.28,4.4
BCPC,2002-10-02,4.41,4.49,4.41,4.46
BCPC,2002-10-03,4.48,4.5,4.44,4.46
BCPC,2002-10-04,4.44,4.51,4.44,4.51
BCPC,2002-10-07,4.54,4.54,4.48,4.5
BCPC,2002-10-08,4.5,4.5,4.46,4.5
BCPC,2002-10-09,4.46,4.46,4.4,4.4
BCPC,2002-10-10,4.39,4.39,4.36,4.36
BCPC,2002-10-11,4.39,4.39,4.36,4.39
BCPC,2002-10-14,4.37,4.41,4.37,4.41
BCPC,2002-10-15,4.41,4.5,4.41,4.48
BCPC,2002-10-16,4.46,4.48,4.46,4.47
BCPC,2002-10-17,4.5,4.56,4.48,4.5
BCPC,2002-10-18,4.48,4.5,4.46,4.46
BCPC,2002-10-21,4.48,4.48,4.4,4.42
BCPC,2002-10-22,4.44,4.56,4.44,4.44
BCPC,2002-10-23,4.48,4.48,4.4,4.44
BCPC,2002-10-24,4.46,4.48,4.39,4.41
BCPC,2002-10-25,4.44,4.44,4.2,4.29
BCPC,2002-10-28,4.31,4.37,4.31,4.37
BCPC,2002-10-29,4.35,4.36,4.3,4.3
BCPC,2002-10-30,4.3,4.34,4.3,4.34
BCPC,2002-10-31,4.33,4.38,4.31,4.38
BCPC,2002-11-01,4.37,4.37,4.37,4.37
BCPC,2002-11-04,4.4,4.42,4.39,4.41
BCPC,2002-11-05,4.4,4.41,4.39,4.4
BCPC,2002-11-06,4.42,4.42,4.39,4.4
BCPC,2002-11-07,4.41,4.41,4.39,4.39
BCPC,2002-11-08,4.37,4.39,4.35,4.39
BCPC,2002-11-11,4.4,4.4,4.38,4.38
BCPC,2002-11-12,4.38,4.38,4.33,4.33
BCPC,2002-11-13,4.31,4.31,4.27,4.27
BCPC,2002-11-14,4.33,4.33,4.24,4.28
BCPC,2002-11-15,4.31,4.31,4.29,4.29
BCPC,2002-11-18,4.27,4.34,4.27,4.33
BCPC,2002-11-19,4.34,4.38,4.34,4.38
BCPC,2002-11-20,4.39,4.58,4.39,4.5
BCPC,2002-11-21,4.53,4.76,4.53,4.74
BCPC,2002-11-22,4.74,4.74,4.66,4.66
BCPC,2002-11-25,4.64,4.64,4.41,4.64
BCPC,2002-11-26,4.62,4.62,4.54,4.54
BCPC,2002-11-27,4.52,4.55,4.52,4.54
BCPC,2002-11-29,4.52,4.54,4.52,4.52
BCPC,2002-12-02,4.56,4.61,4.56,4.6
BCPC,2002-12-03,4.62,4.66,4.62,4.64
BCPC,2002-12-04,4.66,4.67,4.66,4.67
BCPC,2002-12-05,4.67,4.68,4.64,4.64
BCPC,2002-12-06,4.59,4.64,4.57,4.64
BCPC,2002-12-09,4.63,4.63,4.61,4.63
BCPC,2002-12-10,4.63,4.67,4.61,4.66
BCPC,2002-12-11,4.68,4.68,4.64,4.66
BCPC,2002-12-12,4.66,4.66,4.64,4.64
BCPC,2002-12-13,4.64,4.67,4.64,4.64
BCPC,2002-12-16,4.67,4.67,4.65,4.65
BCPC,2002-12-17,4.66,4.66,4.62,4.62
BCPC,2002-12-18,4.6,4.61,4.58,4.61
BCPC,2002-12-19,4.6,4.61,4.59,4.61
BCPC,2002-12-20,4.63,4.68,4.62,4.68
BCPC,2002-12-23,4.69,4.76,4.69,4.76
BCPC,2002-12-24,4.76,4.76,4.76,4.76
BCPC,2002-12-26,4.75,4.75,4.75,4.75
BCPC,2002-12-27,4.73,4.75,4.72,4.75
BCPC,2002-12-30,4.74,4.82,4.73,4.79
BCPC,2002-12-31,4.8,4.8,4.78,4.8
BCPC,2003-01-02,4.8,4.8,4.74,4.76
BCPC,2003-01-03,4.76,4.81,4.76,4.8
BCPC,2003-01-06,4.78,4.94,4.78,4.92
BCPC,2003-01-07,4.96,5.01,4.94,5.0
BCPC,2003-01-08,5.0,5.0,4.94,4.94
BCPC,2003-01-09,4.94,4.99,4.9,4.9
BCPC,2003-01-10,4.87,4.88,4.82,4.82
BCPC,2003-01-13,4.84,4.85,4.8,4.81
BCPC,2003-01-14,4.83,4.86,4.82,4.84
BCPC,2003-01-15,4.8,4.82,4.7,4.72
BCPC,2003-01-16,4.7,4.77,4.7,4.74
BCPC,2003-01-17,4.69,4.78,4.69,4.76
BCPC,2003-01-21,4.74,4.74,4.68,4.7
BCPC,2003-01-22,4.71,4.71,4.64,4.66
BCPC,2003-01-23,4.66,4.72,4.64,4.71
BCPC,2003-01-24,4.72,4.72,4.66,4.72
BCPC,2003-01-27,4.7,4.7,4.54,4.58
BCPC,2003-01-28,4.54,4.56,4.46,4.56
BCPC,2003-01-29,4.56,4.56,4.56,4.56
BCPC,2003-01-30,4.58,4.64,4.54,4.54
BCPC,2003-01-31,4.5,4.5,4.46,4.5
BCPC,2003-02-03,4.52,4.52,4.46,4.52
BCPC,2003-02-04,4.48,4.48,4.48,4.48
BCPC,2003-02-05,4.46,4.48,4.44,4.46
BCPC,2003-02-06,4.46,4.48,4.42,4.48
BCPC,2003-02-07,4.45,4.45,4.37,4.4
BCPC,2003-02-10,4.4,4.4,4.23,4.39
BCPC,2003-02-11,4.4,4.45,4.4,4.44
BCPC,2003-02-12,4.46,4.46,3.71,3.87
BCPC,2003-02-13,3.83,3.83,3.74,3.75
BCPC,2003-02-14,3.77,3.77,3.73,3.74
BCPC,2003-02-18,3.74,3.8,3.72,3.75
BCPC,2003-02-19,3.76,3.79,3.74,3.79
BCPC,2003-02-20,3.8,3.89,3.78,3.86
BCPC,2003-02-21,3.89,3.92,3.84,3.92
BCPC,2003-02-24,3.93,3.93,3.9,3.91
BCPC,2003-02-25,3.89,3.89,3.78,3.82
BCPC,2003-02-26,3.84,3.9,3.8,3.9
BCPC,2003-02-27,3.88,3.92,3.88,3.89
BCPC,2003-02-28,3.89,3.89,3.87,3.89
BCPC,2003-03-03,3.9,3.9,3.86,3.86
BCPC,2003-03-04,3.88,3.88,3.82,3.82
BCPC,2003-03-05,3.8,3.8,3.73,3.74
BCPC,2003-03-06,3.73,3.75,3.67,3.73
BCPC,2003-03-07,3.71,3.74,3.69,3.73
BCPC,2003-03-10,3.71,3.73,3.7,3.7
BCPC,2003-03-11,3.72,3.73,3.71,3.72
BCPC,2003-03-12,3.73,3.75,3.72,3.75
BCPC,2003-03-13,3.76,3.78,3.74,3.76
BCPC,2003-03-14,3.78,3.78,3.76,3.76
BCPC,2003-03-17,3.71,3.71,3.61,3.62
BCPC,2003-03-18,3.6,3.65,3.6,3.62
BCPC,2003-03-19,3.6,3.6,3.51,3.52
BCPC,2003-03-20,3.47,3.52,3.46,3.49
BCPC,2003-03-21,3.48,3.53,3.47,3.53
BCPC,2003-03-24,3.47,3.47,3.43,3.43
BCPC,2003-03-25,3.43,3.43,3.4,3.4
BCPC,2003-03-26,3.38,3.38,3.32,3.35
BCPC,2003-03-27,3.35,3.39,3.35,3.36
BCPC,2003-03-28,3.35,3.36,3.32,3.36
BCPC,2003-03-31,3.34,3.39,3.34,3.37
BCPC,2003-04-01,3.4,3.4,3.35,3.38
BCPC,2003-04-02,3.39,3.43,3.39,3.43
BCPC,2003-04-03,3.45,3.46,3.44,3.44
BCPC,2003-04-04,3.44,3.46,3.44,3.46
BCPC,2003-04-07,3.46,3.49,3.44,3.48
BCPC,2003-04-08,3.47,3.5,3.47,3.48
BCPC,2003-04-09,3.47,3.47,3.42,3.44
BCPC,2003-04-10,3.42,3.47,3.42,3.47
BCPC,2003-04-11,3.51,3.59,3.51,3.59
BCPC,2003-04-14,3.6,3.67,3.6,3.67
BCPC,2003-04-15,3.67,3.95,3.67,3.94
BCPC,2003-04-16,3.95,4.03,3.89,3.91
BCPC,2003-04-17,3.91,3.91,3.87,3.87
BCPC,2003-04-21,3.86,3.9,3.83,3.9
BCPC,2003-04-22,3.92,4.03,3.92,4.03
BCPC,2003-04-23,4.01,4.08,4.01,4.05
BCPC,2003-04-24,4.06,4.08,4.06,4.08
BCPC,2003-04-25,4.06,4.07,3.98,4.03
BCPC,2003-04-28,4.02,4.03,3.99,3.99
BCPC,2003-04-29,4.02,4.23,4.02,4.23
BCPC,2003-04-30,4.23,4.34,4.23,4.34
BCPC,2003-05-01,4.34,4.83,4.34,4.55
BCPC,2003-05-02,4.55,4.57,4.44,4.49
BCPC,2003-05-05,4.51,4.54,4.43,4.48
BCPC,2003-05-06,4.48,4.54,4.48,4.54
BCPC,2003-05-07,4.54,4.54,4.51,4.54
BCPC,2003-05-08,4.54,4.61,4.54,4.61
BCPC,2003-05-09,4.62,4.62,4.59,4.6
BCPC,2003-05-12,4.61,4.66,4.61,4.64
BCPC,2003-05-13,4.65,4.65,4.62,4.64
BCPC,2003-05-14,4.64,4.64,4.6,4.6
BCPC,2003-05-15,4.62,4.66,4.55,4.59
BCPC,2003-05-16,4.54,4.54,4.47,4.49
BCPC,2003-05-19,4.47,4.47,4.42,4.43
BCPC,2003-05-20,4.44,4.44,4.43,4.44
BCPC,2003-05-21,4.43,4.43,4.4,4.4
BCPC,2003-05-22,4.41,4.43,4.41,4.42
BCPC,2003-05-23,4.43,4.44,4.37,4.44
BCPC,2003-05-27,4.42,4.42,4.4,4.42
BCPC,2003-05-28,4.41,4.44,4.41,4.43
BCPC,2003-05-29,4.43,4.43,4.39,4.39
BCPC,2003-05-30,4.4,4.52,4.4,4.52
BCPC,2003-06-02,4.5,4.5,4.44,4.5
BCPC,2003-06-03,4.5,4.5,4.4,4.4
BCPC,2003-06-04,4.41,4.41,4.34,4.39
BCPC,2003-06-05,4.37,4.48,4.35,4.47
BCPC,2003-06-06,4.46,4.49,4.45,4.49
BCPC,2003-06-09,4.49,4.5,4.45,4.47
BCPC,2003-06-10,4.46,4.49,4.46,4.49
BCPC,2003-06-11,4.32,4.49,4.32,4.48
BCPC,2003-06-12,4.48,4.48,4.46,4.46
BCPC,2003-06-13,4.44,4.49,4.44,4.49
BCPC,2003-06-16,4.49,4.59,4.42,4.58
BCPC,2003-06-17,4.6,4.64,4.6,4.64
BCPC,2003-06-18,4.63,4.66,4.63,4.66
BCPC,2003-06-19,4.68,4.71,4.68,4.71
BCPC,2003-06-20,4.68,4.7,4.67,4.67
BCPC,2003-06-23,4.68,4.68,4.68,4.68
BCPC,2003-06-24,4.66,4.68,4.65,4.67
BCPC,2003-06-25,4.68,4.68,4.65,4.67
BCPC,2003-06-26,4.65,4.66,4.65,4.65
BCPC,2003-06-27,4.66,4.68,4.66,4.68
BCPC,2003-06-30,4.65,4.67,4.65,4.65
BCPC,2003-07-01,4.63,4.68,4.63,4.65
BCPC,2003-07-02,4.67,4.8,4.67,4.78
BCPC,2003-07-03,4.77,4.78,4.76,4.78
BCPC,2003-07-07,4.8,4.87,4.8,4.86
BCPC,2003-07-08,4.85,4.89,4.85,4.89
BCPC,2003-07-09,4.92,5.1,4.92,5.06
BCPC,2003-07-10,5.07,5.07,5.01,5.01
BCPC,2003-07-11,5.01,5.02,4.96,4.96
BCPC,2003-07-14,4.96,4.96,4.92,4.92
BCPC,2003-07-15,4.92,4.94,4.83,4.86
BCPC,2003-07-16,4.85,4.88,4.85,4.88
BCPC,2003-07-17,4.89,4.94,4.89,4.94
BCPC,2003-07-18,4.96,4.96,4.83,4.88
BCPC,2003-07-21,4.9,4.91,4.86,4.86
BCPC,2003-07-22,4.85,4.85,4.84,4.84
BCPC,2003-07-23,4.83,4.93,4.82,4.93
BCPC,2003-07-24,4.94,4.99,4.92,4.97
BCPC,2003-07-25,4.95,5.02,4.95,5.02
BCPC,2003-07-28,4.97,4.97,4.62,4.74
BCPC,2003-07-29,4.74,4.74,4.71,4.73
BCPC,2003-07-30,4.72,4.74,4.69,4.71
BCPC,2003-07-31,4.74,4.74,4.71,4.72
BCPC,2003-08-01,4.74,4.74,4.71,4.74
BCPC,2003-08-04,4.74,4.74,4.74,4.74
BCPC,2003-08-05,4.74,4.74,4.74,4.74
BCPC,2003-08-06,4.74,4.74,4.68,4.68
BCPC,2003-08-07,4.64,4.64,4.63,4.64
BCPC,2003-08-08,4.64,4.64,4.64,4.64
BCPC,2003-08-11,4.64,4.64,4.63,4.64
BCPC,2003-08-12,4.63,4.63,4.63,4.63
BCPC,2003-08-13,4.62,4.62,4.6,4.62
BCPC,2003-08-14,4.62,4.63,4.62,4.63
BCPC,2003-08-15,4.63,4.63,4.63,4.63
BCPC,2003-08-18,4.61,4.63,4.61,4.62
BCPC,2003-08-19,4.61,4.61,4.61,4.61
BCPC,2003-08-20,4.61,4.62,4.6,4.61
BCPC,2003-08-21,4.6,4.61,4.6,4.61
BCPC,2003-08-22,4.6,4.61,4.57,4.58
BCPC,2003-08-25,4.56,4.56,4.54,4.54
BCPC,2003-08-26,4.54,4.59,4.54,4.59
BCPC,2003-08-27,4.57,4.6,4.57,4.6
BCPC,2003-08-28,4.58,4.6,4.58,4.58
BCPC,2003-08-29,4.58,4.6,4.58,4.59
BCPC,2003-09-02,4.59,4.59,4.59,4.59
BCPC,2003-09-03,4.58,4.59,4.58,4.58
BCPC,2003-09-04,4.58,4.59,4.56,4.59
BCPC,2003-09-05,4.57,4.58,4.57,4.58
BCPC,2003-09-08,4.57,4.58,4.5,4.5
BCPC,2003-09-09,4.48,4.5,4.44,4.49
BCPC,2003-09-10,4.47,4.47,4.46,4.47
BCPC,2003-09-11,4.49,4.49,4.47,4.48
BCPC,2003-09-12,4.47,4.5,4.47,4.5
BCPC,2003-09-15,4.5,4.5,4.48,4.5
BCPC,2003-09-16,4.51,4.53,4.51,4.53
BCPC,2003-09-17,4.52,4.57,4.52,4.57
BCPC,2003-09-18,4.55,4.57,4.55,4.55
BCPC,2003-09-19,4.55,4.56,3.97,4.25
BCPC,2003-09-22,4.2,4.24,4.18,4.18
BCPC,2003-09-23,4.15,4.15,4.11,4.12
BCPC,2003-09-24,4.11,4.16,4.11,4.16
BCPC,2003-09-25,4.13,4.13,4.12,4.12
BCPC,2003-09-26,4.1,4.11,4.09,4.09
BCPC,2003-09-29,4.08,4.08,4.04,4.08
BCPC,2003-09-30,4.05,4.05,3.99,4.02
BCPC,2003-10-01,3.99,4.05,3.99,4.02
BCPC,2003-10-02,3.99,4.04,3.99,4.0
BCPC,2003-10-03,4.02,4.02,3.99,3.99
BCPC,2003-10-06,4.01,4.02,3.99,4.02
BCPC,2003-10-07,3.98,4.03,3.97,3.99
BCPC,2003-10-08,3.97,3.99,3.81,3.81
BCPC,2003-10-09,3.83,3.87,3.8,3.85
BCPC,2003-10-10,3.89,4.07,3.88,4.03
BCPC,2003-10-13,4.03,4.04,4.03,4.04
BCPC,2003-10-14,4.05,4.05,3.99,4.0
BCPC,2003-10-15,4.03,4.03,4.03,4.03
BCPC,2003-10-16,4.03,4.03,3.98,4.03
BCPC,2003-10-17,4.03,4.05,4.01,4.03
BCPC,2003-10-20,3.99,4.0,3.95,4.0
BCPC,2003-10-21,3.97,3.97,3.9,3.95
BCPC,2003-10-22,3.9,3.9,3.82,3.85
BCPC,2003-10-23,3.89,3.9,3.81,3.83
BCPC,2003-10-24,3.85,3.85,3.81,3.82
BCPC,2003-10-27,3.84,3.85,3.82,3.85
BCPC,2003-10-28,3.83,3.83,3.65,3.7
BCPC,2003-10-29,3.67,3.82,3.66,3.82
BCPC,2003-10-30,3.8,3.83,3.76,3.83
BCPC,2003-10-31,3.83,3.99,3.83,3.99
BCPC,2003-11-03,4.02,4.02,3.95,3.99
BCPC,2003-11-04,3.96,4.02,3.96,4.02
BCPC,2003-11-05,4.03,4.19,4.03,4.19
BCPC,2003-11-06,4.22,4.4,4.2,4.27
BCPC,2003-11-07,4.29,4.43,4.27,4.43
BCPC,2003-11-10,4.46,4.49,4.4,4.49
BCPC,2003-11-11,4.48,4.49,4.43,4.49
BCPC,2003-11-12,4.49,4.5,4.46,4.46
BCPC,2003-11-13,4.45,4.45,4.35,4.35
BCPC,2003-11-14,4.33,4.33,4.31,4.31
BCPC,2003-11-17,4.31,4.31,4.29,4.31
BCPC,2003-11-18,4.31,4.31,4.31,4.31
BCPC,2003-11-19,4.34,4.38,4.34,4.35
BCPC,2003-11-20,4.39,4.39,4.35,4.36
BCPC,2003-11-21,4.36,4.36,4.35,4.35
BCPC,2003-11-24,4.35,4.44,4.35,4.44
BCPC,2003-11-25,4.49,4.58,4.46,4.55
BCPC,2003-11-26,4.54,4.54,4.5,4.51
BCPC,2003-11-28,4.51,4.52,4.48,4.52
BCPC,2003-12-01,4.52,4.55,4.52,4.52
BCPC,2003-12-02,4.52,4.52,4.5,4.5
BCPC,2003-12-03,4.5,4.5,4.5,4.5
BCPC,2003-12-04,4.47,4.5,4.46,4.5
BCPC,2003-12-05,4.47,4.49,4.47,4.49
BCPC,2003-12-08,4.5,4.5,4.5,4.5
BCPC,2003-12-09,4.49,4.52,4.48,4.48
BCPC,2003-12-10,4.51,4.51,4.47,4.47
BCPC,2003-12-11,4.48,4.53,4.48,4.53
BCPC,2003-12-12,4.51,4.51,4.51,4.51
BCPC,2003-12-15,4.49,4.51,4.49,4.49
BCPC,2003-12-16,4.46,4.6,4.46,4.6
BCPC,2003-12-17,4.58,4.59,4.56,4.59
BCPC,2003-12-18,4.57,4.62,4.56,4.62
BCPC,2003-12-19,4.61,4.65,4.61,4.64
BCPC,2003-12-22,4.62,4.65,4.57,4.63
BCPC,2003-12-23,4.64,4.65,4.62,4.62
BCPC,2003-12-24,4.59,4.61,4.59,4.6
BCPC,2003-12-26,4.61,4.61,4.45,4.48
BCPC,2003-12-29,4.45,4.51,4.45,4.51
BCPC,2003-12-30,4.51,4.53,4.51,4.51
BCPC,2003-12-31,4.49,4.54,4.49,4.5
BCPC,2004-01-02,4.5,4.58,4.5,4.58
BCPC,2004-01-05,4.58,4.59,4.58,4.59
BCPC,2004-01-06,4.57,4.57,4.57,4.57
BCPC,2004-01-07,4.59,4.66,4.59,4.66
BCPC,2004-01-08,4.69,4.69,4.67,4.67
BCPC,2004-01-09,4.65,4.65,4.61,4.61
BCPC,2004-01-12,4.59,4.63,4.57,4.63
BCPC,2004-01-13,4.63,4.63,4.59,4.61
BCPC,2004-01-14,4.61,4.69,4.61,4.68
BCPC,2004-01-15,4.71,4.73,4.65,4.67
BCPC,2004-01-16,4.68,4.7,4.6,4.62
BCPC,2004-01-20,4.6,4.6,4.45,4.45
BCPC,2004-01-21,4.45,4.45,4.45,4.45
BCPC,2004-01-22,4.48,4.48,4.44,4.44
BCPC,2004-01-23,4.46,4.46,4.46,4.46
BCPC,2004-01-26,4.45,4.45,4.45,4.45
BCPC,2004-01-27,4.45,4.47,4.45,4.47
BCPC,2004-01-28,4.49,4.51,4.49,4.51
BCPC,2004-01-29,4.48,4.56,4.47,4.56
BCPC,2004-01-30,4.55,4.55,4.49,4.54
BCPC,2004-02-02,4.55,4.56,4.52,4.53
BCPC,2004-02-03,4.54,4.54,4.52,4.53
BCPC,2004-02-04,4.55,4.55,4.54,4.54
BCPC,2004-02-05,4.55,4.63,4.55,4.63
BCPC,2004-02-06,4.62,4.64,4.58,4.58
BCPC,2004-02-09,4.58,4.58,4.58,4.58
BCPC,2004-02-10,4.56,4.62,4.56,4.62
BCPC,2004-02-11,4.64,4.71,4.6,4.7
BCPC,2004-02-12,4.7,4.83,4.68,4.8
BCPC,2004-02-13,4.82,4.82,4.77,4.77
BCPC,2004-02-17,4.79,4.8,4.77,4.77
BCPC,2004-02-18,4.75,4.77,4.73,4.73
BCPC,2004-02-19,4.77,4.77,4.75,4.76
BCPC,2004-02-20,4.75,4.78,4.75,4.78
BCPC,2004-02-23,4.75,4.79,4.75,4.79
BCPC,2004-02-24,4.76,4.78,4.76,4.78
BCPC,2004-02-25,4.76,4.76,4.74,4.75
BCPC,2004-02-26,4.79,4.79,4.75,4.78
BCPC,2004-02-27,4.74,4.79,4.74,4.79
BCPC,2004-03-01,4.79,4.82,4.79,4.82
BCPC,2004-03-02,4.81,4.88,4.81,4.88
BCPC,2004-03-03,4.84,4.84,4.84,4.84
BCPC,2004-03-04,4.84,4.94,4.84,4.94
BCPC,2004-03-05,4.92,4.93,4.87,4.93
BCPC,2004-03-08,4.94,4.99,4.91,4.99
BCPC,2004-03-09,5.0,5.0,4.98,5.0
BCPC,2004-03-10,4.98,5.04,4.98,5.0
BCPC,2004-03-11,5.0,5.01,4.97,4.97
BCPC,2004-03-12,4.95,4.95,4.94,4.94
BCPC,2004-03-15,4.94,4.97,4.94,4.94
BCPC,2004-03-16,4.95,4.99,4.95,4.95
BCPC,2004-03-17,4.98,4.99,4.98,4.99
BCPC,2004-03-18,4.97,4.99,4.96,4.98
BCPC,2004-03-19,4.98,5.01,4.98,5.01
BCPC,2004-03-22,4.98,5.02,4.98,5.01
BCPC,2004-03-23,5.04,5.14,5.04,5.14
BCPC,2004-03-24,5.14,5.31,5.14,5.31
BCPC,2004-03-25,5.32,5.36,5.21,5.21
BCPC,2004-03-26,5.21,5.21,5.16,5.16
BCPC,2004-03-29,5.16,5.16,5.16,5.16
BCPC,2004-03-30,5.18,5.18,5.16,5.16
BCPC,2004-03-31,5.2,5.2,5.17,5.2
BCPC,2004-04-01,5.2,5.2,5.2,5.2
BCPC,2004-04-02,5.18,5.21,5.18,5.21
BCPC,2004-04-05,5.2,5.2,5.17,5.17
BCPC,2004-04-06,5.16,5.17,5.16,5.17
BCPC,2004-04-07,5.16,5.16,5.16,5.16
BCPC,2004-04-08,5.18,5.2,5.18,5.2
BCPC,2004-04-12,5.18,5.2,5.18,5.2
BCPC,2004-04-13,5.19,5.19,5.19,5.19
BCPC,2004-04-14,5.2,5.2,5.18,5.18
BCPC,2004-04-15,5.16,5.18,5.16,5.16
BCPC,2004-04-16,5.18,5.2,5.18,5.2
BCPC,2004-04-19,5.17,5.2,5.17,5.18
BCPC,2004-04-20,5.17,5.17,5.16,5.17
BCPC,2004-04-21,5.16,5.16,5.14,5.16
BCPC,2004-04-22,5.18,5.2,5.16,5.18
BCPC,2004-04-23,5.18,5.2,5.17,5.2
BCPC,2004-04-26,5.21,5.25,5.21,5.24
BCPC,2004-04-27,5.21,5.21,5.16,5.2
BCPC,2004-04-28,5.23,5.27,5.23,5.26
BCPC,2004-04-29,5.28,5.31,5.28,5.3
BCPC,2004-04-30,5.27,5.34,5.27,5.33
BCPC,2004-05-03,5.3,5.3,5.27,5.28
BCPC,2004-05-04,5.31,5.33,5.31,5.33
BCPC,2004-05-05,5.33,5.33,5.3,5.3
BCPC,2004-05-06,5.32,5.33,5.31,5.33
BCPC,2004-05-07,5.33,5.33,5.32,5.32
BCPC,2004-05-10,5.31,5.31,5.22,5.22
BCPC,2004-05-11,5.2,5.2,5.18,5.18
BCPC,2004-05-12,5.2,5.25,5.2,5.23
BCPC,2004-05-13,5.25,5.25,5.23,5.23
BCPC,2004-05-14,5.23,5.23,5.23,5.23
BCPC,2004-05-17,5.2,5.2,5.19,5.19
BCPC,2004-05-18,5.16,5.16,5.16,5.16
BCPC,2004-05-19,5.14,5.18,5.14,5.17
BCPC,2004-05-20,5.15,5.16,5.1,5.1
BCPC,2004-05-21,5.07,5.07,4.82,4.86
BCPC,2004-05-24,4.84,4.84,4.77,4.79
BCPC,2004-05-25,4.81,4.88,4.81,4.87
BCPC,2004-05-26,4.91,5.0,4.91,5.0
BCPC,2004-05-27,5.01,5.05,5.01,5.05
BCPC,2004-05-28,5.07,5.17,5.07,5.16
BCPC,2004-06-01,5.14,5.18,5.13,5.18
BCPC,2004-06-02,5.18,5.21,5.18,5.2
BCPC,2004-06-03,5.2,5.21,5.17,5.2
BCPC,2004-06-04,5.19,5.22,5.19,5.22
BCPC,2004-06-07,5.23,5.23,5.23,5.23
BCPC,2004-06-08,5.2,5.23,5.2,5.22
BCPC,2004-06-09,5.2,5.2,5.18,5.2
BCPC,2004-06-10,5.21,5.21,5.21,5.21
BCPC,2004-06-14,5.2,5.23,5.2,5.22
BCPC,2004-06-15,5.23,5.24,5.23,5.24
BCPC,2004-06-16,5.23,5.25,5.2,5.25
BCPC,2004-06-17,5.23,5.28,5.23,5.28
BCPC,2004-06-18,5.26,5.26,5.23,5.25
BCPC,2004-06-21,5.26,5.29,5.25,5.29
BCPC,2004-06-22,5.29,5.35,5.29,5.35
BCPC,2004-06-23,5.33,5.33,5.33,5.33
BCPC,2004-06-24,5.33,5.69,5.32,5.53
BCPC,2004-06-25,5.5,5.5,5.39,5.47
BCPC,2004-06-28,5.44,5.46,5.4,5.43
BCPC,2004-06-29,5.4,5.56,5.39,5.46
BCPC,2004-06-30,5.43,5.43,5.43,5.43
BCPC,2004-07-01,5.43,5.6,5.43,5.57
BCPC,2004-07-02,5.55,5.56,5.51,5.53
BCPC,2004-07-06,5.57,5.57,5.51,5.53
BCPC,2004-07-07,5.52,5.52,5.49,5.52
BCPC,2004-07-08,5.51,5.51,5.49,5.49
BCPC,2004-07-09,5.46,5.53,5.45,5.47
BCPC,2004-07-12,5.44,5.46,5.41,5.44
BCPC,2004-07-13,5.46,5.47,5.46,5.47
BCPC,2004-07-14,5.46,5.53,5.46,5.52
BCPC,2004-07-15,5.52,5.52,5.5,5.51
BCPC,2004-07-16,5.5,5.64,5.5,5.63
BCPC,2004-07-19,5.68,5.73,5.55,5.71
BCPC,2004-07-20,5.73,5.73,5.69,5.7
BCPC,2004-07-21,5.7,5.7,5.7,5.7
BCPC,2004-07-22,5.7,5.7,5.68,5.68
BCPC,2004-07-23,5.68,5.68,5.63,5.68
BCPC,2004-07-26,5.64,5.66,5.58,5.58
BCPC,2004-07-27,5.62,5.62,5.62,5.62
BCPC,2004-07-28,5.65,5.65,5.53,5.58
BCPC,2004-07-29,5.6,5.6,5.52,5.55
BCPC,2004-07-30,5.57,5.57,5.55,5.55
BCPC,2004-08-02,5.53,5.53,5.53,5.53
BCPC,2004-08-03,5.57,5.58,5.57,5.58
BCPC,2004-08-04,5.59,5.6,5.48,5.48
BCPC,2004-08-05,5.47,5.47,5.46,5.46
BCPC,2004-08-06,5.45,5.5,5.41,5.5
BCPC,2004-08-09,5.48,5.48,5.48,5.48
BCPC,2004-08-10,5.48,5.48,5.46,5.47
BCPC,2004-08-11,5.44,5.46,5.3,5.32
BCPC,2004-08-12,5.39,5.41,5.36,5.39
BCPC,2004-08-13,5.41,5.41,5.38,5.41
BCPC,2004-08-16,5.39,5.39,5.39,5.39
BCPC,2004-08-17,5.36,5.4,5.36,5.4
BCPC,2004-08-18,5.39,5.41,5.38,5.41
BCPC,2004-08-19,5.39,5.41,5.39,5.41
BCPC,2004-08-20,5.39,5.41,5.39,5.41
BCPC,2004-08-23,5.45,5.46,5.45,5.46
BCPC,2004-08-24,5.49,5.5,5.44,5.44
BCPC,2004-08-25,5.47,5.47,5.37,5.41
BCPC,2004-08-26,5.44,5.44,5.39,5.39
BCPC,2004-08-27,5.42,5.42,5.38,5.38
BCPC,2004-08-30,5.35,5.36,5.35,5.36
BCPC,2004-08-31,5.42,5.45,5.39,5.45
BCPC,2004-09-01,5.48,5.53,5.48,5.53
BCPC,2004-09-02,5.57,5.67,5.57,5.67
BCPC,2004-09-03,5.66,5.69,5.66,5.69
BCPC,2004-09-07,5.69,5.69,5.69,5.69
BCPC,2004-09-08,5.73,5.82,5.73,5.75
BCPC,2004-09-09,5.78,5.83,5.76,5.83
BCPC,2004-09-10,5.82,5.82,5.78,5.78
BCPC,2004-09-13,5.82,5.92,5.82,5.86
BCPC,2004-09-14,5.82,5.86,5.81,5.83
BCPC,2004-09-15,5.83,5.85,5.83,5.85
BCPC,2004-09-16,5.84,5.85,5.83,5.85
BCPC,2004-09-17,5.82,5.82,5.76,5.8
BCPC,2004-09-20,5.81,5.83,5.79,5.79
BCPC,2004-09-21,5.8,5.81,5.8,5.81
BCPC,2004-09-22,5.85,5.85,5.73,5.73
BCPC,2004-09-23,5.75,5.75,5.68,5.68
BCPC,2004-09-24,5.71,5.78,5.71,5.78
BCPC,2004-09-27,5.81,5.91,5.78,5.91
BCPC,2004-09-28,5.9,5.92,5.9,5.92
BCPC,2004-09-29,5.9,5.93,5.9,5.93
BCPC,2004-09-30,5.93,5.93,5.83,5.89
BCPC,2004-10-01,5.91,5.92,5.91,5.91
BCPC,2004-10-04,5.92,5.97,5.92,5.95
BCPC,2004-10-05,5.95,5.97,5.93,5.93
BCPC,2004-10-06,5.96,5.99,5.93,5.93
BCPC,2004-10-07,5.97,5.97,5.92,5.92
BCPC,2004-10-08,5.92,5.97,5.88,5.88
BCPC,2004-10-11,5.88,5.88,5.88,5.88
BCPC,2004-10-12,5.92,5.92,5.92,5.92
BCPC,2004-10-13,5.88,5.96,5.88,5.93
BCPC,2004-10-14,5.92,5.93,5.92,5.92
BCPC,2004-10-15,5.92,5.93,5.89,5.93
BCPC,2004-10-18,5.95,5.95,5.93,5.93
BCPC,2004-10-19,5.93,5.94,5.92,5.92
BCPC,2004-10-20,5.93,5.93,5.89,5.89
BCPC,2004-10-21,5.86,5.93,5.86,5.93
BCPC,2004-10-22,5.91,5.93,5.89,5.93
BCPC,2004-10-25,5.95,5.95,5.89,5.89
BCPC,2004-10-26,5.92,5.97,5.92,5.94
BCPC,2004-10-27,5.96,6.02,5.96,6.0
BCPC,2004-10-28,5.98,6.0,5.93,5.93
BCPC,2004-10-29,5.93,6.17,5.93,6.17
BCPC,2004-11-01,6.17,6.17,6.04,6.04
BCPC,2004-11-02,6.05,6.21,6.01,6.07
BCPC,2004-11-03,6.09,6.12,6.08,6.12
BCPC,2004-11-04,6.15,6.15,6.14,6.14
BCPC,2004-11-05,6.14,6.16,6.08,6.11
BCPC,2004-11-08,6.12,6.15,6.11,6.13
BCPC,2004-11-09,6.09,6.12,6.07,6.12
BCPC,2004-11-10,6.1,6.12,6.1,6.1
BCPC,2004-11-11,6.08,6.12,6.06,6.06
BCPC,2004-11-12,6.04,6.11,6.03,6.03
BCPC,2004-11-15,6.0,6.18,6.0,6.18
BCPC,2004-11-16,6.17,6.21,6.17,6.18
BCPC,2004-11-17,6.16,6.16,6.16,6.16
BCPC,2004-11-18,6.14,6.16,6.05,6.05
BCPC,2004-11-19,6.03,6.12,5.98,6.12
BCPC,2004-11-22,6.1,6.1,6.08,6.1
BCPC,2004-11-23,6.08,6.15,6.08,6.11
BCPC,2004-11-24,6.09,6.16,6.08,6.1
BCPC,2004-11-26,6.12,6.14,6.12,6.14
BCPC,2004-11-29,6.1,6.1,6.07,6.1
BCPC,2004-11-30,6.08,6.09,6.08,6.09
BCPC,2004-12-01,6.1,6.12,6.1,6.12
BCPC,2004-12-02,6.09,6.44,6.09,6.38
BCPC,2004-12-03,6.34,6.42,6.32,6.32
BCPC,2004-12-06,6.3,6.42,6.29,6.36
BCPC,2004-12-07,6.38,6.47,6.38,6.42
BCPC,2004-12-08,6.41,6.44,6.4,6.42
BCPC,2004-12-09,6.38,6.38,6.32,6.36
BCPC,2004-12-10,6.32,6.32,6.32,6.32
BCPC,2004-12-13,6.35,6.4,6.34,6.37
BCPC,2004-12-14,6.37,6.42,6.37,6.42
BCPC,2004-12-15,6.46,6.47,6.46,6.47
BCPC,2004-12-16,6.47,6.66,6.47,6.64
BCPC,2004-12-17,6.67,6.72,6.58,6.64
BCPC,2004-12-20,6.67,6.76,6.65,6.72
BCPC,2004-12-21,6.7,6.76,6.67,6.75
BCPC,2004-12-22,6.76,6.77,6.71,6.77
BCPC,2004-12-23,6.74,6.87,6.74,6.86
BCPC,2004-12-27,6.82,6.85,6.76,6.85
BCPC,2004-12-28,6.8,6.89,6.77,6.89
BCPC,2004-12-29,6.86,6.86,6.76,6.78
BCPC,2004-12-30,6.78,6.83,6.76,6.8
BCPC,2004-12-31,6.84,6.85,6.81,6.85
BCPC,2005-01-03,6.88,6.91,6.73,6.74
BCPC,2005-01-04,6.77,6.77,6.41,6.46
BCPC,2005-01-05,6.46,6.54,6.46,6.52
BCPC,2005-01-06,6.5,6.62,6.5,6.57
BCPC,2005-01-07,6.66,6.71,6.66,6.69
BCPC,2005-01-10,6.71,6.87,6.71,6.84
BCPC,2005-01-11,6.82,6.95,6.82,6.84
BCPC,2005-01-12,6.88,6.91,6.84,6.91
BCPC,2005-01-13,6.89,6.89,6.88,6.88
BCPC,2005-01-14,6.91,6.93,6.83,6.83
BCPC,2005-01-18,6.8,6.83,6.72,6.75
BCPC,2005-01-19,6.76,6.76,6.72,6.74
BCPC,2005-01-20,6.76,6.76,6.68,6.72
BCPC,2005-01-21,6.74,6.81,6.58,6.61
BCPC,2005-01-24,6.58,6.58,6.53,6.58
BCPC,2005-01-25,6.57,6.57,6.51,6.51
BCPC,2005-01-26,6.52,6.55,6.47,6.52
BCPC,2005-01-27,6.58,6.63,6.53,6.53
BCPC,2005-01-28,6.59,6.87,6.59,6.81
BCPC,2005-01-31,6.86,7.04,6.84,6.99
BCPC,2005-02-01,7.02,7.41,7.02,7.27
BCPC,2005-02-02,7.33,7.33,6.99,7.23
BCPC,2005-02-03,7.21,7.32,7.21,7.32
BCPC,2005-02-04,7.38,7.39,7.31,7.34
BCPC,2005-02-07,7.31,7.31,7.05,7.08
BCPC,2005-02-08,7.06,7.26,7.06,7.19
BCPC,2005-02-09,7.17,7.33,7.16,7.32
BCPC,2005-02-10,7.34,7.36,7.23,7.27
BCPC,2005-02-11,7.24,7.24,7.21,7.23
BCPC,2005-02-14,7.23,7.35,7.2,7.35
BCPC,2005-02-15,7.41,7.44,7.3,7.34
BCPC,2005-02-16,7.33,7.33,7.11,7.11
BCPC,2005-02-17,7.08,7.08,6.96,6.96
BCPC,2005-02-18,6.67,6.84,6.67,6.78
BCPC,2005-02-22,6.8,6.8,6.75,6.76
BCPC,2005-02-23,6.79,6.84,6.79,6.84
BCPC,2005-02-24,6.81,6.84,6.74,6.76
BCPC,2005-02-25,6.79,6.81,6.74,6.76
BCPC,2005-02-28,6.76,6.78,6.46,6.47
BCPC,2005-03-01,6.46,6.46,6.37,6.44
BCPC,2005-03-02,6.44,6.47,6.43,6.46
BCPC,2005-03-03,6.47,6.52,6.47,6.5
BCPC,2005-03-04,6.53,6.56,6.51,6.56
BCPC,2005-03-07,6.59,6.65,6.59,6.59
BCPC,2005-03-08,6.61,6.68,6.61,6.68
BCPC,2005-03-09,6.7,6.71,6.64,6.68
BCPC,2005-03-10,6.67,6.67,6.65,6.66
BCPC,2005-03-11,6.64,6.64,6.59,6.61
BCPC,2005-03-14,6.58,6.6,6.52,6.55
BCPC,2005-03-15,6.55,6.58,6.52,6.52
BCPC,2005-03-16,6.49,6.53,6.47,6.53
BCPC,2005-03-17,6.52,6.55,6.51,6.55
BCPC,2005-03-18,6.55,6.57,6.43,6.43
BCPC,2005-03-21,6.44,6.52,6.41,6.52
BCPC,2005-03-22,6.49,6.52,6.49,6.52
BCPC,2005-03-23,6.52,6.62,6.52,6.62
BCPC,2005-03-24,6.62,6.71,6.62,6.7
BCPC,2005-03-28,6.73,6.9,6.73,6.9
BCPC,2005-03-29,6.92,6.94,6.85,6.85
BCPC,2005-03-30,6.87,6.89,6.84,6.85
BCPC,2005-03-31,6.82,6.9,6.82,6.89
BCPC,2005-04-01,6.87,6.89,6.82,6.82
BCPC,2005-04-04,6.79,6.84,6.79,6.82
BCPC,2005-04-05,6.87,6.87,6.81,6.83
BCPC,2005-04-06,6.83,6.87,6.83,6.85
BCPC,2005-04-07,6.87,6.87,6.86,6.86
BCPC,2005-04-08,6.87,6.87,6.86,6.86
BCPC,2005-04-11,6.86,6.86,6.81,6.82
BCPC,2005-04-12,6.81,6.86,6.8,6.83
BCPC,2005-04-13,6.84,6.86,6.81,6.84
BCPC,2005-04-14,6.82,6.82,6.64,6.67
BCPC,2005-04-15,6.64,6.7,6.61,6.61
BCPC,2005-04-18,6.59,6.6,6.57,6.57
BCPC,2005-04-19,6.57,6.57,6.55,6.55
BCPC,2005-04-20,6.55,6.55,6.49,6.49
BCPC,2005-04-21,6.49,6.49,6.47,6.47
BCPC,2005-04-22,6.47,6.48,6.47,6.48
BCPC,2005-04-25,6.5,6.5,6.49,6.49
BCPC,2005-04-26,6.49,6.57,6.48,6.55
BCPC,2005-04-27,6.56,6.56,6.53,6.55
BCPC,2005-04-28,6.58,6.81,6.56,6.81
BCPC,2005-04-29,6.84,7.11,6.77,7.11
BCPC,2005-05-02,7.14,7.5,7.14,7.5
BCPC,2005-05-03,7.53,7.63,7.48,7.53
BCPC,2005-05-04,7.53,7.53,7.35,7.43
BCPC,2005-05-05,7.41,7.73,7.41,7.73
BCPC,2005-05-06,7.76,7.88,7.76,7.83
BCPC,2005-05-09,7.87,8.34,7.85,8.34
BCPC,2005-05-10,8.37,8.63,8.34,8.59
BCPC,2005-05-11,8.59,8.59,8.49,8.51
BCPC,2005-05-12,8.51,8.52,8.43,8.47
BCPC,2005-05-13,8.46,8.55,8.39,8.55
BCPC,2005-05-16,8.52,8.52,8.41,8.41
BCPC,2005-05-17,8.4,8.4,8.19,8.19
BCPC,2005-05-18,8.17,8.28,8.14,8.27
BCPC,2005-05-19,8.27,8.36,8.25,8.27
BCPC,2005-05-20,8.28,8.28,8.24,8.27
BCPC,2005-05-23,8.3,8.39,8.21,8.26
BCPC,2005-05-24,8.27,8.27,8.22,8.23
BCPC,2005-05-25,8.21,8.21,8.17,8.21
BCPC,2005-05-26,8.21,8.22,8.18,8.21
BCPC,2005-05-27,8.18,8.19,8.15,8.18
BCPC,2005-05-31,8.15,8.24,8.0,8.21
BCPC,2005-06-01,8.21,8.21,8.16,8.2
BCPC,2005-06-02,8.15,8.18,8.1,8.13
BCPC,2005-06-03,8.12,8.15,8.12,8.14
BCPC,2005-06-06,8.1,8.47,8.1,8.34
BCPC,2005-06-07,8.37,8.56,8.37,8.41
BCPC,2005-06-08,8.43,8.8,8.43,8.74
BCPC,2005-06-09,8.74,8.77,8.6,8.74
BCPC,2005-06-10,8.71,8.77,8.41,8.65
BCPC,2005-06-13,8.61,8.61,8.53,8.56
BCPC,2005-06-14,8.56,8.76,8.52,8.71
BCPC,2005-06-15,8.72,8.72,8.58,8.66
BCPC,2005-06-16,8.73,8.78,8.73,8.78
BCPC,2005-06-17,8.8,8.8,8.74,8.79
BCPC,2005-06-20,8.76,8.79,8.71,8.76
BCPC,2005-06-21,8.74,8.8,8.73,8.77
BCPC,2005-06-22,8.79,8.85,8.69,8.72
BCPC,2005-06-23,8.7,8.8,8.69,8.77
BCPC,2005-06-24,8.79,8.81,8.71,8.79
BCPC,2005-06-27,8.8,8.87,8.77,8.82
BCPC,2005-06-28,8.8,8.83,8.8,8.81
BCPC,2005-06-29,8.84,8.92,8.82,8.91
BCPC,2005-06-30,8.94,8.96,8.82,8.9
BCPC,2005-07-01,8.87,8.96,8.81,8.9
BCPC,2005-07-05,8.9,8.9,8.85,8.89
BCPC,2005-07-06,8.89,8.89,8.85,8.88
BCPC,2005-07-07,8.86,8.86,8.82,8.85
BCPC,2005-07-08,8.86,8.86,8.86,8.86
BCPC,2005-07-11,8.86,9.03,8.83,8.89
BCPC,2005-07-12,8.89,8.89,8.84,8.89
BCPC,2005-07-13,8.89,8.89,8.85,8.89
BCPC,2005-07-14,8.89,8.89,8.86,8.89
BCPC,2005-07-15,8.86,8.89,8.81,8.86
BCPC,2005-07-18,8.86,8.96,8.83,8.89
BCPC,2005-07-19,8.92,9.24,8.92,9.21
BCPC,2005-07-20,9.19,9.34,9.17,9.22
BCPC,2005-07-21,9.22,9.22,8.98,8.98
BCPC,2005-07-22,9.01,9.24,8.98,9.24
BCPC,2005-07-25,9.24,9.32,9.24,9.3
BCPC,2005-07-26,9.27,9.38,9.23,9.36
BCPC,2005-07-27,9.38,9.38,9.24,9.36
BCPC,2005-07-28,9.38,9.45,9.38,9.42
BCPC,2005-07-29,9.39,9.47,9.32,9.45
BCPC,2005-08-01,9.48,9.57,9.38,9.5
BCPC,2005-08-02,9.54,9.63,9.52,9.61
BCPC,2005-08-03,9.61,9.63,9.56,9.56
BCPC,2005-08-04,9.58,9.58,9.52,9.58
BCPC,2005-08-05,9.54,9.54,9.36,9.45
BCPC,2005-08-08,9.45,9.51,9.39,9.42
BCPC,2005-08-09,9.43,9.47,9.38,9.38
BCPC,2005-08-10,9.38,9.57,9.38,9.43
BCPC,2005-08-11,9.42,9.57,9.39,9.57
BCPC,2005-08-12,9.54,9.57,9.48,9.5
BCPC,2005-08-15,9.54,9.54,9.38,9.45
BCPC,2005-08-16,9.42,9.42,9.17,9.17
BCPC,2005-08-17,9.14,9.33,9.12,9.31
BCPC,2005-08-18,9.3,9.3,8.98,8.98
BCPC,2005-08-19,8.98,9.01,8.86,8.86
BCPC,2005-08-22,8.89,8.89,8.81,8.82
BCPC,2005-08-23,8.83,8.86,8.76,8.82
BCPC,2005-08-24,8.84,9.21,8.82,9.21
BCPC,2005-08-25,9.24,9.24,9.03,9.14
BCPC,2005-08-26,9.11,9.11,8.96,8.96
BCPC,2005-08-29,8.95,9.13,8.95,9.13
BCPC,2005-08-30,9.11,9.13,9.02,9.05
BCPC,2005-08-31,9.06,9.17,8.96,9.16
BCPC,2005-09-01,9.16,9.48,9.14,9.37
BCPC,2005-09-02,9.35,9.39,9.13,9.14
BCPC,2005-09-06,9.14,9.24,9.02,9.09
BCPC,2005-09-07,9.08,9.26,9.07,9.24
BCPC,2005-09-08,9.23,9.33,9.19,9.31
BCPC,2005-09-09,9.28,9.35,9.28,9.34
BCPC,2005-09-12,9.32,9.45,9.27,9.41
BCPC,2005-09-13,9.41,9.41,9.3,9.31
BCPC,2005-09-14,9.31,9.37,9.31,9.36
BCPC,2005-09-15,9.36,9.36,9.24,9.25
BCPC,2005-09-16,9.3,9.3,9.16,9.21
BCPC,2005-09-19,9.15,9.15,8.89,8.89
BCPC,2005-09-20,8.93,8.93,8.64,8.65
BCPC,2005-09-21,8.61,8.61,8.17,8.17
BCPC,2005-09-22,8.17,8.17,8.0,8.01
BCPC,2005-09-23,8.01,8.09,8.0,8.04
BCPC,2005-09-26,8.04,8.04,7.6,7.8
BCPC,2005-09-27,7.78,7.98,7.78,7.88
BCPC,2005-09-28,7.88,7.97,7.8,7.9
BCPC,2005-09-29,7.91,7.93,7.7,7.88
BCPC,2005-09-30,7.95,8.58,7.92,8.16
BCPC,2005-10-03,8.18,8.3,8.16,8.21
BCPC,2005-10-04,8.21,8.32,8.13,8.13
BCPC,2005-10-05,8.12,8.12,7.97,8.0
BCPC,2005-10-06,7.96,8.07,7.94,8.0
BCPC,2005-10-07,8.03,8.21,8.03,8.2
BCPC,2005-10-10,8.21,8.21,8.08,8.13
BCPC,2005-10-11,8.15,8.15,8.09,8.1
BCPC,2005-10-12,8.1,8.12,7.98,8.01
BCPC,2005-10-13,8.0,8.04,7.97,8.0
BCPC,2005-10-14,8.03,8.04,7.69,8.0
BCPC,2005-10-17,8.03,8.03,7.91,7.94
BCPC,2005-10-18,7.9,7.9,7.77,7.8
BCPC,2005-10-19,7.78,8.09,7.78,8.05
BCPC,2005-10-20,8.01,8.04,7.94,7.99
BCPC,2005-10-21,7.99,7.99,7.86,7.87
BCPC,2005-10-24,7.87,7.88,7.75,7.75
BCPC,2005-10-25,7.7,7.77,7.58,7.71
BCPC,2005-10-26,7.76,7.9,7.72,7.82
BCPC,2005-10-27,7.79,7.83,7.68,7.77
BCPC,2005-10-28,7.81,7.9,7.81,7.87
BCPC,2005-10-31,8.44,8.44,7.91,8.13
BCPC,2005-11-01,8.12,8.36,8.1,8.22
BCPC,2005-11-02,8.27,8.84,8.27,8.77
BCPC,2005-11-03,8.73,8.89,8.73,8.83
BCPC,2005-11-04,8.79,8.79,8.53,8.57
BCPC,2005-11-07,8.6,8.78,8.59,8.72
BCPC,2005-11-08,8.65,8.65,8.47,8.56
BCPC,2005-11-09,8.81,8.81,8.6,8.68
BCPC,2005-11-10,8.65,8.79,8.36,8.79
BCPC,2005-11-11,8.76,8.81,8.68,8.76
BCPC,2005-11-14,8.75,8.81,8.69,8.73
BCPC,2005-11-15,8.71,8.74,8.53,8.58
BCPC,2005-11-16,8.64,8.64,8.34,8.39
BCPC,2005-11-17,8.43,8.71,8.43,8.7
BCPC,2005-11-18,8.76,8.79,8.65,8.71
BCPC,2005-11-21,8.65,8.65,8.42,8.45
BCPC,2005-11-22,8.41,8.41,8.12,8.23
BCPC,2005-11-23,8.17,8.3,8.12,8.17
BCPC,2005-11-25,8.18,8.36,8.18,8.3
BCPC,2005-11-28,8.3,8.3,8.2,8.26
BCPC,2005-11-29,8.29,8.3,8.06,8.16
BCPC,2005-11-30,8.19,8.22,8.12,8.17
BCPC,2005-12-01,8.2,8.47,8.07,8.1
BCPC,2005-12-02,8.13,8.2,8.08,8.11
BCPC,2005-12-05,8.14,8.21,8.07,8.15
BCPC,2005-12-06,8.15,8.24,8.07,8.12
BCPC,2005-12-07,8.07,8.15,8.07,8.08
BCPC,2005-12-08,8.12,8.22,8.12,8.16
BCPC,2005-12-09,8.21,8.27,8.09,8.13
BCPC,2005-12-12,8.13,8.18,8.05,8.07
BCPC,2005-12-13,8.04,8.11,8.0,8.05
BCPC,2005-12-14,8.11,8.18,8.04,8.07
BCPC,2005-12-15,8.02,8.44,7.91,8.3
BCPC,2005-12-16,8.42,8.52,8.12,8.41
BCPC,2005-12-19,8.41,8.41,8.22,8.25
BCPC,2005-12-20,8.27,8.41,8.18,8.23
BCPC,2005-12-21,8.27,8.43,8.16,8.37
BCPC,2005-12-22,8.4,8.86,8.21,8.81
BCPC,2005-12-23,8.86,8.87,8.72,8.76
BCPC,2005-12-27,8.74,8.74,8.62,8.68
BCPC,2005-12-28,8.62,8.74,8.48,8.74
BCPC,2005-12-29,8.74,8.86,8.7,8.83
BCPC,2005-12-30,8.84,8.89,8.79,8.83
BCPC,2006-01-03,8.83,9.33,8.83,9.28
BCPC,2006-01-04,9.24,9.24,8.88,9.05
BCPC,2006-01-05,9.08,9.18,8.98,9.11
BCPC,2006-01-06,9.14,9.56,9.11,9.54
BCPC,2006-01-09,9.57,10.13,9.57,10.06
BCPC,2006-01-10,10.09,10.38,10.01,10.37
BCPC,2006-01-11,10.41,10.41,9.78,10.07
BCPC,2006-01-12,10.12,10.12,9.91,9.94
BCPC,2006-01-13,10.0,10.07,9.93,10.0
BCPC,2006-01-17,10.04,10.04,9.88,9.93
BCPC,2006-01-18,9.88,9.93,9.72,9.72
BCPC,2006-01-19,9.72,9.82,9.69,9.78
BCPC,2006-01-20,9.81,9.93,9.81,9.83
BCPC,2006-01-23,10.12,10.12,9.69,9.8
BCPC,2006-01-24,9.87,9.91,9.64,9.76
BCPC,2006-01-25,9.82,9.95,9.43,9.95
BCPC,2006-01-26,10.02,10.12,10.0,10.04
BCPC,2006-01-27,10.06,10.06,9.91,9.98
BCPC,2006-01-30,9.93,9.96,9.87,9.88
BCPC,2006-01-31,9.91,10.05,9.72,9.93
BCPC,2006-02-01,9.93,10.06,9.91,10.06
BCPC,2006-02-02,10.06,10.13,9.9,9.94
BCPC,2006-02-03,9.89,9.96,9.85,9.86
BCPC,2006-02-06,9.81,10.0,9.73,9.82
BCPC,2006-02-07,9.89,10.22,9.83,10.12
BCPC,2006-02-08,10.07,10.13,9.58,10.0
BCPC,2006-02-09,9.94,10.11,9.93,9.96
BCPC,2006-02-10,9.91,10.08,9.79,9.89
BCPC,2006-02-13,9.87,10.13,9.87,10.04
BCPC,2006-02-14,9.98,10.05,9.98,10.05
BCPC,2006-02-15,10.05,10.17,10.04,10.08
BCPC,2006-02-16,10.04,10.13,9.69,10.12
BCPC,2006-02-17,10.22,10.22,9.87,9.87
BCPC,2006-02-21,9.88,9.91,9.51,9.73
BCPC,2006-02-22,9.69,9.93,9.45,9.86
BCPC,2006-02-23,9.8,9.98,9.68,9.72
BCPC,2006-02-24,9.68,10.04,9.61,9.84
BCPC,2006-02-27,9.8,9.99,9.78,9.86
BCPC,2006-02-28,9.71,9.82,9.47,9.54
BCPC,2006-03-01,9.48,9.96,9.48,9.92
BCPC,2006-03-02,9.98,10.05,9.79,9.96
BCPC,2006-03-03,9.96,10.04,9.67,9.91
BCPC,2006-03-06,9.73,10.12,9.49,9.49
BCPC,2006-03-07,9.53,9.67,9.33,9.35
BCPC,2006-03-08,9.24,9.56,9.2,9.41
BCPC,2006-03-09,9.41,9.46,9.29,9.36
BCPC,2006-03-10,9.41,9.51,9.27,9.51
BCPC,2006-03-13,9.55,10.21,9.55,9.72
BCPC,2006-03-14,9.72,10.22,9.72,10.11
BCPC,2006-03-15,10.09,10.51,10.02,10.22
BCPC,2006-03-16,10.29,10.64,10.24,10.56
BCPC,2006-03-17,10.6,10.64,10.44,10.6
BCPC,2006-03-20,10.62,10.71,10.38,10.66
BCPC,2006-03-21,10.66,10.8,9.99,10.03
BCPC,2006-03-22,9.58,10.71,9.58,9.96
BCPC,2006-03-23,9.96,10.28,9.87,9.92
BCPC,2006-03-24,9.98,10.36,9.95,10.0
BCPC,2006-03-27,10.07,10.22,9.98,10.22
BCPC,2006-03-28,10.22,10.22,10.02,10.03
BCPC,2006-03-29,10.45,10.45,10.0,10.21
BCPC,2006-03-30,10.16,10.22,10.12,10.2
BCPC,2006-03-31,10.24,10.25,10.09,10.25
BCPC,2006-04-03,10.25,10.25,10.05,10.11
BCPC,2006-04-04,10.04,10.05,9.89,9.9
BCPC,2006-04-05,9.92,10.07,9.78,10.0
BCPC,2006-04-06,10.01,10.11,9.93,9.95
BCPC,2006-04-07,9.97,10.09,9.87,9.92
BCPC,2006-04-10,9.94,9.98,9.71,9.72
BCPC,2006-04-11,9.67,9.73,9.38,9.38
BCPC,2006-04-12,9.33,9.44,9.33,9.36
BCPC,2006-04-13,9.33,9.93,9.33,9.86
BCPC,2006-04-17,9.87,9.87,9.56,9.73
BCPC,2006-04-18,9.77,9.95,9.6,9.95
BCPC,2006-04-19,9.95,10.26,9.95,10.24
BCPC,2006-04-20,10.2,10.27,10.11,10.12
BCPC,2006-04-21,10.3,10.4,10.0,10.01
BCPC,2006-04-24,10.01,10.31,9.86,10.18
BCPC,2006-04-25,10.2,10.31,10.15,10.31
BCPC,2006-04-26,10.26,10.36,10.2,10.33
BCPC,2006-04-27,10.27,10.55,10.22,10.22
BCPC,2006-04-28,10.22,10.32,10.16,10.28
BCPC,2006-05-01,10.44,10.8,10.2,10.36
BCPC,2006-05-02,10.31,10.56,10.13,10.56
BCPC,2006-05-03,10.53,10.56,10.31,10.43
BCPC,2006-05-04,10.48,10.52,10.33,10.47
BCPC,2006-05-05,10.51,10.56,10.31,10.31
BCPC,2006-05-08,10.27,10.48,10.2,10.41
BCPC,2006-05-09,10.36,10.53,10.31,10.43
BCPC,2006-05-10,10.39,10.39,10.19,10.24
BCPC,2006-05-11,10.24,10.38,10.2,10.24
BCPC,2006-05-12,10.24,10.33,9.87,9.87
BCPC,2006-05-15,9.8,9.87,9.53,9.53
BCPC,2006-05-16,9.67,9.7,9.4,9.44
BCPC,2006-05-17,9.38,9.42,8.98,9.08
BCPC,2006-05-18,9.14,9.36,9.11,9.36
BCPC,2006-05-19,9.36,9.65,9.24,9.6
BCPC,2006-05-22,9.58,9.82,9.56,9.71
BCPC,2006-05-23,9.78,10.09,9.56,9.56
BCPC,2006-05-24,9.56,9.77,9.47,9.73
BCPC,2006-05-25,9.8,9.96,9.6,9.92
BCPC,2006-05-26,10.01,10.06,9.82,9.95
BCPC,2006-05-30,9.92,9.92,8.94,8.94
BCPC,2006-05-31,8.93,9.38,8.93,9.2
BCPC,2006-06-01,9.29,9.8,9.22,9.8
BCPC,2006-06-02,9.88,9.88,9.5,9.82
BCPC,2006-06-05,9.77,9.82,9.38,9.38
BCPC,2006-06-06,9.18,9.42,9.13,9.33
BCPC,2006-06-07,9.33,9.64,9.24,9.25
BCPC,2006-06-08,9.24,9.59,9.16,9.56
BCPC,2006-06-09,9.56,9.67,9.24,9.28
BCPC,2006-06-12,9.28,9.47,9.12,9.22
BCPC,2006-06-13,9.2,9.42,9.18,9.2
BCPC,2006-06-14,9.18,9.38,9.18,9.33
BCPC,2006-06-15,9.27,9.41,9.2,9.25
BCPC,2006-06-16,9.25,9.28,9.21,9.24
BCPC,2006-06-19,9.28,9.33,9.16,9.2
BCPC,2006-06-20,9.27,9.3,9.19,9.2
BCPC,2006-06-21,9.24,9.33,9.22,9.28
BCPC,2006-06-22,9.24,9.28,9.22,9.25
BCPC,2006-06-23,9.22,9.27,9.22,9.22
BCPC,2006-06-26,9.27,9.33,9.23,9.32
BCPC,2006-06-27,9.32,9.33,9.2,9.23
BCPC,2006-06-28,9.27,9.31,9.22,9.26
BCPC,2006-06-29,9.29,10.12,9.26,10.11
BCPC,2006-06-30,10.16,10.17,9.63,10.0
BCPC,2006-07-03,9.96,10.24,9.96,10.22
BCPC,2006-07-05,10.13,10.29,9.98,10.26
BCPC,2006-07-06,10.22,10.39,10.19,10.39
BCPC,2006-07-07,10.29,10.36,9.69,9.76
BCPC,2006-07-10,9.76,10.1,9.74,9.99
BCPC,2006-07-11,9.95,10.24,9.74,10.23
BCPC,2006-07-12,10.23,10.24,9.91,9.91
BCPC,2006-07-13,9.87,9.87,9.27,9.27
BCPC,2006-07-14,9.23,9.91,9.22,9.81
BCPC,2006-07-17,9.48,9.55,9.36,9.36
BCPC,2006-07-18,9.47,10.28,9.47,10.28
BCPC,2006-07-19,10.33,10.76,10.31,10.62
BCPC,2006-07-20,10.69,10.69,10.11,10.13
BCPC,2006-07-21,10.13,10.13,9.22,9.3
BCPC,2006-07-24,9.38,9.69,9.38,9.69
BCPC,2006-07-25,9.69,9.95,9.56,9.94
BCPC,2006-07-26,9.85,9.93,9.6,9.83
BCPC,2006-07-27,9.91,9.95,9.35,9.35
BCPC,2006-07-28,9.29,9.87,9.29,9.87
BCPC,2006-07-31,9.73,9.96,9.62,9.92
BCPC,2006-08-01,9.87,9.87,9.33,9.51
BCPC,2006-08-02,9.56,9.68,9.53,9.62
BCPC,2006-08-03,9.56,9.66,9.39,9.59
BCPC,2006-08-04,9.64,9.76,9.24,9.36
BCPC,2006-08-07,9.36,9.46,9.22,9.32
BCPC,2006-08-08,9.28,9.35,9.14,9.16
BCPC,2006-08-09,9.21,9.21,8.88,8.88
BCPC,2006-08-10,8.84,9.02,8.76,8.99
BCPC,2006-08-11,8.99,9.11,8.79,8.81
BCPC,2006-08-14,8.87,9.1,8.87,8.98
BCPC,2006-08-15,9.07,9.09,8.95,9.02
BCPC,2006-08-16,9.09,9.09,9.02,9.07
BCPC,2006-08-17,9.02,9.17,9.02,9.1
BCPC,2006-08-18,9.1,9.1,9.0,9.07
BCPC,2006-08-21,8.99,8.99,8.84,8.89
BCPC,2006-08-22,8.89,8.98,8.87,8.92
BCPC,2006-08-23,8.98,9.08,8.88,8.88
BCPC,2006-08-24,8.98,8.98,8.56,8.72
BCPC,2006-08-25,8.73,8.82,8.67,8.73
BCPC,2006-08-28,8.73,8.91,8.73,8.84
BCPC,2006-08-29,8.88,9.07,8.82,9.07
BCPC,2006-08-30,9.11,9.3,8.87,8.87
BCPC,2006-08-31,8.86,8.96,8.79,8.85
BCPC,2006-09-01,8.86,8.98,8.84,8.88
BCPC,2006-09-05,8.93,9.13,8.86,9.12
BCPC,2006-09-06,9.07,9.14,8.92,8.99
BCPC,2006-09-07,8.93,8.98,8.84,8.85
BCPC,2006-09-08,8.84,8.88,8.76,8.81
BCPC,2006-09-11,8.76,8.97,8.76,8.88
BCPC,2006-09-12,8.89,9.0,8.76,9.0
BCPC,2006-09-13,8.95,9.02,8.87,9.01
BCPC,2006-09-14,9.01,9.06,8.77,9.0
BCPC,2006-09-15,9.04,9.08,8.87,8.98
BCPC,2006-09-18,8.92,8.95,8.85,8.85
BCPC,2006-09-19,8.89,8.93,8.84,8.89
BCPC,2006-09-20,8.93,8.96,8.85,8.91
BCPC,2006-09-21,9.0,9.0,8.85,8.89
BCPC,2006-09-22,8.84,8.87,8.71,8.72
BCPC,2006-09-25,8.72,8.93,8.71,8.8
BCPC,2006-09-26,8.86,8.89,8.76,8.83
BCPC,2006-09-27,8.8,8.9,8.72,8.89
BCPC,2006-09-28,8.93,8.93,8.75,8.84
BCPC,2006-09-29,8.88,8.88,8.72,8.8
BCPC,2006-10-02,8.76,8.76,8.56,8.58
BCPC,2006-10-03,8.59,8.64,8.5,8.53
BCPC,2006-10-04,8.52,8.82,8.51,8.82
BCPC,2006-10-05,8.87,8.94,8.67,8.94
BCPC,2006-10-06,8.92,8.93,8.79,8.8
BCPC,2006-10-09,8.8,8.8,8.68,8.73
BCPC,2006-10-10,8.76,8.92,8.73,8.89
BCPC,2006-10-11,8.91,8.91,8.73,8.74
BCPC,2006-10-12,8.8,9.08,8.74,9.08
BCPC,2006-10-13,9.11,9.32,9.11,9.32
BCPC,2006-10-16,9.31,9.56,9.23,9.55
BCPC,2006-10-17,9.48,9.49,9.36,9.4
BCPC,2006-10-18,9.51,9.52,9.1,9.16
BCPC,2006-10-19,9.13,9.4,9.13,9.29
BCPC,2006-10-20,9.36,9.36,9.16,9.25
BCPC,2006-10-23,9.19,9.29,9.15,9.24
BCPC,2006-10-24,9.17,9.27,9.17,9.27
BCPC,2006-10-25,9.33,9.54,9.32,9.44
BCPC,2006-10-26,9.49,9.86,9.49,9.86
BCPC,2006-10-27,9.8,9.93,9.73,9.81
BCPC,2006-10-30,9.76,10.22,9.73,10.22
BCPC,2006-10-31,10.11,10.11,9.87,9.94
BCPC,2006-11-01,9.96,9.96,9.74,9.81
BCPC,2006-11-02,9.75,9.89,9.73,9.78
BCPC,2006-11-03,9.84,9.84,9.7,9.79
BCPC,2006-11-06,9.85,9.91,9.73,9.91
BCPC,2006-11-07,9.84,10.18,9.8,9.92
BCPC,2006-11-08,9.83,10.4,9.83,10.08
BCPC,2006-11-09,10.12,10.24,10.02,10.08
BCPC,2006-11-10,10.15,10.31,10.01,10.28
BCPC,2006-11-13,10.23,10.4,10.12,10.4
BCPC,2006-11-14,10.4,11.09,10.09,11.09
BCPC,2006-11-15,11.04,11.11,10.75,10.8
BCPC,2006-11-16,10.87,11.08,10.85,11.04
BCPC,2006-11-17,10.78,11.67,10.78,11.55
BCPC,2006-11-20,11.51,11.58,11.33,11.57
BCPC,2006-11-21,11.66,11.66,11.33,11.38
BCPC,2006-11-22,11.38,11.6,11.23,11.58
BCPC,2006-11-24,11.56,11.6,11.43,11.56
BCPC,2006-11-27,11.47,11.47,10.76,10.95
BCPC,2006-11-28,10.91,11.71,10.79,11.65
BCPC,2006-11-29,11.64,11.64,11.42,11.64
BCPC,2006-11-30,11.56,11.77,11.45,11.53
BCPC,2006-12-01,11.54,11.77,11.11,11.71
BCPC,2006-12-04,11.75,12.02,11.64,12.01
BCPC,2006-12-05,12.09,12.09,11.67,11.77
BCPC,2006-12-06,11.73,11.76,11.6,11.66
BCPC,2006-12-07,11.73,11.84,11.52,11.82
BCPC,2006-12-08,11.83,11.93,11.56,11.87
BCPC,2006-12-11,11.95,12.33,11.89,12.14
BCPC,2006-12-12,12.14,12.45,12.09,12.1
BCPC,2006-12-13,13.11,13.16,12.72,12.83
BCPC,2006-12-14,12.88,12.93,12.56,12.56
BCPC,2006-12-15,12.56,12.58,12.15,12.15
BCPC,2006-12-18,12.11,12.19,11.03,11.1
BCPC,2006-12-19,11.02,11.06,10.81,10.93
BCPC,2006-12-20,10.98,11.05,10.8,10.89
BCPC,2006-12-21,10.87,11.15,10.79,10.85
BCPC,2006-12-22,10.89,12.18,10.87,11.55
BCPC,2006-12-26,11.16,11.75,11.15,11.15
BCPC,2006-12-27,11.05,11.8,11.05,11.61
BCPC,2006-12-28,11.55,11.77,11.42,11.53
BCPC,2006-12-29,11.51,11.85,11.36,11.41
BCPC,2007-01-03,11.24,11.6,10.96,11.01
BCPC,2007-01-04,11.04,11.25,10.67,10.68
BCPC,2007-01-05,10.58,10.68,10.33,10.41
BCPC,2007-01-08,10.44,10.77,10.04,10.67
BCPC,2007-01-09,10.61,10.77,10.56,10.73
BCPC,2007-01-10,10.61,10.88,10.49,10.86
BCPC,2007-01-11,10.77,11.23,10.77,11.08
BCPC,2007-01-12,11.05,11.33,10.85,11.31
BCPC,2007-01-16,11.03,11.28,10.23,10.24
BCPC,2007-01-17,10.24,10.58,10.22,10.23
BCPC,2007-01-18,10.22,10.41,10.0,10.06
BCPC,2007-01-19,10.04,10.18,10.0,10.09
BCPC,2007-01-22,10.07,10.08,9.31,9.53
BCPC,2007-01-23,9.83,9.85,9.59,9.63
BCPC,2007-01-24,9.66,10.2,9.66,10.15
BCPC,2007-01-25,10.72,10.72,9.93,10.0
BCPC,2007-01-26,9.98,10.03,9.65,10.0
BCPC,2007-01-29,10.0,10.79,9.88,10.68
BCPC,2007-01-30,10.6,10.6,9.87,10.24
BCPC,2007-01-31,10.21,10.34,10.01,10.23
BCPC,2007-02-01,10.01,10.49,10.01,10.37
BCPC,2007-02-02,10.41,10.53,9.79,9.82
BCPC,2007-02-05,9.88,10.16,9.43,9.84
BCPC,2007-02-06,9.85,10.05,9.77,9.91
BCPC,2007-02-07,9.81,10.03,9.69,9.81
BCPC,2007-02-08,9.78,9.98,9.68,9.75
BCPC,2007-02-09,9.71,9.81,9.43,9.57
BCPC,2007-02-12,9.57,9.79,9.41,9.52
BCPC,2007-02-13,9.61,10.21,9.47,9.75
BCPC,2007-02-14,9.71,9.82,9.49,9.55
BCPC,2007-02-15,9.6,9.65,9.35,9.39
BCPC,2007-02-16,9.36,9.64,9.17,9.5
BCPC,2007-02-20,9.52,9.79,9.21,9.71
BCPC,2007-02-21,9.65,10.24,9.53,10.24
BCPC,2007-02-22,10.3,10.69,10.24,10.64
BCPC,2007-02-23,10.15,10.81,10.15,10.59
BCPC,2007-02-26,10.59,10.62,10.3,10.56
BCPC,2007-02-27,10.35,10.55,9.87,10.13
BCPC,2007-02-28,10.13,10.48,9.75,9.87
BCPC,2007-03-01,9.9,10.13,9.47,9.69
BCPC,2007-03-02,9.6,9.9,9.54,9.75
BCPC,2007-03-05,9.63,9.99,9.63,9.65
BCPC,2007-03-06,9.72,10.3,9.7,10.23
BCPC,2007-03-07,10.21,10.21,9.72,10.03
BCPC,2007-03-08,10.13,10.43,9.93,10.05
BCPC,2007-03-09,10.17,10.49,10.0,10.13
BCPC,2007-03-12,10.05,11.33,10.0,10.85
BCPC,2007-03-13,10.75,10.93,10.27,10.35
BCPC,2007-03-14,10.33,10.6,10.08,10.6
BCPC,2007-03-15,10.67,10.79,10.4,10.65
BCPC,2007-03-16,10.64,11.05,10.47,10.67
BCPC,2007-03-19,10.67,11.07,10.45,11.01
BCPC,2007-03-20,10.94,11.64,10.9,11.63
BCPC,2007-03-21,11.69,12.49,11.5,12.33
BCPC,2007-03-22,12.51,12.51,12.13,12.37
BCPC,2007-03-23,12.25,12.33,12.0,12.05
BCPC,2007-03-26,12.03,12.41,11.9,12.34
BCPC,2007-03-27,12.28,12.39,11.93,12.03
BCPC,2007-03-28,11.95,12.33,11.85,12.01
BCPC,2007-03-29,12.16,12.16,11.42,11.76
BCPC,2007-03-30,11.79,12.06,11.43,11.79
BCPC,2007-04-02,11.86,12.0,11.4,11.99
BCPC,2007-04-03,12.06,12.21,11.91,12.09
BCPC,2007-04-04,12.11,12.17,11.81,11.97
BCPC,2007-04-05,11.97,12.27,11.89,12.27
BCPC,2007-04-09,12.27,12.27,11.93,12.12
BCPC,2007-04-10,12.09,12.27,11.93,12.22
BCPC,2007-04-11,12.25,12.25,11.57,11.81
BCPC,2007-04-12,11.72,11.99,11.5,11.83
BCPC,2007-04-13,11.81,11.83,11.54,11.69
BCPC,2007-04-16,11.78,12.0,11.64,11.87
BCPC,2007-04-17,11.86,11.97,11.48,11.53
BCPC,2007-04-18,11.53,11.92,11.49,11.91
BCPC,2007-04-19,11.76,12.17,11.75,11.99
BCPC,2007-04-20,12.19,12.25,11.73,12.2
BCPC,2007-04-23,12.13,12.42,11.91,12.33
BCPC,2007-04-24,12.31,12.66,12.05,12.59
BCPC,2007-04-25,12.72,12.87,12.41,12.67
BCPC,2007-04-26,12.71,12.78,12.43,12.78
BCPC,2007-04-27,12.72,12.89,12.41,12.67
BCPC,2007-04-30,12.58,12.73,12.11,12.25
BCPC,2007-05-01,12.24,12.66,12.0,12.45
BCPC,2007-05-02,12.43,12.79,12.26,12.5
BCPC,2007-05-03,12.52,12.52,11.98,12.16
BCPC,2007-05-04,12.21,12.71,12.02,12.17
BCPC,2007-05-07,12.47,12.77,11.99,12.05
BCPC,2007-05-08,12.02,12.52,11.77,12.23
BCPC,2007-05-09,12.04,12.25,11.6,12.15
BCPC,2007-05-10,12.01,12.15,11.37,11.5
BCPC,2007-05-11,11.54,11.94,11.49,11.93
BCPC,2007-05-14,11.93,12.08,11.67,11.77
BCPC,2007-05-15,11.82,11.97,11.43,11.51
BCPC,2007-05-16,11.57,11.69,11.34,11.59
BCPC,2007-05-17,11.54,11.61,11.35,11.43
BCPC,2007-05-18,11.49,11.58,11.34,11.58
BCPC,2007-05-21,11.53,11.65,11.39,11.53
BCPC,2007-05-22,11.59,11.93,11.45,11.83
BCPC,2007-05-23,11.83,11.99,11.72,11.83
BCPC,2007-05-24,11.83,11.91,11.61,11.71
BCPC,2007-05-25,11.74,11.87,11.68,11.69
BCPC,2007-05-29,11.71,11.92,11.65,11.74
BCPC,2007-05-30,11.67,11.76,11.48,11.75
BCPC,2007-05-31,11.73,11.82,11.52,11.76
BCPC,2007-06-01,11.83,12.22,11.59,12.19
BCPC,2007-06-04,12.05,12.27,11.65,12.26
BCPC,2007-06-05,12.25,12.43,12.12,12.43
BCPC,2007-06-06,12.31,12.41,12.19,12.41
BCPC,2007-06-07,12.33,12.33,12.03,12.2
BCPC,2007-06-08,12.21,12.44,12.13,12.34
BCPC,2007-06-11,12.26,12.43,12.03,12.24
BCPC,2007-06-12,12.2,12.28,11.81,11.84
BCPC,2007-06-13,11.85,11.94,11.52,11.57
BCPC,2007-06-14,11.58,11.83,11.5,11.77
BCPC,2007-06-15,12.11,12.31,11.75,12.13
BCPC,2007-06-18,12.0,12.16,11.88,12.12
BCPC,2007-06-19,12.02,12.23,11.84,12.13
BCPC,2007-06-20,12.15,12.15,11.69,11.74
BCPC,2007-06-21,11.65,11.87,11.58,11.81
BCPC,2007-06-22,11.81,11.98,11.52,11.63
BCPC,2007-06-25,11.61,12.01,11.49,11.49
BCPC,2007-06-26,11.57,11.89,11.34,11.48
BCPC,2007-06-27,11.36,11.75,11.29,11.75
BCPC,2007-06-28,11.77,11.89,11.57,11.86
BCPC,2007-06-29,11.88,12.25,11.88,12.11
BCPC,2007-07-02,12.2,12.39,12.17,12.39
BCPC,2007-07-03,12.43,12.5,12.09,12.45
BCPC,2007-07-05,12.43,12.43,12.28,12.35
BCPC,2007-07-06,12.33,12.45,12.15,12.45
BCPC,2007-07-09,12.51,12.51,12.3,12.44
BCPC,2007-07-10,12.39,12.39,11.83,12.05
BCPC,2007-07-11,12.03,12.37,11.86,12.07
BCPC,2007-07-12,12.17,12.22,11.97,12.19
BCPC,2007-07-13,12.13,12.13,11.93,12.0
BCPC,2007-07-16,12.01,12.13,11.73,11.81
BCPC,2007-07-17,11.87,12.0,11.67,11.67
BCPC,2007-07-18,11.58,11.78,11.54,11.78
BCPC,2007-07-19,11.85,11.91,11.63,11.65
BCPC,2007-07-20,11.63,11.63,11.3,11.41
BCPC,2007-07-23,11.44,11.78,11.29,11.39
BCPC,2007-07-24,11.32,11.53,10.85,11.0
BCPC,2007-07-25,11.09,11.09,10.7,10.78
BCPC,2007-07-26,10.63,10.91,10.11,10.4
BCPC,2007-07-27,10.34,10.66,10.25,10.4
BCPC,2007-07-30,10.4,10.97,10.35,10.5
BCPC,2007-07-31,10.63,11.57,10.57,11.34
BCPC,2007-08-01,11.1,11.89,11.1,11.83
BCPC,2007-08-02,11.83,12.13,11.59,12.06
BCPC,2007-08-03,12.06,12.06,11.33,11.35
BCPC,2007-08-06,11.43,12.25,10.77,12.19
BCPC,2007-08-07,12.09,12.67,12.09,12.45
BCPC,2007-08-08,12.56,13.15,12.35,12.9
BCPC,2007-08-09,12.61,13.27,12.57,13.16
BCPC,2007-08-10,12.94,13.23,12.71,13.17
BCPC,2007-08-13,13.2,13.23,12.65,12.94
BCPC,2007-08-14,12.97,13.12,12.41,12.47
BCPC,2007-08-15,12.49,12.89,12.23,12.25
BCPC,2007-08-16,12.24,13.45,12.04,13.45
BCPC,2007-08-17,13.95,13.95,12.98,13.51
BCPC,2007-08-20,13.61,14.0,12.8,13.37
BCPC,2007-08-21,13.32,13.99,13.05,13.55
BCPC,2007-08-22,13.39,14.6,13.39,14.17
BCPC,2007-08-23,14.33,14.67,13.53,13.65
BCPC,2007-08-24,13.67,14.1,13.45,13.91
BCPC,2007-08-27,13.9,14.53,13.53,13.55
BCPC,2007-08-28,13.49,13.71,12.85,12.91
BCPC,2007-08-29,12.97,13.59,12.82,13.5
BCPC,2007-08-30,13.34,13.45,13.06,13.13
BCPC,2007-08-31,12.95,13.88,12.95,13.69
BCPC,2007-09-04,13.31,13.81,13.31,13.71
BCPC,2007-09-05,13.63,13.97,13.41,13.57
BCPC,2007-09-06,13.59,13.81,13.22,13.68
BCPC,2007-09-07,13.33,13.53,12.75,12.91
BCPC,2007-09-10,12.94,12.95,12.21,12.51
BCPC,2007-09-11,12.62,12.83,12.45,12.78
BCPC,2007-09-12,12.71,12.76,12.5,12.5
BCPC,2007-09-13,12.57,12.57,12.13,12.27
BCPC,2007-09-14,12.15,12.29,12.1,12.23
BCPC,2007-09-17,12.22,12.25,12.01,12.01
BCPC,2007-09-18,12.1,13.01,11.91,13.0
BCPC,2007-09-19,13.16,13.51,13.07,13.49
BCPC,2007-09-20,13.45,13.88,13.16,13.76
BCPC,2007-09-21,13.91,13.96,13.37,13.48
BCPC,2007-09-24,13.45,13.89,13.29,13.74
BCPC,2007-09-25,13.63,13.89,13.17,13.73
BCPC,2007-09-26,13.85,14.0,13.53,13.85
BCPC,2007-09-27,13.95,14.06,13.73,14.05
BCPC,2007-09-28,14.06,14.06,13.53,13.61
BCPC,2007-10-01,13.63,13.99,13.36,13.91
BCPC,2007-10-02,13.9,14.01,13.73,13.9
BCPC,2007-10-03,13.79,13.92,13.44,13.57
BCPC,2007-10-04,13.67,13.67,13.3,13.5
BCPC,2007-10-05,13.67,14.46,13.61,14.04
BCPC,2007-10-08,13.96,14.03,13.65,13.89
BCPC,2007-10-09,13.93,14.41,13.6,14.25
BCPC,2007-10-10,14.25,14.33,13.95,14.24
BCPC,2007-10-11,14.33,14.67,14.01,14.3
BCPC,2007-10-12,14.29,14.47,14.14,14.36
BCPC,2007-10-15,14.34,14.43,13.48,13.77
BCPC,2007-10-16,13.73,13.95,13.33,13.83
BCPC,2007-10-17,14.01,14.09,13.39,13.87
BCPC,2007-10-18,13.77,14.17,13.31,13.72
BCPC,2007-10-19,13.03,13.75,13.03,13.44
BCPC,2007-10-22,13.25,13.85,13.02,13.73
BCPC,2007-10-23,13.89,13.89,13.16,13.75
BCPC,2007-10-24,13.61,13.61,13.21,13.59
BCPC,2007-10-25,13.63,13.73,13.37,13.54
BCPC,2007-10-26,13.67,13.93,13.45,13.6
BCPC,2007-10-29,13.64,14.02,13.55,13.95
BCPC,2007-10-30,13.87,14.24,13.78,14.01
BCPC,2007-10-31,14.12,14.47,13.78,14.47
BCPC,2007-11-01,14.61,14.61,13.78,14.01
BCPC,2007-11-02,13.92,14.49,13.81,14.11
BCPC,2007-11-05,14.36,14.64,13.53,13.89
BCPC,2007-11-06,13.94,14.4,13.71,14.39
BCPC,2007-11-07,14.1,14.18,13.43,13.66
BCPC,2007-11-08,14.66,14.66,13.17,14.17
BCPC,2007-11-09,13.93,14.45,13.76,14.06
BCPC,2007-11-12,14.07,14.83,13.74,13.75
BCPC,2007-11-13,13.94,15.07,13.94,14.89
BCPC,2007-11-14,15.05,15.05,14.17,14.37
BCPC,2007-11-15,14.27,14.62,14.0,14.38
BCPC,2007-11-16,14.45,14.93,14.25,14.34
BCPC,2007-11-19,14.16,14.47,13.56,13.9
BCPC,2007-11-20,13.81,13.9,13.33,13.82
BCPC,2007-11-21,13.76,14.33,13.76,14.21
BCPC,2007-11-23,14.37,14.37,13.69,13.94
BCPC,2007-11-26,14.23,14.6,13.88,14.08
BCPC,2007-11-27,14.24,14.26,13.69,13.91
BCPC,2007-11-28,14.09,14.63,14.04,14.6
BCPC,2007-11-29,14.53,14.65,14.35,14.43
BCPC,2007-11-30,14.7,14.7,14.07,14.25
BCPC,2007-12-03,14.23,14.53,13.75,13.87
BCPC,2007-12-04,13.71,13.93,13.49,13.58
BCPC,2007-12-05,13.85,14.04,13.57,14.04
BCPC,2007-12-06,13.99,14.4,13.97,14.33
BCPC,2007-12-07,14.4,14.47,14.23,14.31
BCPC,2007-12-10,14.42,14.57,14.39,14.51
BCPC,2007-12-11,14.61,14.98,13.87,13.89
BCPC,2007-12-12,14.46,14.78,13.82,14.55
BCPC,2007-12-13,14.39,14.39,13.83,13.87
BCPC,2007-12-14,13.68,14.47,13.68,14.39
BCPC,2007-12-17,14.31,14.57,13.75,13.75
BCPC,2007-12-18,13.95,14.73,13.52,14.64
BCPC,2007-12-19,14.59,14.79,14.11,14.67
BCPC,2007-12-20,14.88,15.13,14.8,15.02
BCPC,2007-12-21,15.43,15.96,15.36,15.65
BCPC,2007-12-24,15.8,15.93,15.71,15.85
BCPC,2007-12-26,15.68,16.08,15.09,16.0
BCPC,2007-12-27,15.99,16.07,15.0,15.06
BCPC,2007-12-28,15.3,15.71,14.87,15.06
BCPC,2007-12-31,14.96,15.37,14.36,14.92
BCPC,2008-01-02,14.87,15.18,14.22,14.41
BCPC,2008-01-03,14.47,14.67,14.07,14.12
BCPC,2008-01-04,13.98,14.56,13.67,13.67
BCPC,2008-01-07,13.71,14.69,13.67,14.33
BCPC,2008-01-08,14.37,14.63,13.36,13.36
BCPC,2008-01-09,13.4,13.92,13.23,13.69
BCPC,2008-01-10,13.49,13.88,13.23,13.69
BCPC,2008-01-11,13.56,13.64,13.21,13.61
BCPC,2008-01-14,13.74,13.75,13.25,13.66
BCPC,2008-01-15,13.44,13.96,13.35,13.69
BCPC,2008-01-16,13.5,14.19,13.33,13.97
BCPC,2008-01-17,14.01,14.01,13.15,13.18
BCPC,2008-01-18,13.1,13.49,12.67,12.81
BCPC,2008-01-22,12.15,13.23,12.15,12.7
BCPC,2008-01-23,12.45,13.99,12.34,13.93
BCPC,2008-01-24,14.03,14.38,13.17,13.35
BCPC,2008-01-25,13.55,13.85,13.35,13.51
BCPC,2008-01-28,13.5,14.07,13.5,14.05
BCPC,2008-01-29,14.11,14.11,13.73,13.84
BCPC,2008-01-30,13.73,14.19,13.45,13.73
BCPC,2008-01-31,13.48,14.07,13.35,13.71
BCPC,2008-02-01,13.82,14.69,13.82,14.66
BCPC,2008-02-04,14.66,14.66,14.01,14.04
BCPC,2008-02-05,14.0,14.25,13.23,13.27
BCPC,2008-02-06,13.35,13.82,13.11,13.13
BCPC,2008-02-07,13.09,13.48,13.09,13.3
BCPC,2008-02-08,13.66,13.66,12.95,13.07
BCPC,2008-02-11,13.1,13.32,12.88,13.2
BCPC,2008-02-12,13.28,13.56,13.09,13.42
BCPC,2008-02-13,13.58,15.07,13.53,14.97
BCPC,2008-02-14,15.0,15.01,14.11,14.59
BCPC,2008-02-15,14.45,14.65,14.0,14.29
BCPC,2008-02-19,14.51,14.59,14.16,14.32
BCPC,2008-02-20,14.22,14.35,14.03,14.21
BCPC,2008-02-21,14.33,14.5,13.81,13.83
BCPC,2008-02-22,13.85,14.13,13.33,13.78
BCPC,2008-02-25,13.76,14.37,13.5,14.25
BCPC,2008-02-26,14.17,14.55,14.03,14.27
BCPC,2008-02-27,14.11,14.61,14.01,14.19
BCPC,2008-02-28,14.06,14.37,13.7,13.9
BCPC,2008-02-29,13.71,13.96,13.19,13.36
BCPC,2008-03-03,13.5,13.75,13.23,13.75
BCPC,2008-03-04,13.81,14.08,13.57,13.68
BCPC,2008-03-05,13.67,13.79,13.46,13.79
BCPC,2008-03-06,13.68,14.16,13.68,13.97
BCPC,2008-03-07,13.75,14.25,13.75,13.93
BCPC,2008-03-10,14.01,14.12,13.7,13.98
BCPC,2008-03-11,14.27,14.78,13.99,14.74
BCPC,2008-03-12,14.78,15.25,14.57,14.89
BCPC,2008-03-13,14.68,15.26,14.07,15.02
BCPC,2008-03-14,15.31,15.31,14.05,14.42
BCPC,2008-03-17,13.99,14.64,13.61,14.16
BCPC,2008-03-18,14.59,15.56,14.39,15.56
BCPC,2008-03-19,15.57,15.65,14.65,14.65
BCPC,2008-03-20,14.93,15.06,14.39,14.77
BCPC,2008-03-24,14.85,15.22,14.78,14.99
BCPC,2008-03-25,15.02,15.31,14.85,15.1
BCPC,2008-03-26,15.0,15.41,14.61,15.41
BCPC,2008-03-27,15.49,15.57,15.03,15.25
BCPC,2008-03-28,15.09,15.55,15.05,15.34
BCPC,2008-03-31,15.31,15.58,14.9,15.28
BCPC,2008-04-01,15.52,15.52,15.15,15.26
BCPC,2008-04-02,15.32,15.35,14.73,15.01
BCPC,2008-04-03,15.02,15.18,14.92,15.17
BCPC,2008-04-04,15.25,15.91,15.09,15.38
BCPC,2008-04-07,15.46,15.63,14.67,15.09
BCPC,2008-04-08,14.67,15.31,14.67,14.91
BCPC,2008-04-09,14.91,15.15,14.83,15.03
BCPC,2008-04-10,15.06,15.27,15.0,15.17
BCPC,2008-04-11,15.0,15.33,14.71,15.27
BCPC,2008-04-14,15.27,15.83,15.25,15.4
BCPC,2008-04-15,15.53,15.85,15.51,15.65
BCPC,2008-04-16,15.83,16.56,15.69,16.53
BCPC,2008-04-17,16.63,16.63,16.13,16.25
BCPC,2008-04-18,16.34,16.47,15.61,15.66
BCPC,2008-04-21,15.59,15.83,15.59,15.67
BCPC,2008-04-22,15.56,15.56,14.76,15.01
BCPC,2008-04-23,15.09,15.35,14.99,15.08
BCPC,2008-04-24,15.12,15.39,14.98,15.13
BCPC,2008-04-25,15.21,15.43,14.96,15.23
BCPC,2008-04-28,15.18,15.9,15.05,15.87
BCPC,2008-04-29,15.9,15.9,15.28,15.43
BCPC,2008-04-30,15.51,15.51,14.95,15.24
BCPC,2008-05-01,15.21,15.21,14.91,15.16
BCPC,2008-05-02,15.37,15.63,14.96,15.26
BCPC,2008-05-05,15.25,15.63,15.25,15.43
BCPC,2008-05-06,15.37,15.55,15.01,15.11
BCPC,2008-05-07,15.2,15.68,14.77,14.77
BCPC,2008-05-08,15.09,15.53,14.79,15.03
BCPC,2008-05-09,14.99,15.51,14.86,15.43
BCPC,2008-05-12,15.49,16.55,15.49,16.55
BCPC,2008-05-13,16.56,16.57,15.93,16.47
BCPC,2008-05-14,16.47,16.57,16.06,16.1
BCPC,2008-05-15,16.07,16.61,15.97,16.15
BCPC,2008-05-16,16.26,16.26,15.7,16.1
BCPC,2008-05-19,16.1,16.32,15.8,15.9
BCPC,2008-05-20,15.81,16.27,15.76,15.99
BCPC,2008-05-21,16.03,16.17,15.52,15.57
BCPC,2008-05-22,15.59,15.97,15.47,15.61
BCPC,2008-05-23,15.5,15.5,15.0,15.23
BCPC,2008-05-27,15.49,15.83,15.26,15.83
BCPC,2008-05-28,15.86,16.02,15.77,16.0
BCPC,2008-05-29,15.94,16.57,15.94,16.25
BCPC,2008-05-30,16.3,16.53,16.21,16.48
BCPC,2008-06-02,16.44,16.53,16.01,16.27
BCPC,2008-06-03,16.37,16.53,15.88,16.16
BCPC,2008-06-04,16.07,16.39,15.95,16.2
BCPC,2008-06-05,16.2,16.93,16.07,16.93
BCPC,2008-06-06,16.86,16.93,16.33,16.37
BCPC,2008-06-09,16.38,16.79,16.3,16.63
BCPC,2008-06-10,16.48,16.74,16.42,16.48
BCPC,2008-06-11,16.4,16.87,16.4,16.66
BCPC,2008-06-12,16.83,16.87,16.56,16.56
BCPC,2008-06-13,16.77,17.33,16.37,17.33
BCPC,2008-06-16,17.33,17.55,17.2,17.43
BCPC,2008-06-17,17.47,17.64,17.25,17.39
BCPC,2008-06-18,17.23,17.67,17.17,17.24
BCPC,2008-06-19,17.23,17.79,17.04,17.63
BCPC,2008-06-20,17.51,17.68,16.94,17.17
BCPC,2008-06-23,17.21,17.47,16.95,17.27
BCPC,2008-06-24,17.11,17.13,16.71,16.72
BCPC,2008-06-25,16.83,16.83,16.41,16.66
BCPC,2008-06-26,16.4,16.65,15.85,15.9
BCPC,2008-06-27,15.83,16.0,15.51,15.58
BCPC,2008-06-30,15.63,16.05,15.34,15.42
BCPC,2008-07-01,16.66,17.31,16.23,16.53
BCPC,2008-07-02,16.67,16.73,16.29,16.73
BCPC,2008-07-03,16.55,16.87,16.4,16.85
BCPC,2008-07-07,16.99,16.99,16.43,16.75
BCPC,2008-07-08,16.75,17.13,16.71,17.03
BCPC,2008-07-09,17.01,17.47,16.74,17.0
BCPC,2008-07-10,16.96,17.75,16.93,17.46
BCPC,2008-07-11,17.27,17.95,17.14,17.83
BCPC,2008-07-14,18.29,19.09,17.7,17.85
BCPC,2008-07-15,17.73,17.95,17.45,17.69
BCPC,2008-07-16,17.83,18.75,17.75,18.68
BCPC,2008-07-17,18.68,18.89,17.84,18.38
BCPC,2008-07-18,18.37,18.85,17.84,17.9
BCPC,2008-07-21,18.32,18.41,17.81,18.4
BCPC,2008-07-22,18.17,18.83,18.01,18.83
BCPC,2008-07-23,18.67,18.96,18.29,18.57
BCPC,2008-07-24,18.69,18.73,17.96,18.27
BCPC,2008-07-25,18.46,18.73,18.27,18.47
BCPC,2008-07-28,18.43,18.47,17.93,17.94
BCPC,2008-07-29,17.83,17.83,17.12,17.31
BCPC,2008-07-30,17.63,17.63,17.13,17.35
BCPC,2008-07-31,17.06,17.53,16.09,16.83
BCPC,2008-08-01,16.96,17.09,16.48,16.95
BCPC,2008-08-04,16.91,16.91,16.07,16.11
BCPC,2008-08-05,16.33,16.71,16.04,16.65
BCPC,2008-08-06,16.57,16.73,16.37,16.65
BCPC,2008-08-07,16.46,16.64,16.34,16.54
BCPC,2008-08-08,16.52,16.78,16.2,16.53
BCPC,2008-08-11,16.63,17.06,16.51,16.94
BCPC,2008-08-12,16.97,17.17,16.71,17.1
BCPC,2008-08-13,17.04,17.51,17.04,17.47
BCPC,2008-08-14,17.36,17.67,17.31,17.4
BCPC,2008-08-15,17.62,18.31,17.2,18.26
BCPC,2008-08-18,18.42,18.69,17.89,18.05
BCPC,2008-08-19,17.93,18.3,17.85,18.09
BCPC,2008-08-20,18.21,18.43,17.51,18.15
BCPC,2008-08-21,17.97,18.17,17.87,18.01
BCPC,2008-08-22,18.12,18.12,17.61,17.73
BCPC,2008-08-25,17.69,17.7,17.4,17.61
BCPC,2008-08-26,17.6,17.99,17.46,17.72
BCPC,2008-08-27,17.76,18.04,17.48,17.92
BCPC,2008-08-28,17.93,18.33,17.67,18.29
BCPC,2008-08-29,18.29,18.38,17.98,18.19
BCPC,2008-09-02,18.29,18.45,17.83,18.17
BCPC,2008-09-03,18.13,18.53,17.87,18.18
BCPC,2008-09-04,18.14,18.14,17.55,17.78
BCPC,2008-09-05,17.6,17.89,17.09,17.84
BCPC,2008-09-08,18.21,18.57,17.99,18.38
BCPC,2008-09-09,18.38,18.66,18.05,18.09
BCPC,2008-09-10,18.29,18.57,18.14,18.51
BCPC,2008-09-11,18.23,18.63,18.11,18.55
BCPC,2008-09-12,18.43,18.63,18.35,18.63
BCPC,2008-09-15,18.32,18.49,17.27,17.27
BCPC,2008-09-16,16.55,18.47,16.21,18.47
BCPC,2008-09-17,18.17,18.46,17.75,17.83
BCPC,2008-09-18,18.09,19.24,17.82,18.93
BCPC,2008-09-19,19.62,19.99,19.17,19.67
BCPC,2008-09-22,19.98,20.21,19.23,19.25
BCPC,2008-09-23,19.17,19.47,19.07,19.19
BCPC,2008-09-24,19.3,19.33,18.48,18.48
BCPC,2008-09-25,18.41,18.93,18.01,18.63
BCPC,2008-09-26,18.61,18.75,18.05,18.59
BCPC,2008-09-29,18.33,18.93,17.43,17.82
BCPC,2008-09-30,17.75,18.49,17.24,17.78
BCPC,2008-10-01,17.7,17.96,17.43,17.85
BCPC,2008-10-02,17.65,17.75,17.04,17.05
BCPC,2008-10-03,17.31,17.65,16.63,16.72
BCPC,2008-10-06,16.33,16.61,15.6,15.85
BCPC,2008-10-07,15.67,16.04,15.01,15.09
BCPC,2008-10-08,14.87,15.33,14.41,14.65
BCPC,2008-10-09,14.92,15.18,14.28,14.28
BCPC,2008-10-10,14.0,15.95,13.66,15.43
BCPC,2008-10-13,15.99,17.43,15.77,17.33
BCPC,2008-10-14,17.66,17.91,16.07,16.41
BCPC,2008-10-15,16.88,16.88,15.01,15.05
BCPC,2008-10-16,15.15,16.63,14.35,16.58
BCPC,2008-10-17,16.01,17.32,14.59,16.67
BCPC,2008-10-20,17.33,18.57,17.28,17.91
BCPC,2008-10-21,17.83,17.94,17.01,17.06
BCPC,2008-10-22,16.69,16.69,15.42,15.81
BCPC,2008-10-23,15.58,16.44,15.37,16.22
BCPC,2008-10-24,14.9,15.97,14.82,15.57
BCPC,2008-10-27,15.33,15.33,14.03,14.15
BCPC,2008-10-28,14.5,15.2,13.05,14.11
BCPC,2008-10-29,14.45,15.87,14.44,15.35
BCPC,2008-10-30,15.55,16.33,14.21,16.23
BCPC,2008-10-31,16.31,17.1,15.8,17.04
BCPC,2008-11-03,16.93,17.33,16.53,17.13
BCPC,2008-11-04,17.33,17.5,16.4,17.25
BCPC,2008-11-05,16.96,17.02,16.03,16.39
BCPC,2008-11-06,16.32,16.64,15.69,15.74
BCPC,2008-11-07,15.91,16.35,15.55,16.31
BCPC,2008-11-10,16.73,17.0,15.61,15.94
BCPC,2008-11-11,15.78,16.63,15.41,15.85
BCPC,2008-11-12,15.61,16.06,15.15,15.19
BCPC,2008-11-13,15.32,15.69,14.29,15.28
BCPC,2008-11-14,15.12,16.35,15.12,15.3
BCPC,2008-11-17,15.11,16.43,15.11,15.51
BCPC,2008-11-18,15.53,16.3,15.11,16.15
BCPC,2008-11-19,16.16,16.53,15.35,15.41
BCPC,2008-11-20,15.17,16.18,14.55,14.67
BCPC,2008-11-21,14.92,15.61,13.57,15.35
BCPC,2008-11-24,15.53,16.53,15.21,16.41
BCPC,2008-11-25,16.53,16.65,16.16,16.37
BCPC,2008-11-26,16.07,17.07,16.05,17.06
BCPC,2008-11-28,16.78,17.35,16.78,17.35
BCPC,2008-12-01,16.89,17.3,15.15,15.35
BCPC,2008-12-02,15.72,16.29,15.17,16.23
BCPC,2008-12-03,15.79,17.0,15.64,16.44
BCPC,2008-12-04,16.25,16.81,15.28,15.75
BCPC,2008-12-05,15.55,17.17,15.04,16.92
BCPC,2008-12-08,17.33,17.75,16.41,17.37
BCPC,2008-12-09,17.14,17.67,16.31,16.8
BCPC,2008-12-10,16.95,17.5,16.8,17.28
BCPC,2008-12-11,17.19,17.37,15.97,16.34
BCPC,2008-12-12,15.9,17.65,15.61,17.42
BCPC,2008-12-15,17.34,17.56,16.23,16.61
BCPC,2008-12-16,16.85,17.5,16.45,17.35
BCPC,2008-12-17,17.27,17.33,16.87,17.03
BCPC,2008-12-18,17.09,17.1,16.22,16.54
BCPC,2008-12-19,16.97,17.01,16.17,16.2
BCPC,2008-12-22,16.21,16.6,15.67,16.2
BCPC,2008-12-23,16.32,16.37,15.75,15.81
BCPC,2008-12-24,15.86,15.87,15.55,15.55
BCPC,2008-12-26,15.51,15.63,15.29,15.52
BCPC,2008-12-29,15.72,15.72,15.35,15.47
BCPC,2008-12-30,15.66,16.48,15.48,16.47
BCPC,2008-12-31,16.44,16.69,16.44,16.61
BCPC,2009-01-02,16.6,16.6,16.27,16.36
BCPC,2009-01-05,16.43,16.43,15.75,16.08
BCPC,2009-01-06,16.29,16.39,15.95,16.19
BCPC,2009-01-07,15.99,16.29,15.65,15.77
BCPC,2009-01-08,15.81,16.26,15.55,16.19
BCPC,2009-01-09,16.24,16.24,15.38,15.41
BCPC,2009-01-12,15.34,15.97,15.2,15.29
BCPC,2009-01-13,15.21,15.47,15.21,15.31
BCPC,2009-01-14,15.14,15.59,14.79,14.79
BCPC,2009-01-15,14.85,15.89,14.59,15.82
BCPC,2009-01-16,15.88,15.99,15.47,15.9
BCPC,2009-01-20,15.67,15.7,15.33,15.42
BCPC,2009-01-21,15.59,16.0,15.35,16.0
BCPC,2009-01-22,15.64,15.87,15.43,15.51
BCPC,2009-01-23,15.06,15.48,14.87,15.17
BCPC,2009-01-26,15.09,15.7,15.07,15.55
BCPC,2009-01-27,15.53,15.67,15.41,15.58
BCPC,2009-01-28,15.79,15.97,15.59,15.89
BCPC,2009-01-29,15.66,15.77,15.23,15.27
BCPC,2009-01-30,15.44,15.46,14.85,14.89
BCPC,2009-02-02,14.64,15.23,14.59,15.09
BCPC,2009-02-03,15.26,15.33,14.93,15.23
BCPC,2009-02-04,15.19,15.53,14.87,14.93
BCPC,2009-02-05,14.83,15.37,14.67,15.32
BCPC,2009-02-06,15.23,15.73,15.13,15.52
BCPC,2009-02-09,15.41,15.74,15.35,15.54
BCPC,2009-02-10,15.49,15.58,14.91,15.17
BCPC,2009-02-11,15.2,15.27,14.79,14.96
BCPC,2009-02-12,14.69,14.89,14.42,14.82
BCPC,2009-02-13,14.76,15.26,14.57,14.69
BCPC,2009-02-17,14.22,14.59,14.02,14.19
BCPC,2009-02-18,14.33,14.4,14.0,14.12
BCPC,2009-02-19,14.25,14.47,14.01,14.17
BCPC,2009-02-20,14.0,14.32,13.79,14.14
BCPC,2009-02-23,14.07,14.39,13.13,13.21
BCPC,2009-02-24,13.37,13.61,12.96,13.21
BCPC,2009-02-25,13.67,14.66,13.5,13.78
BCPC,2009-02-26,13.93,14.29,13.89,14.12
BCPC,2009-02-27,13.85,14.31,13.61,13.83
BCPC,2009-03-02,13.55,13.75,13.0,13.05
BCPC,2009-03-03,13.25,13.25,12.81,12.83
BCPC,2009-03-04,13.09,13.45,12.93,13.28
BCPC,2009-03-05,13.07,13.22,12.79,12.8
BCPC,2009-03-06,12.89,13.12,12.56,12.93
BCPC,2009-03-09,12.63,12.88,12.48,12.6
BCPC,2009-03-10,12.79,13.45,12.77,13.13
BCPC,2009-03-11,13.18,13.37,13.01,13.11
BCPC,2009-03-12,13.11,13.97,13.03,13.82
BCPC,2009-03-13,13.85,13.94,13.56,13.63
BCPC,2009-03-16,13.8,13.93,12.98,13.08
BCPC,2009-03-17,13.11,14.19,13.05,14.19
BCPC,2009-03-18,14.2,14.9,13.95,14.9
BCPC,2009-03-19,14.93,14.99,14.65,14.89
BCPC,2009-03-20,14.95,14.97,14.22,14.5
BCPC,2009-03-23,14.86,15.35,14.5,15.35
BCPC,2009-03-24,15.17,15.47,14.42,14.49
BCPC,2009-03-25,14.61,15.39,14.55,15.33
BCPC,2009-03-26,15.51,16.21,15.37,16.21
BCPC,2009-03-27,15.95,16.17,15.55,15.67
BCPC,2009-03-30,15.38,15.59,15.15,15.52
BCPC,2009-03-31,15.77,17.48,15.36,16.75
BCPC,2009-04-01,16.57,16.66,16.01,16.57
BCPC,2009-04-02,16.67,17.11,16.51,16.85
BCPC,2009-04-03,16.85,17.04,16.67,16.95
BCPC,2009-04-06,16.67,16.76,16.1,16.29
BCPC,2009-04-07,16.1,16.21,15.18,15.36
BCPC,2009-04-08,15.5,15.93,15.21,15.91
BCPC,2009-04-09,16.19,16.79,15.99,16.51
BCPC,2009-04-13,16.26,16.51,15.79,16.43
BCPC,2009-04-14,16.12,16.25,15.87,16.13
BCPC,2009-04-15,15.97,16.38,15.79,16.16
BCPC,2009-04-16,16.27,16.6,15.75,16.45
BCPC,2009-04-17,16.5,16.73,16.25,16.54
BCPC,2009-04-20,16.12,16.42,15.5,15.62
BCPC,2009-04-21,15.55,16.32,15.39,16.23
BCPC,2009-04-22,15.92,16.61,15.92,16.09
BCPC,2009-04-23,16.06,16.17,15.68,15.93
BCPC,2009-04-24,16.04,16.51,15.87,16.24
BCPC,2009-04-27,16.0,16.34,15.61,15.98
BCPC,2009-04-28,15.74,16.53,15.74,16.15
BCPC,2009-04-29,16.34,16.75,16.17,16.65
BCPC,2009-04-30,16.75,17.37,16.43,16.59
BCPC,2009-05-01,16.6,17.33,16.42,16.57
BCPC,2009-05-04,16.79,17.01,16.47,16.63
BCPC,2009-05-05,16.55,16.72,15.96,16.57
BCPC,2009-05-06,16.8,16.85,16.3,16.47
BCPC,2009-05-07,16.63,16.63,15.27,15.72
BCPC,2009-05-08,15.92,16.33,15.69,16.27
BCPC,2009-05-11,15.89,16.34,15.73,15.91
BCPC,2009-05-12,16.06,16.37,15.61,15.91
BCPC,2009-05-13,15.63,16.11,15.63,15.77
BCPC,2009-05-14,15.79,16.15,15.71,15.73
BCPC,2009-05-15,15.73,15.87,15.49,15.77
BCPC,2009-05-18,15.94,16.22,15.73,15.94
BCPC,2009-05-19,15.93,16.33,15.81,15.95
BCPC,2009-05-20,16.13,16.87,16.01,16.25
BCPC,2009-05-21,16.09,16.51,15.86,16.23
BCPC,2009-05-22,16.29,16.65,15.91,15.91
BCPC,2009-05-26,15.89,16.95,15.89,16.68
BCPC,2009-05-27,16.55,16.79,16.13,16.14
BCPC,2009-05-28,16.36,16.58,15.78,16.09
BCPC,2009-05-29,16.11,16.21,15.8,16.07
BCPC,2009-06-01,16.31,16.87,16.29,16.7
BCPC,2009-06-02,16.63,16.93,16.6,16.79
BCPC,2009-06-03,16.63,16.89,16.53,16.78
BCPC,2009-06-04,16.83,16.86,16.53,16.79
BCPC,2009-06-05,16.9,16.93,16.59,16.84
BCPC,2009-06-08,16.67,16.73,15.84,16.16
BCPC,2009-06-09,16.2,16.36,16.08,16.15
BCPC,2009-06-10,16.31,16.58,16.01,16.58
BCPC,2009-06-11,16.58,16.85,16.38,16.4
BCPC,2009-06-12,16.35,16.67,16.19,16.59
BCPC,2009-06-15,16.33,16.54,15.43,16.19
BCPC,2009-06-16,16.29,16.56,15.68,15.81
BCPC,2009-06-17,15.99,16.27,15.83,16.0
BCPC,2009-06-18,16.03,16.07,15.53,15.84
BCPC,2009-06-19,16.07,16.13,15.71,15.93
BCPC,2009-06-22,15.69,15.84,15.34,15.71
BCPC,2009-06-23,15.79,15.81,15.5,15.55
BCPC,2009-06-24,15.75,16.02,15.51,15.71
BCPC,2009-06-25,15.58,16.25,15.58,16.24
BCPC,2009-06-26,16.19,16.47,15.86,16.45
BCPC,2009-06-29,16.38,16.54,16.05,16.13
BCPC,2009-06-30,16.13,16.63,16.13,16.35
BCPC,2009-07-01,16.52,16.83,16.29,16.77
BCPC,2009-07-02,16.55,16.55,16.16,16.27
BCPC,2009-07-06,16.2,16.73,15.69,16.27
BCPC,2009-07-07,16.32,16.53,15.94,15.96
BCPC,2009-07-08,16.08,16.24,15.59,15.89
BCPC,2009-07-09,15.98,15.99,15.65,15.67
BCPC,2009-07-10,15.63,15.92,15.55,15.89
BCPC,2009-07-13,15.83,16.27,15.67,16.27
BCPC,2009-07-14,16.22,16.5,16.01,16.21
BCPC,2009-07-15,16.39,16.97,16.39,16.94
BCPC,2009-07-16,16.8,17.0,16.65,16.95
BCPC,2009-07-17,17.0,17.31,16.73,17.03
BCPC,2009-07-20,17.17,17.24,16.89,17.05
BCPC,2009-07-21,17.2,17.27,16.94,17.08
BCPC,2009-07-22,17.05,17.27,16.99,17.2
BCPC,2009-07-23,17.14,17.82,16.79,17.43
BCPC,2009-07-24,17.45,17.83,17.35,17.79
BCPC,2009-07-27,17.79,18.0,17.72,17.93
BCPC,2009-07-28,17.81,18.27,17.67,18.27
BCPC,2009-07-29,18.06,18.42,17.67,17.77
BCPC,2009-07-30,18.05,18.55,17.73,18.13
BCPC,2009-07-31,17.68,19.2,17.61,18.5
BCPC,2009-08-03,18.51,18.59,18.06,18.28
BCPC,2009-08-04,18.12,18.43,18.03,18.07
BCPC,2009-08-05,18.03,18.33,17.61,17.78
BCPC,2009-08-06,17.81,17.93,17.37,17.67
BCPC,2009-08-07,17.95,18.33,17.41,18.03
BCPC,2009-08-10,17.89,18.27,17.89,18.08
BCPC,2009-08-11,17.94,18.25,17.51,17.69
BCPC,2009-08-12,17.83,18.26,17.71,17.99
BCPC,2009-08-13,18.19,18.19,17.49,17.81
BCPC,2009-08-14,17.84,17.84,16.85,17.15
BCPC,2009-08-17,16.81,17.33,16.72,17.26
BCPC,2009-08-18,17.3,17.3,16.89,17.09
BCPC,2009-08-19,17.03,17.39,16.89,17.17
BCPC,2009-08-20,17.08,17.31,16.99,17.19
BCPC,2009-08-21,17.42,17.66,17.17,17.25
BCPC,2009-08-24,17.24,17.54,17.17,17.24
BCPC,2009-08-25,17.38,17.4,16.8,17.01
BCPC,2009-08-26,16.95,17.03,16.79,16.91
BCPC,2009-08-27,16.96,17.07,16.52,16.97
BCPC,2009-08-28,17.06,17.06,16.51,16.72
BCPC,2009-08-31,16.57,16.67,16.51,16.6
BCPC,2009-09-01,16.53,16.62,16.24,16.37
BCPC,2009-09-02,16.37,16.55,16.21,16.35
BCPC,2009-09-03,16.37,16.43,16.23,16.35
BCPC,2009-09-04,16.34,16.61,16.2,16.58
BCPC,2009-09-08,16.67,16.76,16.35,16.5
BCPC,2009-09-09,16.41,16.88,16.41,16.75
BCPC,2009-09-10,16.75,16.88,16.6,16.86
BCPC,2009-09-11,16.97,16.97,16.58,16.65
BCPC,2009-09-14,16.57,16.63,15.9,16.46
BCPC,2009-09-15,16.38,16.99,16.38,16.78
BCPC,2009-09-16,16.83,18.09,16.83,17.93
BCPC,2009-09-17,17.87,18.59,17.83,18.45
BCPC,2009-09-18,18.52,18.52,17.87,18.15
BCPC,2009-09-21,18.04,18.23,17.94,18.23
BCPC,2009-09-22,18.3,18.3,17.81,17.95
BCPC,2009-09-23,17.87,18.27,17.86,17.89
BCPC,2009-09-24,18.01,18.09,17.57,17.81
BCPC,2009-09-25,17.68,17.87,17.53,17.62
BCPC,2009-09-28,17.66,18.23,17.66,18.05
BCPC,2009-09-29,18.11,18.11,17.73,17.73
BCPC,2009-09-30,17.69,17.73,17.01,17.53
BCPC,2009-10-01,18.19,18.29,17.41,17.57
BCPC,2009-10-02,17.39,18.01,17.39,17.93
BCPC,2009-10-05,17.97,18.22,17.85,17.95
BCPC,2009-10-06,18.12,18.93,17.51,18.7
BCPC,2009-10-07,18.68,18.98,18.6,18.71
BCPC,2009-10-08,18.79,19.26,18.67,19.01
BCPC,2009-10-09,18.95,19.2,18.83,19.05
BCPC,2009-10-12,19.17,19.3,18.82,18.97
BCPC,2009-10-13,18.89,19.2,18.64,18.82
BCPC,2009-10-14,19.11,19.33,18.91,19.27
BCPC,2009-10-15,19.17,19.33,18.83,19.32
BCPC,2009-10-16,19.23,19.35,19.12,19.25
BCPC,2009-10-19,19.37,19.45,18.91,19.35
BCPC,2009-10-20,19.37,19.37,18.9,19.23
BCPC,2009-10-21,19.17,19.58,18.93,19.01
BCPC,2009-10-22,19.04,19.49,18.69,19.42
BCPC,2009-10-23,19.43,19.54,18.72,18.85
BCPC,2009-10-26,18.93,19.29,18.57,18.65
BCPC,2009-10-27,18.65,19.05,18.59,18.68
BCPC,2009-10-28,18.71,18.82,18.33,18.45
BCPC,2009-10-29,18.63,18.76,18.37,18.52
BCPC,2009-10-30,18.33,18.58,18.06,18.39
BCPC,2009-11-02,18.46,18.77,18.19,18.66
BCPC,2009-11-03,18.65,18.83,18.33,18.73
BCPC,2009-11-04,18.73,18.75,18.37,18.57
BCPC,2009-11-05,18.69,19.57,18.69,19.55
BCPC,2009-11-06,19.38,19.79,19.19,19.69
BCPC,2009-11-09,19.93,20.07,19.83,20.01
BCPC,2009-11-10,19.95,20.31,19.91,20.18
BCPC,2009-11-11,20.41,20.67,20.0,20.31
BCPC,2009-11-12,20.27,20.65,19.61,19.73
BCPC,2009-11-13,19.74,20.47,19.59,20.11
BCPC,2009-11-16,20.34,20.94,20.11,20.85
BCPC,2009-11-17,20.69,20.99,20.64,20.86
BCPC,2009-11-18,20.8,20.96,20.55,20.94
BCPC,2009-11-19,20.79,20.93,20.31,20.57
BCPC,2009-11-20,20.37,20.77,20.31,20.77
BCPC,2009-11-23,20.85,21.31,20.85,21.27
BCPC,2009-11-24,21.34,21.63,21.01,21.46
BCPC,2009-11-25,21.5,21.75,21.25,21.25
BCPC,2009-11-27,20.61,20.99,20.55,20.7
BCPC,2009-11-30,20.67,21.35,20.35,21.25
BCPC,2009-12-01,21.21,21.33,20.73,20.73
BCPC,2009-12-02,20.67,21.06,20.61,21.02
BCPC,2009-12-03,21.16,21.52,21.01,21.07
BCPC,2009-12-04,21.51,21.8,21.11,21.49
BCPC,2009-12-07,21.45,21.93,21.44,21.6
BCPC,2009-12-08,21.39,21.73,21.12,21.39
BCPC,2009-12-09,21.47,21.81,21.31,21.67
BCPC,2009-12-10,21.7,21.99,21.1,21.21
BCPC,2009-12-11,21.39,21.88,21.31,21.81
BCPC,2009-12-14,21.99,22.0,21.81,21.98
BCPC,2009-12-15,21.99,22.2,21.81,22.05
BCPC,2009-12-16,22.29,22.6,22.2,22.46
BCPC,2009-12-17,22.43,22.8,22.18,22.52
BCPC,2009-12-18,22.67,23.15,22.15,22.63
BCPC,2009-12-21,22.69,22.73,22.45,22.6
BCPC,2009-12-22,22.71,22.87,22.23,22.63
BCPC,2009-12-23,22.73,22.86,22.63,22.79
BCPC,2009-12-24,22.81,22.87,22.81,22.86
BCPC,2009-12-28,22.91,22.91,22.74,22.81
BCPC,2009-12-29,22.87,22.87,22.7,22.8
BCPC,2009-12-30,22.67,22.83,22.59,22.79
BCPC,2009-12-31,22.71,22.79,22.27,22.34
BCPC,2010-01-04,22.49,22.72,22.23,22.69
BCPC,2010-01-05,22.73,23.17,20.92,21.81
BCPC,2010-01-06,21.71,22.11,20.84,21.01
BCPC,2010-01-07,21.05,21.81,20.67,21.81
BCPC,2010-01-08,21.8,22.05,21.64,22.05
BCPC,2010-01-11,21.93,21.99,21.07,21.63
BCPC,2010-01-12,21.5,21.87,21.5,21.67
BCPC,2010-01-13,21.69,21.99,21.53,21.88
BCPC,2010-01-14,21.91,22.0,21.7,21.77
BCPC,2010-01-15,21.84,21.84,21.33,21.46
BCPC,2010-01-19,21.56,21.83,21.33,21.81
BCPC,2010-01-20,21.59,21.79,21.31,21.62
BCPC,2010-01-21,21.76,22.61,21.35,22.51
BCPC,2010-01-22,22.37,22.42,21.21,21.26
BCPC,2010-01-25,21.38,21.38,20.8,21.04
BCPC,2010-01-26,20.98,20.99,20.21,20.27
BCPC,2010-01-27,20.11,20.74,20.04,20.73
BCPC,2010-01-28,20.82,20.83,19.52,19.85
BCPC,2010-01-29,19.98,20.2,19.38,19.39
BCPC,2010-02-01,19.41,19.61,19.1,19.5
BCPC,2010-02-02,19.47,19.59,19.23,19.35
BCPC,2010-02-03,19.3,19.5,19.11,19.2
BCPC,2010-02-04,19.07,19.2,18.55,18.55
BCPC,2010-02-05,18.65,18.76,18.2,18.67
BCPC,2010-02-08,18.65,18.65,18.27,18.27
BCPC,2010-02-09,18.39,18.68,18.25,18.51
BCPC,2010-02-10,18.52,18.85,18.17,18.79
BCPC,2010-02-11,18.78,19.3,18.48,19.24
BCPC,2010-02-12,19.02,19.53,19.0,19.51
BCPC,2010-02-16,19.62,19.9,19.42,19.9
BCPC,2010-02-17,19.98,21.09,19.94,21.06
BCPC,2010-02-18,21.05,21.93,21.05,21.8
BCPC,2010-02-19,21.82,22.19,21.32,22.0
BCPC,2010-02-22,22.13,22.5,21.81,22.44
BCPC,2010-02-23,22.32,22.48,21.83,21.95
BCPC,2010-02-24,21.95,22.25,21.55,21.82
BCPC,2010-02-25,21.43,22.03,20.72,21.79
BCPC,2010-02-26,21.74,22.03,21.34,21.91
BCPC,2010-03-01,22.1,23.34,22.1,22.96
BCPC,2010-03-02,22.51,23.43,22.46,22.8
BCPC,2010-03-03,22.89,23.2,22.8,22.98
BCPC,2010-03-04,22.96,23.08,22.81,23.03
BCPC,2010-03-05,23.09,23.49,23.09,23.47
BCPC,2010-03-08,23.5,23.75,23.2,23.46
BCPC,2010-03-09,23.45,23.99,23.45,23.8
BCPC,2010-03-10,23.87,24.11,23.72,23.9
BCPC,2010-03-11,23.7,24.05,23.56,24.03
BCPC,2010-03-12,24.2,24.48,23.7,24.2
BCPC,2010-03-15,24.22,24.59,23.68,24.18
BCPC,2010-03-16,24.35,24.66,24.19,24.5
BCPC,2010-03-17,24.67,25.07,24.36,24.68
BCPC,2010-03-18,24.81,25.12,24.51,24.91
BCPC,2010-03-19,25.07,25.77,24.11,24.21
BCPC,2010-03-22,24.09,24.9,24.0,24.78
BCPC,2010-03-23,24.86,25.05,24.53,24.97
BCPC,2010-03-24,24.94,25.03,24.62,24.63
BCPC,2010-03-25,24.76,25.01,24.2,24.24
BCPC,2010-03-26,24.25,24.58,24.07,24.12
BCPC,2010-03-29,24.3,24.69,24.21,24.68
BCPC,2010-03-30,24.67,25.01,24.46,24.84
BCPC,2010-03-31,24.81,25.41,24.62,24.65
BCPC,2010-04-01,24.86,25.08,24.26,24.81
BCPC,2010-04-05,24.97,25.27,24.83,25.27
BCPC,2010-04-06,25.06,25.63,25.03,25.46
BCPC,2010-04-07,25.45,25.54,25.13,25.37
BCPC,2010-04-08,25.35,25.46,24.88,24.92
BCPC,2010-04-09,24.87,24.91,24.54,24.9
BCPC,2010-04-12,24.83,24.99,24.75,24.96
BCPC,2010-04-13,24.94,25.12,24.56,24.96
BCPC,2010-04-14,25.08,25.63,24.8,25.59
BCPC,2010-04-15,25.53,26.01,25.31,25.96
BCPC,2010-04-16,25.87,26.18,25.5,25.88
BCPC,2010-04-19,25.83,25.83,25.31,25.52
BCPC,2010-04-20,25.61,25.87,25.34,25.75
BCPC,2010-04-21,25.83,25.88,25.02,25.88
BCPC,2010-04-22,25.54,25.94,25.27,25.93
BCPC,2010-04-23,25.94,25.96,25.68,25.91
BCPC,2010-04-26,25.96,26.25,25.96,26.03
BCPC,2010-04-27,25.95,26.22,25.51,25.54
BCPC,2010-04-28,25.62,25.97,25.58,25.89
BCPC,2010-04-29,26.12,26.39,25.86,26.39
BCPC,2010-04-30,26.51,26.84,25.94,25.94
BCPC,2010-05-03,26.14,26.94,26.02,26.8
BCPC,2010-05-04,26.65,26.76,24.99,25.02
BCPC,2010-05-05,24.82,25.0,22.07,24.33
BCPC,2010-05-06,24.11,24.5,23.0,24.03
BCPC,2010-05-07,24.0,24.45,23.53,23.84
BCPC,2010-05-10,25.12,25.26,24.29,24.58
BCPC,2010-05-11,24.24,25.11,23.84,24.6
BCPC,2010-05-12,24.59,25.44,24.36,25.42
BCPC,2010-05-13,25.27,25.32,24.59,24.9
BCPC,2010-05-14,24.64,24.7,23.96,24.42
BCPC,2010-05-17,24.5,25.0,23.89,24.98
BCPC,2010-05-18,25.3,25.66,24.58,24.78
BCPC,2010-05-19,24.88,24.88,24.18,24.56
BCPC,2010-05-20,24.1,24.36,23.31,23.38
BCPC,2010-05-21,22.98,24.15,22.24,24.1
BCPC,2010-05-24,24.01,24.43,23.9,24.07
BCPC,2010-05-25,23.6,24.01,23.3,23.94
BCPC,2010-05-26,24.05,24.4,23.74,23.89
BCPC,2010-05-27,24.41,25.16,24.07,25.06
BCPC,2010-05-28,24.99,24.99,24.11,24.29
BCPC,2010-06-01,24.17,25.24,24.05,24.16
BCPC,2010-06-02,24.23,24.79,23.8,24.59
BCPC,2010-06-03,24.55,25.01,24.37,24.69
BCPC,2010-06-04,24.06,24.62,23.73,23.93
BCPC,2010-06-07,23.93,24.52,23.92,24.15
BCPC,2010-06-08,24.3,24.33,23.24,23.74
BCPC,2010-06-09,24.04,24.37,23.6,23.84
BCPC,2010-06-10,24.31,24.73,24.09,24.71
BCPC,2010-06-11,24.35,25.11,24.35,25.1
BCPC,2010-06-14,25.27,25.47,24.87,24.96
BCPC,2010-06-15,25.3,25.49,24.99,25.23
BCPC,2010-06-16,25.03,25.4,25.0,25.14
BCPC,2010-06-17,25.37,25.4,25.04,25.27
BCPC,2010-06-18,25.25,25.86,25.09,25.4
BCPC,2010-06-21,25.83,25.86,25.13,25.35
BCPC,2010-06-22,25.48,25.6,24.91,25.0
BCPC,2010-06-23,24.89,25.07,24.71,24.79
BCPC,2010-06-24,24.6,24.87,24.2,24.28
BCPC,2010-06-25,24.38,24.99,24.01,24.45
BCPC,2010-06-28,24.35,25.27,24.12,25.04
BCPC,2010-06-29,24.54,25.2,24.52,24.92
BCPC,2010-06-30,25.0,25.79,24.94,25.0
BCPC,2010-07-01,24.95,25.0,24.24,24.78
BCPC,2010-07-02,25.01,25.12,24.44,24.66
BCPC,2010-07-06,25.13,25.68,24.1,24.31
BCPC,2010-07-07,24.47,25.03,24.33,24.98
BCPC,2010-07-08,25.2,25.59,24.99,25.55
BCPC,2010-07-09,25.46,25.8,25.44,25.75
BCPC,2010-07-12,25.61,25.71,25.28,25.45
BCPC,2010-07-13,25.71,26.29,25.55,26.27
BCPC,2010-07-14,26.14,26.39,25.67,26.01
BCPC,2010-07-15,26.01,26.09,25.45,25.9
BCPC,2010-07-16,25.65,25.87,25.0,25.02
BCPC,2010-07-19,25.14,25.49,24.83,25.39
BCPC,2010-07-20,25.03,26.03,24.97,26.0
BCPC,2010-07-21,26.16,26.25,25.44,25.47
BCPC,2010-07-22,25.9,26.25,25.77,26.13
BCPC,2010-07-23,26.1,26.5,25.82,26.48
BCPC,2010-07-26,26.64,26.92,26.32,26.91
BCPC,2010-07-27,26.99,27.89,26.99,27.55
BCPC,2010-07-28,27.45,27.83,27.2,27.56
BCPC,2010-07-29,27.71,27.85,26.36,26.76
BCPC,2010-07-30,26.31,26.99,25.66,26.45
BCPC,2010-08-02,26.79,27.28,26.6,26.69
BCPC,2010-08-03,26.52,27.47,25.54,26.93
BCPC,2010-08-04,27.01,27.2,26.79,27.04
BCPC,2010-08-05,26.91,27.55,26.76,27.25
BCPC,2010-08-06,26.94,27.26,26.38,27.0
BCPC,2010-08-09,27.1,27.21,26.81,27.13
BCPC,2010-08-10,26.83,27.23,26.58,26.78
BCPC,2010-08-11,26.32,26.37,25.59,25.67
BCPC,2010-08-12,25.52,26.06,25.39,25.64
BCPC,2010-08-13,25.48,25.72,25.17,25.48
BCPC,2010-08-16,25.31,25.82,25.24,25.69
BCPC,2010-08-17,25.97,26.0,25.7,25.84
BCPC,2010-08-18,25.89,25.99,25.56,25.72
BCPC,2010-08-19,25.63,25.78,24.55,24.67
BCPC,2010-08-20,24.49,24.76,24.08,24.62
BCPC,2010-08-23,24.7,24.93,24.0,24.13
BCPC,2010-08-24,23.85,24.28,23.72,24.01
BCPC,2010-08-25,23.95,24.36,23.69,24.28
BCPC,2010-08-26,24.33,24.56,23.97,23.99
BCPC,2010-08-27,24.25,24.68,23.87,24.66
BCPC,2010-08-30,24.54,24.8,24.46,24.56
BCPC,2010-08-31,24.47,24.8,24.25,24.45
BCPC,2010-09-01,24.86,25.37,24.63,25.36
BCPC,2010-09-02,25.3,25.3,24.69,25.07
BCPC,2010-09-03,25.37,25.76,25.14,25.72
BCPC,2010-09-07,25.69,25.71,24.88,24.95
BCPC,2010-09-08,25.03,25.24,24.96,25.06
BCPC,2010-09-09,25.34,25.34,24.91,25.26
BCPC,2010-09-10,25.3,25.5,25.13,25.4
BCPC,2010-09-13,25.67,26.0,25.52,25.96
BCPC,2010-09-14,26.1,27.74,26.1,27.29
BCPC,2010-09-15,27.2,28.39,27.07,28.29
BCPC,2010-09-16,28.33,28.35,27.62,27.91
BCPC,2010-09-17,28.24,28.34,27.43,28.05
BCPC,2010-09-20,28.2,29.25,28.06,29.25
BCPC,2010-09-21,29.25,29.39,28.89,29.04
BCPC,2010-09-22,28.85,29.41,28.51,28.89
BCPC,2010-09-23,28.6,29.07,28.55,28.97
BCPC,2010-09-24,29.43,29.81,29.16,29.8
BCPC,2010-09-27,29.71,30.7,29.69,30.6
BCPC,2010-09-28,30.82,30.98,30.15,30.87
BCPC,2010-09-29,30.68,31.12,30.38,30.75
BCPC,2010-09-30,31.06,31.06,30.47,30.86
BCPC,2010-10-01,31.1,31.1,30.65,30.91
BCPC,2010-10-04,30.86,31.05,30.46,30.62
BCPC,2010-10-05,31.02,31.91,30.66,31.83
BCPC,2010-10-06,31.83,31.97,31.42,31.66
BCPC,2010-10-07,31.7,31.91,30.57,30.66
BCPC,2010-10-08,30.64,30.64,29.13,29.28
BCPC,2010-10-11,29.34,30.38,29.32,29.88
BCPC,2010-10-12,29.72,30.09,29.6,29.95
BCPC,2010-10-13,30.0,30.4,29.73,30.06
BCPC,2010-10-14,30.17,30.57,29.84,30.56
BCPC,2010-10-15,30.93,31.23,30.26,30.89
BCPC,2010-10-18,30.87,31.32,30.85,31.28
BCPC,2010-10-19,30.94,31.77,30.24,30.49
BCPC,2010-10-20,30.72,31.45,30.72,31.0
BCPC,2010-10-21,31.24,31.74,31.08,31.6
BCPC,2010-10-22,31.61,31.64,30.79,31.02
BCPC,2010-10-25,31.33,31.77,31.13,31.53
BCPC,2010-10-26,31.27,31.9,31.07,31.37
BCPC,2010-10-27,31.19,31.37,30.35,30.72
BCPC,2010-10-28,31.04,31.21,30.59,31.06
BCPC,2010-10-29,30.26,31.59,30.25,30.56
BCPC,2010-11-01,30.62,30.96,28.68,29.16
BCPC,2010-11-02,29.61,30.25,29.47,29.87
BCPC,2010-11-03,29.97,30.07,29.03,29.44
BCPC,2010-11-04,29.88,30.23,29.67,30.23
BCPC,2010-11-05,30.35,30.35,29.68,30.12
BCPC,2010-11-08,30.08,30.78,29.62,30.71
BCPC,2010-11-09,30.81,31.16,30.45,30.66
BCPC,2010-11-10,30.77,31.63,30.48,31.61
BCPC,2010-11-11,31.4,31.95,30.59,31.58
BCPC,2010-11-12,31.35,31.7,30.8,31.44
BCPC,2010-11-15,31.49,32.3,30.98,31.38
BCPC,2010-11-16,31.1,31.12,30.1,30.44
BCPC,2010-11-17,30.41,30.61,30.05,30.4
BCPC,2010-11-18,30.82,31.25,30.67,30.99
BCPC,2010-11-19,30.85,31.29,30.31,31.11
BCPC,2010-11-22,30.83,31.29,30.43,30.9
BCPC,2010-11-23,30.5,31.38,30.01,31.3
BCPC,2010-11-24,31.62,32.45,31.59,32.42
BCPC,2010-11-26,31.79,32.02,31.11,31.59
BCPC,2010-11-29,31.39,31.77,30.84,31.58
BCPC,2010-11-30,31.38,31.48,30.8,30.96
BCPC,2010-12-01,31.45,31.68,31.09,31.52
BCPC,2010-12-02,31.58,31.78,31.0,31.42
BCPC,2010-12-03,31.18,32.15,31.18,32.04
BCPC,2010-12-06,31.64,32.56,31.51,32.21
BCPC,2010-12-07,32.93,32.93,32.38,32.52
BCPC,2010-12-08,32.71,32.71,32.14,32.14
BCPC,2010-12-09,32.45,32.67,32.02,32.17
BCPC,2010-12-10,32.31,33.02,32.15,33.01
BCPC,2010-12-13,33.13,33.68,33.13,33.45
BCPC,2010-12-14,33.63,33.83,33.23,33.53
BCPC,2010-12-15,33.59,33.82,33.02,33.27
BCPC,2010-12-16,33.4,33.4,32.76,33.19
BCPC,2010-12-17,32.97,33.45,32.62,33.29
BCPC,2010-12-20,33.49,33.86,32.65,33.29
BCPC,2010-12-21,33.62,33.98,33.35,33.91
BCPC,2010-12-22,33.85,33.89,33.06,33.07
BCPC,2010-12-23,33.04,33.53,33.04,33.29
BCPC,2010-12-27,33.25,33.55,33.0,33.44
BCPC,2010-12-28,33.57,33.57,32.97,33.08
BCPC,2010-12-29,33.23,33.43,33.12,33.28
BCPC,2010-12-30,33.31,33.98,33.06,33.86
BCPC,2010-12-31,33.87,34.29,33.64,33.81
BCPC,2011-01-03,34.79,35.0,33.87,34.81
BCPC,2011-01-04,35.01,35.36,34.31,34.87
BCPC,2011-01-05,34.88,35.02,34.51,34.78
BCPC,2011-01-06,34.86,36.0,34.75,35.61
BCPC,2011-01-07,35.72,36.19,34.82,35.32
BCPC,2011-01-10,35.24,36.15,35.0,35.92
BCPC,2011-01-11,36.04,36.15,35.47,35.48
BCPC,2011-01-12,35.75,36.15,35.54,35.76
BCPC,2011-01-13,35.91,36.01,35.5,35.7
BCPC,2011-01-14,35.72,36.34,35.45,36.34
BCPC,2011-01-18,36.13,37.63,35.98,37.38
BCPC,2011-01-19,37.49,37.51,34.66,34.73
BCPC,2011-01-20,34.35,34.71,33.75,34.14
BCPC,2011-01-21,34.39,34.7,33.96,34.05
BCPC,2011-01-24,33.99,34.13,33.19,34.02
BCPC,2011-01-25,33.75,34.3,33.43,34.25
BCPC,2011-01-26,34.46,35.77,34.22,35.73
BCPC,2011-01-27,35.55,36.2,34.8,34.87
BCPC,2011-01-28,34.9,35.11,33.61,33.62
BCPC,2011-01-31,33.65,34.3,33.29,33.65
BCPC,2011-02-01,33.7,34.93,33.66,34.73
BCPC,2011-02-02,34.53,35.12,34.43,34.55
BCPC,2011-02-03,34.46,34.68,33.69,34.3
BCPC,2011-02-04,34.22,34.67,33.82,34.56
BCPC,2011-02-07,34.56,34.91,34.07,34.3
BCPC,2011-02-08,34.16,34.47,34.0,34.32
BCPC,2011-02-09,34.1,34.3,33.43,33.96
BCPC,2011-02-10,33.74,34.05,33.53,33.88
BCPC,2011-02-11,33.75,34.38,33.75,34.37
BCPC,2011-02-14,34.38,34.55,34.07,34.5
BCPC,2011-02-15,34.42,34.95,34.42,34.73
BCPC,2011-02-16,34.78,35.42,34.56,35.36
BCPC,2011-02-17,35.43,35.8,35.16,35.62
BCPC,2011-02-18,35.79,35.95,35.11,35.5
BCPC,2011-02-22,34.99,35.64,34.34,34.62
BCPC,2011-02-23,34.54,34.54,33.16,33.52
BCPC,2011-02-24,33.52,34.5,33.26,34.4
BCPC,2011-02-25,34.46,35.38,34.14,35.33
BCPC,2011-02-28,35.6,36.83,35.59,36.0
BCPC,2011-03-01,36.25,36.25,34.43,35.0
BCPC,2011-03-02,34.98,35.66,34.87,35.22
BCPC,2011-03-03,35.59,36.2,35.56,36.08
BCPC,2011-03-04,36.26,36.5,34.89,35.5
BCPC,2011-03-07,35.65,36.12,33.79,34.29
BCPC,2011-03-08,34.31,35.42,33.55,34.74
BCPC,2011-03-09,34.77,34.77,34.08,34.41
BCPC,2011-03-10,33.91,33.91,33.0,33.38
BCPC,2011-03-11,33.36,33.62,32.62,33.38
BCPC,2011-03-14,32.89,33.89,32.8,33.75
BCPC,2011-03-15,32.58,33.56,32.0,33.3
BCPC,2011-03-16,33.16,33.52,32.38,32.91
BCPC,2011-03-17,33.05,33.28,32.55,32.66
BCPC,2011-03-18,32.95,33.22,32.6,33.21
BCPC,2011-03-21,33.61,34.28,33.61,34.1
BCPC,2011-03-22,34.21,34.6,33.82,34.26
BCPC,2011-03-23,34.13,34.98,33.76,34.63
BCPC,2011-03-24,34.93,35.28,34.65,35.09
BCPC,2011-03-25,35.21,36.95,35.21,36.07
BCPC,2011-03-28,36.42,36.95,35.9,36.06
BCPC,2011-03-29,35.92,36.39,35.76,36.12
BCPC,2011-03-30,36.34,36.92,36.05,36.88
BCPC,2011-03-31,36.67,37.52,36.44,37.52
BCPC,2011-04-01,37.61,37.9,37.37,37.45
BCPC,2011-04-04,37.68,38.05,37.68,37.97
BCPC,2011-04-05,37.74,38.8,37.7,38.63
BCPC,2011-04-06,38.8,39.36,38.8,38.85
BCPC,2011-04-07,39.09,39.34,38.58,38.6
BCPC,2011-04-08,38.97,39.09,37.2,37.45
BCPC,2011-04-11,37.39,37.86,36.52,37.03
BCPC,2011-04-12,36.69,37.25,35.96,36.02
BCPC,2011-04-13,36.3,36.77,35.94,36.46
BCPC,2011-04-14,36.1,37.17,35.95,37.17
BCPC,2011-04-15,36.98,37.8,36.5,37.59
BCPC,2011-04-18,37.0,37.69,37.0,37.43
BCPC,2011-04-19,37.62,37.97,37.0,37.82
BCPC,2011-04-20,38.5,38.9,37.62,38.71
BCPC,2011-04-21,39.16,39.4,38.62,39.35
BCPC,2011-04-25,39.11,39.44,38.45,38.95
BCPC,2011-04-26,39.09,40.29,38.99,39.79
BCPC,2011-04-27,39.85,40.08,38.9,39.3
BCPC,2011-04-28,39.35,39.65,39.3,39.5
BCPC,2011-04-29,39.68,40.1,39.53,39.69
BCPC,2011-05-02,40.1,40.17,38.81,38.88
BCPC,2011-05-03,38.91,39.6,37.84,38.68
BCPC,2011-05-04,38.78,38.83,37.59,38.03
BCPC,2011-05-05,37.78,40.19,37.78,38.92
BCPC,2011-05-06,39.56,39.85,38.97,39.33
BCPC,2011-05-09,39.46,40.3,39.39,40.09
BCPC,2011-05-10,40.3,41.29,40.1,41.29
BCPC,2011-05-11,41.22,41.42,40.63,41.2
BCPC,2011-05-12,41.08,41.81,40.89,41.6
BCPC,2011-05-13,41.33,41.72,40.74,41.15
BCPC,2011-05-16,41.05,41.31,40.48,40.67
BCPC,2011-05-17,40.33,41.12,40.03,40.92
BCPC,2011-05-18,41.14,41.37,40.45,41.21
BCPC,2011-05-19,41.6,42.01,40.82,41.67
BCPC,2011-05-20,41.5,41.75,41.13,41.36
BCPC,2011-05-23,40.61,41.11,40.61,40.67
BCPC,2011-05-24,40.84,40.99,39.81,40.33
BCPC,2011-05-25,40.3,41.79,40.01,41.5
BCPC,2011-05-26,41.42,41.96,41.11,41.91
BCPC,2011-05-27,42.04,42.44,41.71,42.01
BCPC,2011-05-31,42.4,43.2,41.75,43.15
BCPC,2011-06-01,42.78,42.95,40.82,40.95
BCPC,2011-06-02,41.07,41.79,40.08,40.77
BCPC,2011-06-03,40.01,40.28,39.35,39.82
BCPC,2011-06-06,39.82,40.35,39.43,39.7
BCPC,2011-06-07,40.0,40.33,39.61,39.96
BCPC,2011-06-08,39.87,40.08,39.14,39.26
BCPC,2011-06-09,39.5,40.65,39.31,40.4
BCPC,2011-06-10,40.08,40.4,39.44,39.51
BCPC,2011-06-13,39.85,40.55,39.77,40.0
BCPC,2011-06-14,40.5,41.66,40.44,41.09
BCPC,2011-06-15,40.64,40.84,39.87,40.18
BCPC,2011-06-16,40.23,40.45,38.86,39.98
BCPC,2011-06-17,40.22,40.25,39.69,39.88
BCPC,2011-06-20,39.78,40.93,39.74,40.92
BCPC,2011-06-21,41.29,41.97,41.24,41.92
BCPC,2011-06-22,41.92,42.26,40.86,40.86
BCPC,2011-06-23,40.46,41.33,39.61,41.28
BCPC,2011-06-24,41.45,41.53,40.95,41.28
BCPC,2011-06-27,41.39,42.21,40.99,42.13
BCPC,2011-06-28,42.26,43.25,42.13,42.83
BCPC,2011-06-29,42.92,43.3,42.34,42.92
BCPC,2011-06-30,43.21,43.86,42.92,43.78
BCPC,2011-07-01,44.01,44.73,43.13,44.49
BCPC,2011-07-05,44.72,44.72,42.79,43.07
BCPC,2011-07-06,43.14,44.27,42.73,44.15
BCPC,2011-07-07,44.56,44.56,43.69,43.99
BCPC,2011-07-08,43.45,44.42,43.39,44.3
BCPC,2011-07-11,43.82,44.13,43.28,43.8
BCPC,2011-07-12,43.55,44.5,43.55,43.87
BCPC,2011-07-13,44.23,44.94,43.83,44.11
BCPC,2011-07-14,44.18,44.19,42.73,43.13
BCPC,2011-07-15,43.28,45.38,42.92,45.0
BCPC,2011-07-18,45.89,45.89,44.77,45.09
BCPC,2011-07-19,45.83,46.99,45.78,46.65
BCPC,2011-07-20,47.2,47.23,44.87,45.0
BCPC,2011-07-21,45.4,46.34,45.1,45.69
BCPC,2011-07-22,45.93,46.08,45.29,45.31
BCPC,2011-07-25,45.12,45.15,44.51,44.52
BCPC,2011-07-26,44.5,44.93,43.78,44.19
BCPC,2011-07-27,44.15,44.15,42.55,42.59
BCPC,2011-07-28,42.85,43.9,42.71,42.9
BCPC,2011-07-29,42.53,43.78,42.11,43.77
BCPC,2011-08-01,44.95,45.46,43.6,43.74
BCPC,2011-08-02,43.65,44.76,42.58,42.66
BCPC,2011-08-03,42.5,43.84,40.49,43.36
BCPC,2011-08-04,43.02,43.2,40.21,40.24
BCPC,2011-08-05,40.05,40.24,38.23,39.12
BCPC,2011-08-08,37.39,38.99,35.05,35.05
BCPC,2011-08-09,35.59,38.67,34.31,38.42
BCPC,2011-08-10,38.06,38.38,35.3,35.4
BCPC,2011-08-11,35.74,38.64,35.74,38.07
BCPC,2011-08-12,38.84,38.96,37.48,38.75
BCPC,2011-08-15,39.26,39.99,38.57,39.3
BCPC,2011-08-16,38.59,39.06,37.48,37.91
BCPC,2011-08-17,38.35,38.76,37.51,38.18
BCPC,2011-08-18,36.84,37.34,35.9,36.36
BCPC,2011-08-19,35.4,37.3,35.4,36.44
BCPC,2011-08-22,37.66,37.83,36.44,36.61
BCPC,2011-08-23,36.79,39.37,36.68,39.33
BCPC,2011-08-24,39.58,40.07,38.6,39.49
BCPC,2011-08-25,39.99,40.0,38.26,38.36
BCPC,2011-08-26,38.06,40.17,37.51,39.95
BCPC,2011-08-29,40.35,41.93,40.01,41.82
BCPC,2011-08-30,41.58,42.15,41.16,41.7
BCPC,2011-08-31,41.76,42.0,40.6,41.3
BCPC,2011-09-01,41.6,42.33,40.81,41.1
BCPC,2011-09-02,40.16,40.87,39.42,39.5
BCPC,2011-09-06,38.0,39.47,37.41,39.39
BCPC,2011-09-07,40.05,40.31,39.52,40.13
BCPC,2011-09-08,39.86,40.95,39.55,39.6
BCPC,2011-09-09,39.17,39.4,38.16,38.51
BCPC,2011-09-12,37.93,39.05,37.93,38.75
BCPC,2011-09-13,38.88,39.8,37.61,39.47
BCPC,2011-09-14,39.87,40.53,39.0,39.94
BCPC,2011-09-15,39.7,40.93,39.7,40.39
BCPC,2011-09-16,40.74,41.25,40.31,40.65
BCPC,2011-09-19,39.9,41.0,39.51,40.64
BCPC,2011-09-20,40.8,41.5,40.24,40.56
BCPC,2011-09-21,40.62,40.85,39.22,39.27
BCPC,2011-09-22,37.93,38.55,37.51,38.35
BCPC,2011-09-23,38.29,38.8,37.83,38.11
BCPC,2011-09-26,38.41,39.02,37.26,38.93
BCPC,2011-09-27,40.07,41.25,39.28,40.36
BCPC,2011-09-28,40.46,40.62,38.77,38.92
BCPC,2011-09-29,39.88,40.15,38.11,39.27
BCPC,2011-09-30,38.63,39.35,37.23,37.31
BCPC,2011-10-03,37.0,37.91,35.09,35.2
BCPC,2011-10-04,34.98,36.97,34.43,36.77
BCPC,2011-10-05,37.0,37.31,35.58,36.06
BCPC,2011-10-06,36.09,36.44,35.81,36.26
BCPC,2011-10-07,36.44,36.54,35.01,35.63
BCPC,2011-10-10,36.28,37.59,36.26,37.45
BCPC,2011-10-11,37.2,38.05,37.07,37.99
BCPC,2011-10-12,38.34,38.59,37.17,37.64
BCPC,2011-10-13,37.32,37.85,36.87,37.0
BCPC,2011-10-14,37.32,37.51,36.88,37.49
BCPC,2011-10-17,37.16,37.43,36.08,36.26
BCPC,2011-10-18,36.38,36.45,35.47,36.1
BCPC,2011-10-19,35.85,36.21,34.51,34.78
BCPC,2011-10-20,34.63,35.03,33.8,34.75
BCPC,2011-10-21,35.49,35.75,35.0,35.64
BCPC,2011-10-24,35.64,36.53,35.46,36.17
BCPC,2011-10-25,36.0,36.09,34.83,34.89
BCPC,2011-10-26,35.66,36.73,35.45,36.33
BCPC,2011-10-27,37.31,37.31,36.56,37.01
BCPC,2011-10-28,36.98,37.69,36.8,37.11
BCPC,2011-10-31,36.51,37.1,35.83,36.87
BCPC,2011-11-01,35.45,36.34,34.93,35.28
BCPC,2011-11-02,35.86,39.37,35.39,38.94
BCPC,2011-11-03,39.43,41.51,38.72,41.08
BCPC,2011-11-04,40.69,40.99,39.36,40.5
BCPC,2011-11-07,40.69,41.0,39.66,40.72
BCPC,2011-11-08,40.94,41.34,39.53,41.14
BCPC,2011-11-09,40.08,40.31,39.36,39.41
BCPC,2011-11-10,39.97,40.29,38.97,39.97
BCPC,2011-11-11,40.5,41.28,40.38,41.2
BCPC,2011-11-14,41.18,41.18,40.43,41.03
BCPC,2011-11-15,40.9,41.48,40.48,41.29
BCPC,2011-11-16,40.64,41.3,39.99,40.04
BCPC,2011-11-17,40.1,40.66,39.38,39.68
BCPC,2011-11-18,39.62,40.1,39.5,39.9
BCPC,2011-11-21,39.26,39.61,38.21,38.76
BCPC,2011-11-22,38.66,39.36,38.28,38.83
BCPC,2011-11-23,38.32,38.99,37.67,38.06
BCPC,2011-11-25,37.79,38.03,37.54,37.55
BCPC,2011-11-28,38.93,39.64,38.55,39.39
BCPC,2011-11-29,39.32,39.56,38.65,39.21
BCPC,2011-11-30,39.98,41.51,39.82,41.5
BCPC,2011-12-01,41.7,41.83,41.02,41.37
BCPC,2011-12-02,41.71,41.83,41.17,41.46
BCPC,2011-12-05,42.0,42.12,41.2,41.52
BCPC,2011-12-06,41.85,42.15,41.39,41.74
BCPC,2011-12-07,41.39,42.46,41.39,42.32
BCPC,2011-12-08,42.05,42.05,41.04,41.13
BCPC,2011-12-09,41.24,42.21,40.76,41.91
BCPC,2011-12-12,41.43,41.43,40.02,40.66
BCPC,2011-12-13,40.93,41.49,39.32,39.77
BCPC,2011-12-14,39.5,39.97,38.46,38.53
BCPC,2011-12-15,38.77,39.67,38.55,39.46
BCPC,2011-12-16,39.87,40.5,39.51,39.95
BCPC,2011-12-19,40.5,40.78,38.91,39.11
BCPC,2011-12-20,40.06,40.74,40.0,40.26
BCPC,2011-12-21,40.36,41.31,40.01,41.16
BCPC,2011-12-22,41.27,41.53,40.68,41.11
BCPC,2011-12-23,41.35,41.49,40.98,41.35
BCPC,2011-12-27,41.32,41.8,41.27,41.69
BCPC,2011-12-28,41.85,42.17,41.26,41.4
BCPC,2011-12-29,42.84,42.84,41.33,41.68
BCPC,2011-12-30,41.53,41.83,40.52,40.54
BCPC,2012-01-03,41.2,41.44,40.14,40.62
BCPC,2012-01-04,40.35,40.91,40.35,40.69
BCPC,2012-01-05,40.56,40.85,40.01,40.82
BCPC,2012-01-06,40.72,41.15,40.35,40.87
BCPC,2012-01-09,41.08,41.4,40.46,40.74
BCPC,2012-01-10,41.38,41.8,41.27,41.63
BCPC,2012-01-11,41.55,41.71,41.21,41.53
BCPC,2012-01-12,41.54,41.93,41.16,41.81
BCPC,2012-01-13,41.17,41.32,40.06,40.25
BCPC,2012-01-17,40.46,40.81,40.11,40.13
BCPC,2012-01-18,39.9,40.6,39.66,40.31
BCPC,2012-01-19,40.37,40.38,39.48,39.6
BCPC,2012-01-20,39.47,39.84,38.85,38.98
BCPC,2012-01-23,39.21,39.21,38.25,38.71
BCPC,2012-01-24,38.56,39.23,38.51,38.94
BCPC,2012-01-25,39.0,39.13,38.76,38.99
BCPC,2012-01-26,38.84,38.84,37.35,37.78
BCPC,2012-01-27,37.77,37.95,37.46,37.47
BCPC,2012-01-30,37.05,37.82,36.91,37.69
BCPC,2012-01-31,38.06,38.27,37.5,37.84
BCPC,2012-02-01,38.36,38.38,37.62,37.91
BCPC,2012-02-02,37.94,38.03,37.38,37.57
BCPC,2012-02-03,38.32,38.84,37.77,37.95
BCPC,2012-02-06,37.99,37.99,37.08,37.31
BCPC,2012-02-07,37.31,37.45,36.68,36.88
BCPC,2012-02-08,36.89,37.04,36.18,36.46
BCPC,2012-02-09,36.72,36.92,35.95,36.01
BCPC,2012-02-10,35.6,35.65,35.06,35.3
BCPC,2012-02-13,35.51,35.97,34.63,34.7
BCPC,2012-02-14,34.57,35.6,34.57,35.57
BCPC,2012-02-15,35.72,35.96,35.28,35.86
BCPC,2012-02-16,35.78,36.26,35.6,36.14
BCPC,2012-02-17,36.2,36.47,36.04,36.15
BCPC,2012-02-21,36.15,36.42,35.5,35.58
BCPC,2012-02-22,35.69,35.69,34.89,35.2
BCPC,2012-02-23,35.21,35.65,34.92,35.46
BCPC,2012-02-24,35.45,35.81,35.45,35.64
BCPC,2012-02-27,35.57,35.57,28.88,29.0
BCPC,2012-02-28,29.48,30.64,28.6,29.06
BCPC,2012-02-29,29.11,29.45,27.02,27.25
BCPC,2012-03-01,27.22,28.2,27.1,27.88
BCPC,2012-03-02,27.96,28.0,27.3,27.34
BCPC,2012-03-05,27.22,27.71,26.59,27.52
BCPC,2012-03-06,27.1,27.39,26.58,26.6
BCPC,2012-03-07,26.65,26.99,26.6,26.92
BCPC,2012-03-08,27.07,27.35,26.56,27.31
BCPC,2012-03-09,27.28,28.62,27.02,28.49
BCPC,2012-03-12,28.79,28.8,28.32,28.6
BCPC,2012-03-13,28.94,29.11,28.5,29.09
BCPC,2012-03-14,29.06,29.15,28.8,29.11
BCPC,2012-03-15,29.23,29.23,28.6,28.94
BCPC,2012-03-16,29.05,29.99,28.99,29.66
BCPC,2012-03-19,29.7,29.88,29.5,29.65
BCPC,2012-03-20,29.52,29.68,29.05,29.37
BCPC,2012-03-21,29.51,29.77,29.11,29.23
BCPC,2012-03-22,29.1,29.2,28.22,28.54
BCPC,2012-03-23,28.67,29.06,28.19,28.74
BCPC,2012-03-26,29.15,29.39,28.94,29.32
BCPC,2012-03-27,29.4,29.88,29.25,29.66
BCPC,2012-03-28,29.78,30.13,29.57,29.99
BCPC,2012-03-29,29.87,30.3,29.67,30.16
BCPC,2012-03-30,30.49,30.49,29.66,30.25
BCPC,2012-04-02,30.32,31.22,30.25,30.98
BCPC,2012-04-03,30.93,31.34,30.51,30.6
BCPC,2012-04-04,30.42,30.42,29.61,29.83
BCPC,2012-04-05,29.59,29.96,29.3,29.55
BCPC,2012-04-09,29.03,29.51,29.02,29.22
BCPC,2012-04-10,29.22,29.31,28.68,28.86
BCPC,2012-04-11,29.09,29.24,28.8,28.99
BCPC,2012-04-12,29.0,29.49,28.8,29.4
BCPC,2012-04-13,29.21,29.31,28.69,28.75
BCPC,2012-04-16,28.81,28.96,28.44,28.86
BCPC,2012-04-17,29.02,29.78,29.01,29.14
BCPC,2012-04-18,29.0,29.13,28.65,28.89
BCPC,2012-04-19,28.81,28.93,28.0,28.21
BCPC,2012-04-20,28.57,28.57,28.1,28.19
BCPC,2012-04-23,27.89,27.89,27.22,27.35
BCPC,2012-04-24,27.32,27.65,27.23,27.44
BCPC,2012-04-25,27.83,28.2,27.65,27.98
BCPC,2012-04-26,27.95,28.14,27.76,27.78
BCPC,2012-04-27,27.79,29.01,27.51,28.9
BCPC,2012-04-30,28.88,29.09,28.58,28.9
BCPC,2012-05-01,28.9,29.0,28.0,28.03
BCPC,2012-05-02,28.1,31.23,28.1,30.71
BCPC,2012-05-03,30.58,30.63,29.52,29.57
BCPC,2012-05-04,29.33,29.72,29.05,29.25
BCPC,2012-05-07,29.17,29.78,29.0,29.4
BCPC,2012-05-08,29.32,29.47,29.08,29.4
BCPC,2012-05-09,28.97,29.34,28.67,28.7
BCPC,2012-05-10,28.84,29.24,28.53,29.24
BCPC,2012-05-11,29.09,29.39,29.01,29.31
BCPC,2012-05-14,29.01,29.27,28.79,28.93
BCPC,2012-05-15,28.91,29.7,28.88,29.27
BCPC,2012-05-16,29.32,29.78,29.26,29.57
BCPC,2012-05-17,29.52,29.56,28.86,28.88
BCPC,2012-05-18,28.84,29.71,28.73,29.67
BCPC,2012-05-21,29.81,31.0,29.62,30.58
BCPC,2012-05-22,30.54,30.54,29.8,30.04
BCPC,2012-05-23,29.61,30.21,29.51,30.07
BCPC,2012-05-24,30.17,30.58,29.79,30.56
BCPC,2012-05-25,30.44,30.6,30.07,30.31
BCPC,2012-05-29,30.49,31.18,30.23,30.75
BCPC,2012-05-30,30.0,30.18,28.61,28.82
BCPC,2012-05-31,28.75,29.14,28.46,29.04
BCPC,2012-06-01,28.29,29.01,28.25,28.68
BCPC,2012-06-04,28.75,29.28,28.68,29.11
BCPC,2012-06-05,29.0,29.41,28.95,29.38
BCPC,2012-06-06,29.45,30.34,29.45,30.22
BCPC,2012-06-07,30.73,31.03,30.3,30.53
BCPC,2012-06-08,30.39,30.51,30.16,30.35
BCPC,2012-06-11,30.71,30.71,29.98,29.99
BCPC,2012-06-12,30.2,30.71,30.2,30.62
BCPC,2012-06-13,30.48,31.0,30.46,30.87
BCPC,2012-06-14,30.9,31.13,30.76,31.02
BCPC,2012-06-15,31.02,31.72,30.84,31.25
BCPC,2012-06-18,31.09,31.39,30.81,31.26
BCPC,2012-06-19,31.41,32.63,31.16,32.38
BCPC,2012-06-20,32.38,32.84,32.03,32.32
BCPC,2012-06-21,32.32,32.46,30.77,31.13
BCPC,2012-06-22,31.3,31.83,31.22,31.74
BCPC,2012-06-25,31.17,32.68,31.17,32.59
BCPC,2012-06-26,32.66,32.97,31.9,32.03
BCPC,2012-06-27,32.15,32.84,32.11,32.45
BCPC,2012-06-28,32.01,32.32,31.34,32.16
BCPC,2012-06-29,32.94,32.97,32.13,32.61
BCPC,2012-07-02,32.67,33.11,32.16,33.11
BCPC,2012-07-03,33.11,33.94,32.97,33.47
BCPC,2012-07-05,33.38,34.44,33.29,34.3
BCPC,2012-07-06,34.02,34.15,33.56,33.92
BCPC,2012-07-09,33.9,34.5,33.4,34.4
BCPC,2012-07-10,34.69,34.86,33.38,33.5
BCPC,2012-07-11,33.46,34.0,33.21,33.85
BCPC,2012-07-12,33.49,34.33,33.31,34.16
BCPC,2012-07-13,34.21,35.12,34.12,34.84
BCPC,2012-07-16,34.79,35.11,34.54,34.61
BCPC,2012-07-17,34.72,35.06,34.16,34.41
BCPC,2012-07-18,34.24,34.79,33.76,34.43
BCPC,2012-07-19,34.56,34.85,34.27,34.58
BCPC,2012-07-20,34.22,34.35,33.7,33.77
BCPC,2012-07-23,33.15,33.43,33.02,33.16
BCPC,2012-07-24,33.44,33.44,32.5,32.72
BCPC,2012-07-25,32.89,34.27,32.72,33.96
BCPC,2012-07-26,34.32,34.34,32.5,32.59
BCPC,2012-07-27,32.7,33.87,32.65,33.75
BCPC,2012-07-30,33.76,33.97,33.01,33.11
BCPC,2012-07-31,33.01,33.85,33.01,33.33
BCPC,2012-08-01,33.4,33.99,32.46,32.73
BCPC,2012-08-02,32.57,33.51,32.57,33.08
BCPC,2012-08-03,33.54,34.39,33.22,34.23
BCPC,2012-08-06,34.43,35.49,34.32,35.02
BCPC,2012-08-07,35.22,35.65,34.96,35.21
BCPC,2012-08-08,34.86,35.49,34.58,35.21
BCPC,2012-08-09,35.04,35.28,34.0,34.3
BCPC,2012-08-10,34.11,35.02,33.5,34.67
BCPC,2012-08-13,34.5,35.14,33.79,34.27
BCPC,2012-08-14,34.45,34.66,33.61,33.81
BCPC,2012-08-15,33.54,34.59,33.14,34.18
BCPC,2012-08-16,34.02,34.4,33.73,34.15
BCPC,2012-08-17,34.05,34.99,33.92,34.81
BCPC,2012-08-20,34.85,35.34,34.65,35.28
BCPC,2012-08-21,35.47,36.42,34.85,35.52
BCPC,2012-08-22,35.37,36.21,35.09,35.85
BCPC,2012-08-23,35.87,35.87,35.32,35.56
BCPC,2012-08-24,35.46,36.69,35.42,36.21
BCPC,2012-08-27,36.27,36.69,35.86,36.25
BCPC,2012-08-28,36.15,36.53,36.0,36.28
BCPC,2012-08-29,36.29,36.98,36.14,36.42
BCPC,2012-08-30,36.37,36.47,35.65,35.77
BCPC,2012-08-31,36.13,36.63,35.93,36.48
BCPC,2012-09-04,36.38,36.64,35.43,36.49
BCPC,2012-09-05,36.24,36.99,36.24,36.65
BCPC,2012-09-06,36.83,38.0,35.03,37.5
BCPC,2012-09-07,37.56,38.3,37.54,37.98
BCPC,2012-09-10,37.86,38.18,37.59,37.8
BCPC,2012-09-11,37.91,38.0,36.94,37.69
BCPC,2012-09-12,37.69,38.03,36.72,37.0
BCPC,2012-09-13,36.98,38.01,36.76,37.8
BCPC,2012-09-14,38.03,38.1,37.37,37.9
BCPC,2012-09-17,37.58,37.75,36.94,37.42
BCPC,2012-09-18,37.12,37.53,36.26,37.35
BCPC,2012-09-19,37.41,37.41,36.5,37.02
BCPC,2012-09-20,36.61,37.63,36.4,37.47
BCPC,2012-09-21,37.96,38.05,37.34,37.49
BCPC,2012-09-24,37.34,37.95,36.99,37.18
BCPC,2012-09-25,37.26,37.95,36.97,37.03
BCPC,2012-09-26,37.03,37.48,36.52,37.37
BCPC,2012-09-27,37.5,37.76,37.18,37.67
BCPC,2012-09-28,37.39,37.63,36.66,36.73
BCPC,2012-10-01,37.06,37.64,36.51,37.56
BCPC,2012-10-02,37.65,37.81,36.9,37.73
BCPC,2012-10-03,37.75,38.08,37.39,37.95
BCPC,2012-10-04,38.09,38.19,37.63,37.79
BCPC,2012-10-05,37.85,38.44,37.6,37.72
BCPC,2012-10-08,37.53,37.85,37.26,37.56
BCPC,2012-10-09,37.59,37.59,36.54,36.62
BCPC,2012-10-10,36.49,36.68,36.13,36.25
BCPC,2012-10-11,36.44,36.69,35.8,35.82
BCPC,2012-10-12,35.81,35.97,34.64,34.9
BCPC,2012-10-15,35.0,35.29,34.32,34.98
BCPC,2012-10-16,34.98,35.17,34.5,35.0
BCPC,2012-10-17,34.99,35.44,34.85,35.4
BCPC,2012-10-18,35.35,35.91,35.09,35.68
BCPC,2012-10-19,35.38,35.42,34.06,34.27
BCPC,2012-10-22,34.28,34.9,34.18,34.82
BCPC,2012-10-23,34.49,35.28,34.19,34.99
BCPC,2012-10-24,35.25,35.25,34.58,34.75
BCPC,2012-10-25,35.03,35.07,34.44,35.04
BCPC,2012-10-26,35.08,35.15,34.4,34.71
BCPC,2012-10-31,34.62,34.92,34.09,34.83
BCPC,2012-11-01,34.96,35.64,34.82,35.39
BCPC,2012-11-02,35.61,36.0,33.25,33.4
BCPC,2012-11-05,33.51,33.51,31.25,31.66
BCPC,2012-11-06,31.8,33.33,31.55,33.31
BCPC,2012-11-07,32.88,33.03,32.13,32.8
BCPC,2012-11-08,32.67,32.79,31.65,31.65
BCPC,2012-11-09,31.42,32.58,31.42,32.36
BCPC,2012-11-12,32.5,33.25,32.32,32.91
BCPC,2012-11-13,32.7,33.35,32.3,32.37
BCPC,2012-11-14,32.56,32.56,31.52,31.76
BCPC,2012-11-15,31.64,32.2,31.23,32.2
BCPC,2012-11-16,32.03,33.02,31.71,32.81
BCPC,2012-11-19,32.99,33.58,32.63,33.5
BCPC,2012-11-20,33.27,33.97,31.68,33.71
BCPC,2012-11-21,33.7,33.96,33.4,33.71
BCPC,2012-11-23,33.82,34.0,33.4,34.0
BCPC,2012-11-26,33.9,35.19,33.71,35.19
BCPC,2012-11-27,35.13,35.81,34.76,35.41
BCPC,2012-11-28,35.14,35.57,34.82,35.23
BCPC,2012-11-29,35.51,36.0,35.0,35.98
BCPC,2012-11-30,36.0,36.32,35.63,35.75
BCPC,2012-12-03,35.93,35.93,35.3,35.79
BCPC,2012-12-04,35.7,36.12,34.75,35.63
BCPC,2012-12-05,35.84,36.0,34.9,35.59
BCPC,2012-12-06,35.47,36.17,35.26,35.53
BCPC,2012-12-07,35.63,35.9,35.26,35.67
BCPC,2012-12-10,35.55,36.16,35.55,35.89
BCPC,2012-12-11,36.2,36.49,35.74,36.4
BCPC,2012-12-12,36.3,36.39,35.51,35.73
BCPC,2012-12-13,35.69,36.3,35.32,35.4
BCPC,2012-12-14,35.27,36.41,35.27,35.63
BCPC,2012-12-17,35.62,36.12,35.36,35.68
BCPC,2012-12-18,35.63,36.11,34.71,35.88
BCPC,2012-12-19,35.87,35.88,34.84,34.98
BCPC,2012-12-20,34.99,35.28,34.65,35.24
BCPC,2012-12-21,35.41,36.67,34.8,36.66
BCPC,2012-12-24,36.34,36.43,35.3,36.12
BCPC,2012-12-26,36.15,38.37,36.06,37.64
BCPC,2012-12-27,37.59,37.75,35.78,36.71
BCPC,2012-12-28,36.64,37.24,36.25,36.39
BCPC,2012-12-31,36.53,36.72,35.86,36.45
BCPC,2013-01-02,37.11,38.16,36.98,37.49
BCPC,2013-01-03,37.52,37.58,36.6,36.97
BCPC,2013-01-04,37.25,37.25,36.69,36.82
BCPC,2013-01-07,36.59,37.13,36.48,36.88
BCPC,2013-01-08,36.89,36.89,36.13,36.37
BCPC,2013-01-09,36.6,36.69,36.07,36.47
BCPC,2013-01-10,36.48,36.54,35.79,36.07
BCPC,2013-01-11,36.23,37.25,35.72,37.1
BCPC,2013-01-14,37.07,37.66,36.45,37.41
BCPC,2013-01-15,37.03,37.41,36.03,36.26
BCPC,2013-01-16,36.08,36.65,35.79,36.35
BCPC,2013-01-17,36.59,37.38,36.44,37.2
BCPC,2013-01-18,37.2,37.37,36.8,37.3
BCPC,2013-01-22,37.38,38.13,37.11,37.97
BCPC,2013-01-23,37.96,38.02,37.12,37.28
BCPC,2013-01-24,37.21,38.18,37.21,38.1
BCPC,2013-01-25,38.37,38.49,38.02,38.41
BCPC,2013-01-28,38.25,38.42,37.82,37.98
BCPC,2013-01-29,37.77,38.64,37.69,38.62
BCPC,2013-01-30,38.51,38.58,37.41,37.5
BCPC,2013-01-31,37.55,38.06,37.29,37.4
BCPC,2013-02-01,37.61,38.39,37.61,38.18
BCPC,2013-02-04,38.0,38.0,37.14,37.29
BCPC,2013-02-05,37.4,38.22,37.18,38.02
BCPC,2013-02-06,37.77,38.3,37.77,38.3
BCPC,2013-02-07,38.23,38.4,37.84,38.25
BCPC,2013-02-08,38.4,38.83,38.16,38.7
BCPC,2013-02-11,38.7,38.86,37.9,38.28
BCPC,2013-02-12,38.16,38.35,37.7,38.15
BCPC,2013-02-13,38.18,38.73,38.17,38.67
BCPC,2013-02-14,38.67,38.86,38.27,38.53
BCPC,2013-02-15,38.86,39.15,38.63,38.84
BCPC,2013-02-19,38.8,38.8,37.45,38.1
BCPC,2013-02-20,37.98,38.38,37.32,37.43
BCPC,2013-02-21,37.38,38.49,37.37,38.01
BCPC,2013-02-22,38.09,39.5,37.75,39.42
BCPC,2013-02-25,39.7,39.92,38.65,38.81
BCPC,2013-02-26,38.92,40.0,38.92,39.74
BCPC,2013-02-27,39.71,40.67,39.71,39.89
BCPC,2013-02-28,39.88,40.7,39.88,40.33
BCPC,2013-03-01,39.87,41.5,39.38,41.28
BCPC,2013-03-04,41.28,41.49,40.83,41.43
BCPC,2013-03-05,41.52,42.35,41.25,41.96
BCPC,2013-03-06,41.95,43.0,41.86,42.96
BCPC,2013-03-07,42.85,43.48,41.56,41.95
BCPC,2013-03-08,42.25,42.27,41.27,41.94
BCPC,2013-03-11,41.73,41.76,41.05,41.62
BCPC,2013-03-12,41.51,41.93,41.25,41.6
BCPC,2013-03-13,41.75,42.19,41.23,41.97
BCPC,2013-03-14,41.91,42.5,41.5,42.47
BCPC,2013-03-15,42.56,42.99,42.0,42.44
BCPC,2013-03-18,41.78,43.07,41.78,42.74
BCPC,2013-03-19,42.73,42.94,42.19,42.69
BCPC,2013-03-20,42.67,43.33,42.55,43.32
BCPC,2013-03-21,42.95,43.2,42.32,42.74
BCPC,2013-03-22,42.8,43.3,42.54,42.98
BCPC,2013-03-25,42.96,43.09,42.11,42.78
BCPC,2013-03-26,43.09,43.33,42.65,43.15
BCPC,2013-03-27,42.81,43.55,42.39,43.4
BCPC,2013-03-28,43.64,44.13,43.39,43.94
BCPC,2013-04-01,43.61,43.79,42.7,42.94
BCPC,2013-04-02,43.34,44.4,42.57,42.67
BCPC,2013-04-03,42.89,42.89,41.66,41.95
BCPC,2013-04-04,42.1,42.58,41.64,42.07
BCPC,2013-04-05,41.24,43.26,41.0,42.7
BCPC,2013-04-08,42.71,42.91,41.98,42.79
BCPC,2013-04-09,42.76,43.05,42.14,42.32
BCPC,2013-04-10,42.31,43.98,42.09,43.72
BCPC,2013-04-11,43.78,43.78,43.1,43.52
BCPC,2013-04-12,43.43,43.6,43.14,43.37
BCPC,2013-04-15,43.25,43.56,41.39,41.67
BCPC,2013-04-16,42.04,43.33,41.91,43.12
BCPC,2013-04-17,42.97,42.97,41.15,42.0
BCPC,2013-04-18,41.79,42.3,41.55,42.15
BCPC,2013-04-19,41.91,43.65,41.91,43.09
BCPC,2013-04-22,43.38,43.44,41.89,43.33
BCPC,2013-04-23,43.45,44.11,43.07,43.93
BCPC,2013-04-24,43.91,44.0,43.59,43.87
BCPC,2013-04-25,44.12,44.15,43.42,43.66
BCPC,2013-04-26,43.45,43.48,42.47,42.69
BCPC,2013-04-29,42.91,43.37,42.41,43.15
BCPC,2013-04-30,43.21,43.36,42.71,43.34
BCPC,2013-05-01,43.11,43.4,41.56,41.7
BCPC,2013-05-02,42.1,43.04,41.71,42.71
BCPC,2013-05-03,43.17,44.46,43.17,43.43
BCPC,2013-05-06,43.43,44.15,42.19,42.98
BCPC,2013-05-07,43.18,43.26,42.67,43.26
BCPC,2013-05-08,43.34,43.49,42.76,43.33
BCPC,2013-05-09,43.14,43.58,42.75,43.22
BCPC,2013-05-10,43.13,43.5,42.89,43.18
BCPC,2013-05-13,42.98,43.43,42.83,43.41
BCPC,2013-05-14,43.23,45.19,43.22,45.09
BCPC,2013-05-15,44.83,46.34,44.13,46.09
BCPC,2013-05-16,46.11,47.94,46.11,47.24
BCPC,2013-05-17,47.25,48.31,47.15,47.75
BCPC,2013-05-20,48.04,48.04,46.03,46.41
BCPC,2013-05-21,46.31,46.47,45.79,46.05
BCPC,2013-05-22,46.09,47.0,45.63,46.01
BCPC,2013-05-23,45.66,46.1,45.38,45.72
BCPC,2013-05-24,45.67,46.79,45.5,46.39
BCPC,2013-05-28,47.16,48.2,46.41,47.41
BCPC,2013-05-29,47.19,47.3,46.42,46.84
BCPC,2013-05-30,47.04,47.3,46.06,47.13
BCPC,2013-05-31,47.01,48.66,46.9,48.01
BCPC,2013-06-03,48.1,48.63,47.23,48.52
BCPC,2013-06-04,48.4,48.76,46.59,48.1
BCPC,2013-06-05,48.2,48.25,46.84,47.27
BCPC,2013-06-06,47.11,48.14,46.95,47.67
BCPC,2013-06-07,48.3,48.32,47.12,47.3
BCPC,2013-06-10,47.31,47.92,46.97,47.46
BCPC,2013-06-11,47.02,47.23,46.15,46.71
BCPC,2013-06-12,47.24,47.24,45.95,46.06
BCPC,2013-06-13,45.98,46.43,45.87,46.0
BCPC,2013-06-14,46.02,46.25,45.25,45.27
BCPC,2013-06-17,45.38,46.17,45.33,45.88
BCPC,2013-06-18,45.88,47.05,45.57,46.8
BCPC,2013-06-19,46.55,46.96,45.75,46.12
BCPC,2013-06-20,45.31,46.38,44.52,44.8
BCPC,2013-06-21,44.97,46.72,44.97,46.07
BCPC,2013-06-24,45.75,46.21,44.92,45.68
BCPC,2013-06-25,45.98,46.18,44.31,44.5
BCPC,2013-06-26,44.75,45.19,44.28,44.34
BCPC,2013-06-27,44.49,45.01,44.25,44.88
BCPC,2013-06-28,44.8,45.44,44.19,44.75
BCPC,2013-07-01,45.0,45.66,44.34,45.16
BCPC,2013-07-02,45.15,45.74,43.32,44.5
BCPC,2013-07-03,44.18,45.06,43.72,44.47
BCPC,2013-07-05,45.31,45.51,43.84,45.47
BCPC,2013-07-08,45.44,45.44,44.01,44.45
BCPC,2013-07-09,44.9,46.22,44.37,46.2
BCPC,2013-07-10,45.97,46.67,45.97,46.29
BCPC,2013-07-11,46.82,47.5,46.53,47.17
BCPC,2013-07-12,46.69,47.49,46.49,47.26
BCPC,2013-07-15,47.26,48.22,46.92,48.05
BCPC,2013-07-16,47.95,47.95,47.29,47.67
BCPC,2013-07-17,47.84,48.1,47.02,47.31
BCPC,2013-07-18,47.39,47.8,46.66,47.18
BCPC,2013-07-19,47.12,47.39,46.86,47.26
BCPC,2013-07-22,46.88,47.94,46.88,47.9
BCPC,2013-07-23,48.0,48.1,47.39,47.96
BCPC,2013-07-24,48.01,48.1,47.45,47.73
BCPC,2013-07-25,47.77,48.37,47.59,48.1
BCPC,2013-07-26,47.61,47.89,46.29,46.89
BCPC,2013-07-29,46.66,46.87,46.13,46.46
BCPC,2013-07-30,46.73,47.81,46.32,47.7
BCPC,2013-07-31,47.72,51.47,47.03,49.76
BCPC,2013-08-01,49.73,51.48,49.73,51.25
BCPC,2013-08-02,50.75,51.65,50.48,51.4
BCPC,2013-08-05,51.15,52.0,50.85,51.94
BCPC,2013-08-06,51.5,52.98,51.47,52.77
BCPC,2013-08-07,52.55,52.99,52.03,52.04
BCPC,2013-08-08,52.62,53.39,51.93,53.16
BCPC,2013-08-09,52.87,53.28,52.16,52.57
BCPC,2013-08-12,52.27,53.75,52.25,53.44
BCPC,2013-08-13,53.19,53.58,52.26,52.73
BCPC,2013-08-14,52.85,52.97,52.51,52.73
BCPC,2013-08-15,51.89,51.89,50.59,50.65
BCPC,2013-08-16,50.25,51.08,50.08,50.66
BCPC,2013-08-19,50.35,50.88,49.63,49.67
BCPC,2013-08-20,49.62,50.48,49.34,50.25
BCPC,2013-08-21,49.92,50.85,49.57,50.07
BCPC,2013-08-22,50.05,50.84,49.93,50.81
BCPC,2013-08-23,50.65,51.24,50.27,51.09
BCPC,2013-08-26,51.08,51.68,50.49,50.71
BCPC,2013-08-27,49.93,49.96,48.34,48.61
BCPC,2013-08-28,48.82,48.94,48.0,48.22
BCPC,2013-08-29,47.81,50.17,47.81,49.52
BCPC,2013-08-30,49.19,49.59,47.56,47.86
BCPC,2013-09-03,48.5,49.13,47.15,47.74
BCPC,2013-09-04,47.7,48.31,47.32,47.94
BCPC,2013-09-05,47.76,49.15,47.55,48.33
BCPC,2013-09-06,48.56,48.56,46.76,47.94
BCPC,2013-09-09,48.19,49.2,48.14,49.08
BCPC,2013-09-10,49.25,50.21,48.95,49.78
BCPC,2013-09-11,49.51,50.03,49.27,49.75
BCPC,2013-09-12,49.56,49.81,49.0,49.07
BCPC,2013-09-13,49.4,50.49,49.25,50.07
BCPC,2013-09-16,51.17,51.17,49.57,49.83
BCPC,2013-09-17,49.73,50.29,49.25,49.5
BCPC,2013-09-18,49.63,50.76,49.1,50.74
BCPC,2013-09-19,50.76,51.09,49.14,50.28
BCPC,2013-09-20,50.26,52.0,49.76,51.32
BCPC,2013-09-23,51.6,52.16,51.3,51.96
BCPC,2013-09-24,51.84,52.92,51.77,52.19
BCPC,2013-09-25,52.14,53.14,51.36,51.53
BCPC,2013-09-26,51.98,52.36,51.44,52.31
BCPC,2013-09-27,51.68,52.05,51.35,51.45
BCPC,2013-09-30,50.67,52.08,50.67,51.75
BCPC,2013-10-01,51.68,51.9,50.88,51.62
BCPC,2013-10-02,51.3,51.75,50.63,51.12
BCPC,2013-10-03,51.04,51.04,49.45,50.12
BCPC,2013-10-04,49.88,52.0,49.85,51.24
BCPC,2013-10-07,50.82,51.74,50.82,51.48
BCPC,2013-10-08,51.26,52.14,51.26,51.94
BCPC,2013-10-09,52.0,52.47,51.93,52.25
BCPC,2013-10-10,52.96,54.39,52.28,53.81
BCPC,2013-10-11,53.46,55.49,53.2,55.39
BCPC,2013-10-14,54.85,56.35,54.33,56.26
BCPC,2013-10-15,56.1,56.53,55.58,56.05
BCPC,2013-10-16,56.34,56.34,55.69,55.86
BCPC,2013-10-17,55.72,57.26,54.97,57.14
BCPC,2013-10-18,58.22,59.31,57.62,59.08
BCPC,2013-10-21,59.13,59.47,58.04,58.07
BCPC,2013-10-22,58.05,58.84,57.72,58.35
BCPC,2013-10-23,57.87,59.0,57.87,58.78
BCPC,2013-10-24,58.75,59.25,58.44,59.13
BCPC,2013-10-25,59.53,59.53,58.01,58.66
BCPC,2013-10-28,58.73,59.25,58.19,58.57
BCPC,2013-10-29,58.93,59.05,58.0,58.74
BCPC,2013-10-30,58.97,59.04,57.53,57.76
BCPC,2013-10-31,57.8,58.17,57.19,57.26
BCPC,2013-11-01,57.04,57.24,55.4,55.71
BCPC,2013-11-04,55.7,56.96,55.12,56.52
BCPC,2013-11-05,55.97,55.97,53.52,54.17
BCPC,2013-11-06,54.51,54.8,53.22,53.73
BCPC,2013-11-07,53.76,53.76,52.05,52.28
BCPC,2013-11-08,52.09,54.37,52.09,54.15
BCPC,2013-11-11,54.26,54.26,52.79,53.05
BCPC,2013-11-12,53.09,54.2,53.05,53.99
BCPC,2013-11-13,53.83,54.4,53.44,54.33
BCPC,2013-11-14,54.24,54.56,53.84,54.56
BCPC,2013-11-15,54.39,55.2,54.06,55.1
BCPC,2013-11-18,55.2,56.55,55.2,56.5
BCPC,2013-11-19,56.5,57.52,56.11,57.24
BCPC,2013-11-20,57.54,57.54,56.79,57.12
BCPC,2013-11-21,57.56,58.21,57.0,57.92
BCPC,2013-11-22,58.08,58.97,57.02,58.77
BCPC,2013-11-25,58.73,59.58,57.95,58.13
BCPC,2013-11-26,57.41,58.23,55.82,57.77
BCPC,2013-11-27,57.77,59.29,57.56,59.11
BCPC,2013-11-29,59.67,59.76,58.93,59.15
BCPC,2013-12-02,59.28,59.55,56.68,56.97
BCPC,2013-12-03,56.77,58.42,56.27,57.63
BCPC,2013-12-04,57.52,58.71,56.86,58.39
BCPC,2013-12-05,58.22,58.99,57.63,58.42
BCPC,2013-12-06,59.27,59.8,57.59,58.85
BCPC,2013-12-09,58.93,59.39,57.68,58.06
BCPC,2013-12-10,58.1,58.1,56.9,57.28
BCPC,2013-12-11,57.52,57.52,56.01,56.21
BCPC,2013-12-12,56.25,57.19,56.16,56.65
BCPC,2013-12-13,56.99,57.6,56.04,56.97
BCPC,2013-12-16,57.48,58.96,57.35,57.55
BCPC,2013-12-17,57.53,57.53,56.2,56.69
BCPC,2013-12-18,56.56,58.48,55.7,58.44
BCPC,2013-12-19,57.99,58.45,57.5,57.68
BCPC,2013-12-20,57.97,58.69,57.24,58.05
BCPC,2013-12-23,57.98,58.52,57.3,57.89
BCPC,2013-12-24,58.02,58.87,57.61,58.18
BCPC,2013-12-26,58.6,59.75,58.08,59.43
BCPC,2013-12-27,59.83,59.97,58.87,59.14
BCPC,2013-12-30,58.95,59.29,57.96,59.09
BCPC,2013-12-31,59.32,59.82,58.5,58.7
BCPC,2014-01-02,58.67,58.7,56.82,57.17
BCPC,2014-01-03,57.03,58.1,56.53,57.87
BCPC,2014-01-06,58.0,58.0,56.48,56.77
BCPC,2014-01-07,57.15,58.0,55.75,56.89
BCPC,2014-01-08,56.66,57.43,56.23,56.53
BCPC,2014-01-09,56.52,56.8,55.64,56.22
BCPC,2014-01-10,56.35,56.78,55.64,56.55
BCPC,2014-01-13,56.02,56.8,55.57,56.37
BCPC,2014-01-14,56.67,57.91,56.15,57.53
BCPC,2014-01-15,57.96,57.96,55.54,56.81
BCPC,2014-01-16,57.21,57.42,56.7,57.11
BCPC,2014-01-17,57.31,57.31,56.7,56.78
BCPC,2014-01-21,57.25,57.65,56.7,57.58
BCPC,2014-01-22,57.79,57.92,57.01,57.39
BCPC,2014-01-23,56.94,57.17,55.85,56.8
BCPC,2014-01-24,56.17,56.28,54.51,54.87
BCPC,2014-01-27,54.49,55.63,54.13,54.61
BCPC,2014-01-28,54.54,54.87,53.07,54.69
BCPC,2014-01-29,54.19,55.11,53.76,54.01
BCPC,2014-01-30,54.53,56.03,53.5,54.75
BCPC,2014-01-31,53.56,55.31,53.56,54.52
BCPC,2014-02-03,54.04,54.15,51.63,51.82
BCPC,2014-02-04,51.77,52.45,50.53,51.78
BCPC,2014-02-05,51.5,52.25,50.51,51.48
BCPC,2014-02-06,51.7,52.49,51.12,51.32
BCPC,2014-02-07,51.48,52.36,51.05,51.33
BCPC,2014-02-10,51.1,51.58,50.05,51.12
BCPC,2014-02-11,51.26,51.99,50.72,51.58
BCPC,2014-02-12,51.74,51.94,50.76,51.0
BCPC,2014-02-13,50.56,51.53,50.56,51.25
BCPC,2014-02-14,51.31,51.44,50.24,50.72
BCPC,2014-02-18,50.77,52.03,50.77,51.43
BCPC,2014-02-19,51.5,51.89,50.41,50.51
BCPC,2014-02-20,50.69,50.69,49.42,50.18
BCPC,2014-02-21,50.57,50.57,49.75,49.81
BCPC,2014-02-24,49.8,50.46,49.49,49.84
BCPC,2014-02-25,49.98,50.35,49.85,50.1
BCPC,2014-02-26,50.3,50.88,50.08,50.32
BCPC,2014-02-27,50.34,51.0,49.78,50.76
BCPC,2014-02-28,50.84,51.11,50.26,50.51
BCPC,2014-03-03,49.83,50.4,49.0,49.63
BCPC,2014-03-04,49.84,53.06,49.61,52.64
BCPC,2014-03-05,52.21,52.95,51.71,52.66
BCPC,2014-03-06,52.93,53.5,52.65,53.16
BCPC,2014-03-07,53.35,53.64,52.97,53.14
BCPC,2014-03-10,52.83,54.03,52.83,54.03
BCPC,2014-03-11,53.86,54.73,53.35,53.71
BCPC,2014-03-12,53.28,54.28,52.65,54.25
BCPC,2014-03-13,54.51,54.8,53.85,54.15
BCPC,2014-03-14,53.94,55.28,53.94,54.94
BCPC,2014-03-17,55.03,55.91,54.65,55.33
BCPC,2014-03-18,55.57,55.89,55.03,55.75
BCPC,2014-03-19,55.62,55.96,55.05,55.28
BCPC,2014-03-20,55.25,56.0,55.0,55.18
BCPC,2014-03-21,55.25,56.06,54.78,55.58
BCPC,2014-03-24,55.6,55.8,54.8,54.98
BCPC,2014-03-25,55.3,55.6,53.83,54.11
BCPC,2014-03-26,54.13,54.13,52.22,52.28
BCPC,2014-03-27,52.43,52.7,51.35,51.86
BCPC,2014-03-28,51.71,52.5,51.11,51.19
BCPC,2014-03-31,51.61,52.23,50.87,52.12
BCPC,2014-04-01,56.57,65.89,56.15,63.98
BCPC,2014-04-02,63.58,66.34,62.96,63.1
BCPC,2014-04-03,63.31,63.33,61.26,61.27
BCPC,2014-04-04,61.0,61.48,59.45,59.71
BCPC,2014-04-07,59.67,60.49,58.88,59.2
BCPC,2014-04-08,59.08,60.97,58.94,60.24
BCPC,2014-04-09,60.5,62.0,60.25,61.77
BCPC,2014-04-10,61.59,61.92,61.22,61.63
BCPC,2014-04-11,60.94,62.68,60.94,61.99
BCPC,2014-04-14,62.18,63.23,61.87,62.59
BCPC,2014-04-15,62.76,63.61,60.98,62.28
BCPC,2014-04-16,62.52,63.28,62.07,62.63
BCPC,2014-04-17,62.72,63.78,62.6,62.96
BCPC,2014-04-21,62.83,63.45,62.1,62.88
BCPC,2014-04-22,63.01,63.66,62.35,63.01
BCPC,2014-04-23,62.98,63.58,62.27,62.34
BCPC,2014-04-24,62.74,63.16,61.95,62.69
BCPC,2014-04-25,62.25,62.99,61.76,61.83
BCPC,2014-04-28,62.16,62.74,61.29,62.01
BCPC,2014-04-29,62.16,62.65,61.3,61.44
BCPC,2014-04-30,61.44,62.13,60.36,61.95
BCPC,2014-05-01,61.58,62.12,60.52,61.38
BCPC,2014-05-02,61.6,62.63,60.94,61.43
BCPC,2014-05-05,60.56,62.01,59.52,61.16
BCPC,2014-05-06,60.72,61.9,58.0,58.0
BCPC,2014-05-07,58.23,58.61,57.08,58.42
BCPC,2014-05-08,58.32,58.51,55.25,55.44
BCPC,2014-05-09,55.57,56.42,53.86,56.02
BCPC,2014-05-12,55.49,57.0,54.51,56.74
BCPC,2014-05-13,56.79,57.18,55.0,55.09
BCPC,2014-05-14,55.26,55.26,54.11,54.41
BCPC,2014-05-15,53.78,54.03,51.59,53.15
BCPC,2014-05-16,53.1,54.14,51.01,54.14
BCPC,2014-05-19,53.75,55.23,53.75,54.7
BCPC,2014-05-20,54.68,54.68,52.99,53.46
BCPC,2014-05-21,53.52,54.36,53.29,53.81
BCPC,2014-05-22,54.0,54.57,53.82,54.12
BCPC,2014-05-23,54.29,54.62,53.8,54.49
BCPC,2014-05-27,55.19,56.12,54.73,55.5
BCPC,2014-05-28,55.41,55.88,55.05,55.35
BCPC,2014-05-29,55.71,55.95,54.91,55.09
BCPC,2014-05-30,55.32,55.71,54.71,55.14
BCPC,2014-06-02,55.12,55.7,54.04,54.89
BCPC,2014-06-03,54.19,54.84,53.26,53.89
BCPC,2014-06-04,53.43,54.41,52.74,53.51
BCPC,2014-06-05,53.82,55.03,52.78,54.99
BCPC,2014-06-06,55.47,56.28,54.99,55.74
BCPC,2014-06-09,55.63,56.56,54.7,55.2
BCPC,2014-06-10,55.15,55.17,53.89,54.49
BCPC,2014-06-11,54.36,54.98,53.7,54.57
BCPC,2014-06-12,54.5,54.8,53.25,53.75
BCPC,2014-06-13,54.02,54.38,53.05,53.98
BCPC,2014-06-16,54.1,54.17,52.8,53.27
BCPC,2014-06-17,53.16,55.6,53.0,55.3
BCPC,2014-06-18,55.05,55.05,53.46,54.8
BCPC,2014-06-19,55.0,55.0,52.98,53.17
BCPC,2014-06-20,52.99,54.18,52.96,53.89
BCPC,2014-06-23,54.01,54.01,53.29,53.6
BCPC,2014-06-24,53.4,54.23,52.48,52.48
BCPC,2014-06-25,52.25,54.26,51.83,53.95
BCPC,2014-06-26,54.2,54.2,52.74,53.06
BCPC,2014-06-27,52.47,53.9,52.4,53.88
BCPC,2014-06-30,53.55,53.88,52.8,53.56
BCPC,2014-07-01,53.56,55.9,53.05,55.04
BCPC,2014-07-02,54.65,54.99,53.65,54.68
BCPC,2014-07-03,54.83,56.01,54.58,55.42
BCPC,2014-07-07,55.22,55.4,53.91,54.17
BCPC,2014-07-08,54.17,54.68,53.15,53.65
BCPC,2014-07-09,53.83,54.45,51.12,51.48
BCPC,2014-07-10,50.58,51.0,49.6,50.7
BCPC,2014-07-11,50.49,50.87,49.71,49.99
BCPC,2014-07-14,50.71,51.0,49.98,50.25
BCPC,2014-07-15,49.73,50.17,49.05,49.79
BCPC,2014-07-16,50.06,50.74,49.38,49.99
BCPC,2014-07-17,49.42,49.86,49.04,49.08
BCPC,2014-07-18,48.91,50.52,48.91,50.33
BCPC,2014-07-21,50.12,50.63,49.54,50.32
BCPC,2014-07-22,50.57,50.87,49.76,50.04
BCPC,2014-07-23,50.37,52.0,50.33,51.89
BCPC,2014-07-24,51.28,52.16,49.82,51.35
BCPC,2014-07-25,50.83,50.88,49.43,49.52
BCPC,2014-07-28,49.79,50.04,48.89,49.76
BCPC,2014-07-29,50.18,50.84,49.7,50.33
BCPC,2014-07-30,50.88,51.44,50.48,50.99
BCPC,2014-07-31,50.65,51.09,49.13,50.0
BCPC,2014-08-01,49.9,50.41,49.34,50.3
BCPC,2014-08-04,50.59,51.03,49.94,50.93
BCPC,2014-08-05,50.69,52.28,50.53,52.16
BCPC,2014-08-06,51.51,52.85,51.51,52.62
BCPC,2014-08-07,52.7,52.71,51.36,51.79
BCPC,2014-08-08,51.18,55.68,51.18,54.5
BCPC,2014-08-11,54.56,54.56,52.78,53.1
BCPC,2014-08-12,53.02,53.17,51.93,52.69
BCPC,2014-08-13,52.96,53.28,51.9,53.07
BCPC,2014-08-14,52.96,53.41,52.38,52.97
BCPC,2014-08-15,53.53,53.98,52.61,53.46
BCPC,2014-08-18,53.92,53.99,53.17,53.46
BCPC,2014-08-19,53.65,54.11,52.69,53.76
BCPC,2014-08-20,53.66,54.1,52.24,52.92
BCPC,2014-08-21,52.71,52.99,51.65,52.94
BCPC,2014-08-22,52.89,52.89,51.84,52.31
BCPC,2014-08-25,52.44,52.99,51.76,52.13
BCPC,2014-08-26,52.1,53.66,51.86,53.33
BCPC,2014-08-27,53.34,53.41,52.09,52.34
BCPC,2014-08-28,51.97,52.02,50.97,51.05
BCPC,2014-08-29,51.07,51.75,50.71,51.44
BCPC,2014-09-02,51.62,53.16,51.39,52.81
BCPC,2014-09-03,52.98,53.37,52.71,53.27
BCPC,2014-09-04,53.33,53.95,53.1,53.86
BCPC,2014-09-05,57.49,57.99,53.56,54.07
BCPC,2014-09-08,54.0,55.32,53.55,55.27
BCPC,2014-09-09,55.12,55.25,54.6,55.03
BCPC,2014-09-10,55.21,55.75,54.9,55.51
BCPC,2014-09-11,55.25,55.64,54.5,55.2
BCPC,2014-09-12,55.2,55.5,54.63,55.19
BCPC,2014-09-15,55.08,55.78,54.35,55.16
BCPC,2014-09-16,55.35,56.5,55.35,56.43
BCPC,2014-09-17,56.28,56.87,56.01,56.5
BCPC,2014-09-18,56.77,58.54,56.77,58.48
BCPC,2014-09-19,58.64,59.38,57.39,57.7
BCPC,2014-09-22,57.28,57.5,56.75,57.44
BCPC,2014-09-23,57.05,57.55,56.79,57.21
BCPC,2014-09-24,57.23,58.14,56.67,57.84
BCPC,2014-09-25,57.85,58.2,56.43,57.51
BCPC,2014-09-26,57.44,58.02,56.86,57.7
BCPC,2014-09-29,57.25,58.13,56.73,58.08
BCPC,2014-09-30,58.21,58.51,56.55,56.57
BCPC,2014-10-01,56.62,56.74,55.1,55.24
BCPC,2014-10-02,55.2,55.71,54.54,55.5
BCPC,2014-10-03,55.94,56.11,55.0,55.19
BCPC,2014-10-06,55.18,55.47,54.36,55.0
BCPC,2014-10-07,54.39,54.82,53.73,54.0
BCPC,2014-10-08,53.74,55.38,53.12,55.01
BCPC,2014-10-09,54.83,55.06,52.44,52.45
BCPC,2014-10-10,52.32,53.34,51.85,52.01
BCPC,2014-10-13,52.03,53.61,51.65,52.91
BCPC,2014-10-14,53.54,55.44,52.58,55.08
BCPC,2014-10-15,54.17,57.23,53.62,56.92
BCPC,2014-10-16,56.01,58.1,55.94,57.59
BCPC,2014-10-17,58.4,58.59,56.79,57.19
BCPC,2014-10-20,57.07,58.5,57.07,58.42
BCPC,2014-10-21,58.79,60.0,58.19,59.9
BCPC,2014-10-22,60.0,60.94,59.05,59.34
BCPC,2014-10-23,60.16,61.14,59.71,60.48
BCPC,2014-10-24,60.29,60.92,59.94,60.25
BCPC,2014-10-27,59.94,59.96,59.01,59.52
BCPC,2014-10-28,60.1,61.99,60.1,61.89
BCPC,2014-10-29,61.83,62.47,61.03,61.59
BCPC,2014-10-30,61.39,63.48,60.83,63.13
BCPC,2014-10-31,64.54,65.24,63.45,64.7
BCPC,2014-11-03,64.91,64.91,62.61,62.77
BCPC,2014-11-04,62.43,63.74,62.11,63.03
BCPC,2014-11-05,63.52,64.29,62.78,63.66
BCPC,2014-11-06,63.54,64.26,62.82,63.54
BCPC,2014-11-07,63.6,64.05,62.9,63.99
BCPC,2014-11-10,65.51,66.25,63.11,65.73
BCPC,2014-11-11,65.89,68.82,65.75,68.29
BCPC,2014-11-12,68.24,68.68,67.75,68.46
BCPC,2014-11-13,68.31,68.31,65.89,65.94
BCPC,2014-11-14,66.16,66.49,64.74,64.84
BCPC,2014-11-17,64.93,65.34,64.07,64.61
BCPC,2014-11-18,65.11,65.62,64.31,64.72
BCPC,2014-11-19,64.65,64.65,62.83,63.56
BCPC,2014-11-20,63.44,64.57,62.8,64.33
BCPC,2014-11-21,65.53,65.58,63.39,63.61
BCPC,2014-11-24,63.73,65.17,63.64,64.8
BCPC,2014-11-25,64.8,65.63,64.27,65.14
BCPC,2014-11-26,65.15,65.93,64.78,65.86
BCPC,2014-11-28,66.22,67.49,64.8,65.0
BCPC,2014-12-01,64.92,65.3,63.53,63.61
BCPC,2014-12-02,63.61,65.37,63.24,64.3
BCPC,2014-12-03,64.15,66.16,63.44,65.44
BCPC,2014-12-04,65.43,65.72,64.24,64.89
BCPC,2014-12-05,64.92,66.16,64.34,65.13
BCPC,2014-12-08,64.94,65.04,63.53,63.93
BCPC,2014-12-09,63.27,64.63,63.2,64.0
BCPC,2014-12-10,63.76,64.12,62.43,62.68
BCPC,2014-12-11,63.23,64.05,62.71,63.55
BCPC,2014-12-12,62.71,63.73,62.56,62.81
BCPC,2014-12-15,63.35,63.98,62.37,63.35
BCPC,2014-12-16,63.31,66.1,63.01,65.24
BCPC,2014-12-17,65.26,66.59,64.72,66.55
BCPC,2014-12-18,67.47,67.5,64.25,66.13
BCPC,2014-12-19,65.97,68.33,64.9,66.43
BCPC,2014-12-22,66.73,67.67,65.75,67.54
BCPC,2014-12-23,67.82,69.92,67.3,68.35
BCPC,2014-12-24,67.89,68.32,66.77,66.8
BCPC,2014-12-26,67.14,68.3,66.9,67.85
BCPC,2014-12-29,67.8,68.41,66.54,67.11
BCPC,2014-12-30,67.11,67.53,66.09,66.09
BCPC,2014-12-31,66.48,67.87,65.72,66.64
BCPC,2015-01-02,66.87,67.03,62.97,64.18
BCPC,2015-01-05,63.99,64.33,62.12,62.26
BCPC,2015-01-06,62.3,62.97,60.09,60.56
BCPC,2015-01-07,61.19,61.55,59.4,60.94
BCPC,2015-01-08,61.64,63.1,61.04,62.44
BCPC,2015-01-09,62.5,62.94,60.66,61.17
BCPC,2015-01-12,61.41,61.83,60.62,61.37
BCPC,2015-01-13,62.01,63.07,60.73,61.29
BCPC,2015-01-14,60.36,61.95,60.3,61.57
BCPC,2015-01-15,61.93,62.13,59.85,60.03
BCPC,2015-01-16,59.82,61.96,59.05,61.91
BCPC,2015-01-20,61.4,62.5,55.57,57.08
BCPC,2015-01-21,56.5,57.05,52.07,52.8
BCPC,2015-01-22,53.67,55.71,50.81,55.56
BCPC,2015-01-23,55.75,56.02,53.57,54.0
BCPC,2015-01-26,53.99,54.59,52.91,54.08
BCPC,2015-01-27,53.53,54.34,53.07,53.74
BCPC,2015-01-28,53.87,54.28,52.86,53.43
BCPC,2015-01-29,53.33,54.63,52.76,54.59
BCPC,2015-01-30,54.07,54.74,52.85,52.97
BCPC,2015-02-02,52.96,53.44,51.25,53.11
BCPC,2015-02-03,53.2,54.7,52.98,54.61
BCPC,2015-02-04,54.18,54.67,53.26,53.66
BCPC,2015-02-05,54.08,55.52,53.46,55.21
BCPC,2015-02-06,55.32,56.26,54.35,55.82
BCPC,2015-02-09,55.69,56.23,54.16,54.36
BCPC,2015-02-10,54.93,54.93,53.21,54.14
BCPC,2015-02-11,54.1,55.26,53.69,54.96
BCPC,2015-02-12,55.52,57.39,55.52,57.34
BCPC,2015-02-13,57.41,58.22,56.8,58.18
BCPC,2015-02-17,58.18,58.48,57.6,57.88
BCPC,2015-02-18,57.6,58.67,57.15,58.4
BCPC,2015-02-19,58.43,59.17,58.08,58.52
BCPC,2015-02-20,58.47,59.02,57.3,58.9
BCPC,2015-02-23,58.34,59.85,58.24,59.38
BCPC,2015-02-24,59.24,60.0,56.72,57.71
BCPC,2015-02-25,57.89,59.58,57.8,59.46
BCPC,2015-02-26,59.2,61.34,58.87,61.32
BCPC,2015-02-27,60.99,60.99,58.71,58.92
BCPC,2015-03-02,59.0,60.01,58.4,59.24
BCPC,2015-03-03,58.83,58.83,58.02,58.37
BCPC,2015-03-04,57.86,57.97,57.25,57.68
BCPC,2015-03-05,57.75,58.05,57.11,57.3
BCPC,2015-03-06,56.75,57.24,55.73,56.1
BCPC,2015-03-09,56.37,56.98,56.19,56.43
BCPC,2015-03-10,55.87,56.26,55.41,55.72
BCPC,2015-03-11,55.63,56.8,55.5,56.71
BCPC,2015-03-12,57.0,57.3,55.45,56.73
BCPC,2015-03-13,56.84,57.22,55.74,56.67
BCPC,2015-03-16,56.73,57.03,55.73,56.2
BCPC,2015-03-17,55.83,56.26,55.48,55.93
BCPC,2015-03-18,55.99,56.14,55.0,55.59
BCPC,2015-03-19,55.25,55.77,55.25,55.53
BCPC,2015-03-20,55.96,56.09,55.22,55.44
BCPC,2015-03-23,55.44,57.67,55.36,55.9
BCPC,2015-03-24,55.9,56.86,55.56,56.52
BCPC,2015-03-25,56.55,57.34,55.73,56.55
BCPC,2015-03-26,56.52,57.39,55.81,56.89
BCPC,2015-03-27,56.78,57.31,56.38,56.4
BCPC,2015-03-30,56.85,57.2,55.96,56.12
BCPC,2015-03-31,55.96,55.96,54.23,55.38
BCPC,2015-04-01,55.19,55.97,55.12,55.82
BCPC,2015-04-02,56.3,56.78,55.89,56.28
BCPC,2015-04-06,55.78,57.03,55.31,55.79
BCPC,2015-04-07,55.79,56.07,55.27,55.75
BCPC,2015-04-08,55.51,56.23,55.51,55.84
BCPC,2015-04-09,55.64,56.36,55.62,55.85
BCPC,2015-04-10,56.26,56.47,55.12,55.22
BCPC,2015-04-13,55.03,55.45,53.75,53.86
BCPC,2015-04-14,54.09,54.55,53.21,54.52
BCPC,2015-04-15,54.7,57.15,54.7,56.63
BCPC,2015-04-16,56.65,58.38,56.46,57.43
BCPC,2015-04-17,56.94,57.78,56.55,57.29
BCPC,2015-04-20,57.71,58.02,56.93,57.42
BCPC,2015-04-21,57.6,57.71,56.71,56.72
BCPC,2015-04-22,55.11,56.48,53.08,55.72
BCPC,2015-04-23,55.74,55.99,53.29,54.8
BCPC,2015-04-24,54.85,55.43,54.34,54.87
BCPC,2015-04-27,54.94,55.91,54.43,54.64
BCPC,2015-04-28,54.54,55.39,54.46,54.87
BCPC,2015-04-29,54.67,54.89,53.6,53.79
BCPC,2015-04-30,53.15,53.71,52.39,52.42
BCPC,2015-05-01,52.54,53.2,52.02,52.63
BCPC,2015-05-04,52.87,53.92,52.77,53.01
BCPC,2015-05-05,53.81,56.0,51.83,54.56
BCPC,2015-05-06,54.54,57.48,54.54,57.45
BCPC,2015-05-07,57.25,58.38,56.77,57.98
BCPC,2015-05-08,57.75,58.41,57.14,57.18
BCPC,2015-05-11,57.58,57.66,56.59,56.75
BCPC,2015-05-12,56.71,56.8,55.02,56.09
BCPC,2015-05-13,56.35,56.77,55.65,56.18
BCPC,2015-05-14,56.39,57.78,55.85,57.31
BCPC,2015-05-15,57.02,57.71,56.29,57.66
BCPC,2015-05-18,57.66,59.39,57.35,59.08
BCPC,2015-05-19,59.13,59.15,57.84,58.34
BCPC,2015-05-20,58.72,58.95,57.3,58.39
BCPC,2015-05-21,58.23,59.31,58.0,59.01
BCPC,2015-05-22,58.98,59.22,57.88,58.11
BCPC,2015-05-26,57.92,57.96,56.65,57.84
BCPC,2015-05-27,57.78,58.1,57.15,57.94
BCPC,2015-05-28,57.74,58.33,56.74,57.38
BCPC,2015-05-29,57.48,57.48,56.38,56.46
BCPC,2015-06-01,57.03,57.61,56.08,56.85
BCPC,2015-06-02,56.5,57.72,56.22,57.48
BCPC,2015-06-03,57.49,58.99,57.2,58.88
BCPC,2015-06-04,58.39,58.87,57.12,57.66
BCPC,2015-06-05,57.42,58.91,57.01,58.49
BCPC,2015-06-08,58.51,59.0,58.16,58.64
BCPC,2015-06-09,58.58,59.41,58.2,59.1
BCPC,2015-06-10,59.38,61.22,59.15,60.5
BCPC,2015-06-11,60.75,61.27,59.9,61.02
BCPC,2015-06-12,60.61,61.72,60.22,61.46
BCPC,2015-06-15,61.15,61.94,60.18,61.72
BCPC,2015-06-16,61.41,63.86,61.41,63.08
BCPC,2015-06-17,63.48,63.6,62.84,63.15
BCPC,2015-06-18,62.2,64.5,62.2,63.76
BCPC,2015-06-19,63.87,64.06,63.36,64.0
BCPC,2015-06-22,64.17,64.63,63.55,63.88
BCPC,2015-06-23,63.8,64.26,63.62,63.81
BCPC,2015-06-24,63.62,63.68,58.08,58.42
BCPC,2015-06-25,58.83,58.83,56.97,57.94
BCPC,2015-06-26,58.18,58.63,57.29,58.55
BCPC,2015-06-29,58.03,58.23,56.13,56.22
BCPC,2015-06-30,56.65,57.28,55.51,55.72
BCPC,2015-07-01,55.97,56.86,55.8,56.81
BCPC,2015-07-02,56.95,57.76,56.2,56.41
BCPC,2015-07-06,56.16,56.71,55.49,56.18
BCPC,2015-07-07,56.03,56.03,54.76,55.34
BCPC,2015-07-08,54.96,54.96,51.88,53.49
BCPC,2015-07-09,54.36,54.55,52.17,54.0
BCPC,2015-07-10,54.65,55.68,54.13,55.49
BCPC,2015-07-13,55.5,55.55,54.72,55.05
BCPC,2015-07-14,55.16,55.43,54.81,55.43
BCPC,2015-07-15,55.36,55.93,55.0,55.59
BCPC,2015-07-16,56.08,56.17,55.33,56.05
BCPC,2015-07-17,56.25,56.25,54.0,55.65
BCPC,2015-07-20,55.6,57.35,55.12,56.01
BCPC,2015-07-21,56.05,56.77,54.52,55.06
BCPC,2015-07-22,55.05,56.13,54.67,56.03
BCPC,2015-07-23,55.84,56.38,55.05,55.31
BCPC,2015-07-24,55.16,55.59,53.81,54.8
BCPC,2015-07-27,54.78,56.13,53.84,55.62
BCPC,2015-07-28,55.69,57.26,54.46,56.42
BCPC,2015-07-29,56.15,57.13,56.04,56.08
BCPC,2015-07-30,56.01,56.12,54.84,55.15
BCPC,2015-07-31,55.45,57.7,55.33,56.67
BCPC,2015-08-03,56.44,57.02,54.52,56.09
BCPC,2015-08-04,55.98,58.7,54.74,58.54
BCPC,2015-08-05,58.48,63.41,58.48,61.49
BCPC,2015-08-06,61.31,62.58,60.67,61.56
BCPC,2015-08-07,61.1,63.02,61.1,61.72
BCPC,2015-08-10,62.02,62.4,59.51,61.29
BCPC,2015-08-11,60.95,62.46,60.67,62.0
BCPC,2015-08-12,61.66,62.04,60.91,61.02
BCPC,2015-08-13,61.3,62.24,60.54,60.94
BCPC,2015-08-14,60.65,61.17,59.78,60.4
BCPC,2015-08-17,60.35,61.25,59.94,61.03
BCPC,2015-08-18,61.39,61.93,59.5,60.7
BCPC,2015-08-19,60.25,60.69,59.26,60.51
BCPC,2015-08-20,60.09,60.54,58.92,59.0
BCPC,2015-08-21,57.76,59.04,56.37,57.76
BCPC,2015-08-24,55.54,58.4,55.05,56.74
BCPC,2015-08-25,58.19,58.19,55.05,55.19
BCPC,2015-08-26,56.33,56.88,54.83,56.72
BCPC,2015-08-27,56.88,58.39,56.49,57.78
BCPC,2015-08-28,57.17,58.73,57.09,58.23
BCPC,2015-08-31,57.86,58.9,57.75,58.53
BCPC,2015-09-01,57.46,58.75,57.2,57.71
BCPC,2015-09-02,58.26,58.77,57.37,58.73
BCPC,2015-09-03,58.52,58.97,57.05,57.16
BCPC,2015-09-04,56.57,57.72,56.3,57.37
BCPC,2015-09-08,57.94,58.18,56.93,57.55
BCPC,2015-09-09,57.81,58.18,57.15,57.35
BCPC,2015-09-10,57.34,57.85,56.84,57.14
BCPC,2015-09-11,56.7,57.71,56.5,57.53
BCPC,2015-09-14,57.49,57.93,56.24,56.47
BCPC,2015-09-15,56.76,58.63,56.56,58.38
BCPC,2015-09-16,58.2,61.0,58.1,60.32
BCPC,2015-09-17,60.15,61.07,59.85,60.42
BCPC,2015-09-18,60.3,60.54,59.95,60.27
BCPC,2015-09-21,60.89,61.19,60.17,60.49
BCPC,2015-09-22,59.88,60.46,58.33,59.25
BCPC,2015-09-23,59.52,59.73,58.56,58.82
BCPC,2015-09-24,58.29,60.1,58.1,60.02
BCPC,2015-09-25,60.21,61.78,59.5,61.23
BCPC,2015-09-28,61.28,61.28,59.57,60.01
BCPC,2015-09-29,60.08,60.26,59.06,59.7
BCPC,2015-09-30,60.35,61.38,60.23,60.77
BCPC,2015-10-01,60.7,61.1,59.6,60.34
BCPC,2015-10-02,60.0,61.74,59.4,61.74
BCPC,2015-10-05,62.0,63.18,62.0,62.96
BCPC,2015-10-06,62.92,63.5,62.18,63.13
BCPC,2015-10-07,63.64,64.07,62.87,63.35
BCPC,2015-10-08,63.12,64.78,63.12,64.67
BCPC,2015-10-09,64.92,67.03,64.76,66.23
BCPC,2015-10-12,66.2,66.57,65.19,66.19
BCPC,2015-10-13,65.77,66.52,63.0,66.29
BCPC,2015-10-14,66.11,66.89,65.56,65.81
BCPC,2015-10-15,65.85,67.0,64.93,66.89
BCPC,2015-10-16,67.17,68.73,66.77,68.1
BCPC,2015-10-19,68.11,69.0,67.34,68.39
BCPC,2015-10-20,68.2,68.88,66.36,66.5
BCPC,2015-10-21,66.5,67.44,65.13,65.68
BCPC,2015-10-22,66.1,67.15,65.49,66.23
BCPC,2015-10-23,66.94,67.47,66.52,67.15
BCPC,2015-10-26,66.84,68.1,66.64,67.04
BCPC,2015-10-27,66.62,66.95,65.4,66.14
BCPC,2015-10-28,66.21,68.83,65.93,68.82
BCPC,2015-10-29,68.37,70.91,68.37,69.65
BCPC,2015-10-30,69.73,69.97,68.08,68.3
BCPC,2015-11-02,68.36,69.5,68.35,68.88
BCPC,2015-11-03,69.15,69.15,65.76,66.0
BCPC,2015-11-04,65.77,67.33,63.89,64.24
BCPC,2015-11-05,64.41,65.23,63.12,64.69
BCPC,2015-11-06,64.79,65.49,64.05,65.02
BCPC,2015-11-09,65.16,65.28,63.75,64.97
BCPC,2015-11-10,64.82,65.6,63.7,65.21
BCPC,2015-11-11,65.61,66.32,64.53,64.58
BCPC,2015-11-12,64.15,64.71,62.42,62.5
BCPC,2015-11-13,61.95,63.55,61.78,62.71
BCPC,2015-11-16,62.59,63.17,61.98,63.09
BCPC,2015-11-17,63.02,64.54,62.57,64.39
BCPC,2015-11-18,64.34,65.78,64.1,65.56
BCPC,2015-11-19,65.73,65.73,64.08,64.38
BCPC,2015-11-20,64.8,66.06,64.8,65.1
BCPC,2015-11-23,64.74,65.8,64.56,65.12
BCPC,2015-11-24,65.01,67.69,64.47,67.57
BCPC,2015-11-25,67.44,67.85,66.78,67.45
BCPC,2015-11-27,67.28,68.59,66.68,67.71
BCPC,2015-11-30,68.05,68.87,67.74,68.49
BCPC,2015-12-01,68.9,68.9,67.16,67.77
BCPC,2015-12-02,67.85,68.57,67.62,67.91
BCPC,2015-12-03,68.02,69.51,67.79,68.26
BCPC,2015-12-04,68.23,69.03,67.67,68.88
BCPC,2015-12-07,68.58,68.58,64.52,66.15
BCPC,2015-12-08,65.82,66.43,60.0,65.06
BCPC,2015-12-09,64.99,65.71,64.12,64.37
BCPC,2015-12-10,64.19,64.85,62.81,62.95
BCPC,2015-12-11,61.9,62.9,61.6,62.77
BCPC,2015-12-14,62.5,63.11,60.96,61.26
BCPC,2015-12-15,61.65,62.3,60.6,61.72
BCPC,2015-12-16,62.0,62.6,60.68,62.35
BCPC,2015-12-17,62.4,62.82,61.75,61.81
BCPC,2015-12-18,61.56,62.17,61.06,61.21
BCPC,2015-12-21,61.71,62.54,61.19,61.81
BCPC,2015-12-22,61.72,62.58,60.91,61.87
BCPC,2015-12-23,61.76,62.76,61.45,62.67
BCPC,2015-12-24,62.68,62.99,62.39,62.44
BCPC,2015-12-28,62.37,63.15,61.74,62.8
BCPC,2015-12-29,62.7,63.62,62.21,63.23
BCPC,2015-12-30,63.33,63.61,62.1,62.18
BCPC,2015-12-31,62.13,62.13,60.79,60.8
BCPC,2016-01-04,59.92,59.99,56.97,58.12
BCPC,2016-01-05,58.37,59.9,58.03,59.8
BCPC,2016-01-06,58.89,65.71,58.76,60.09
BCPC,2016-01-07,59.18,60.44,58.43,58.93
BCPC,2016-01-08,59.15,59.96,58.3,58.92
BCPC,2016-01-11,59.25,59.25,57.83,58.53
BCPC,2016-01-12,58.88,58.99,57.06,57.36
BCPC,2016-01-13,57.48,58.09,55.13,55.96
BCPC,2016-01-14,56.4,58.63,55.71,57.69
BCPC,2016-01-15,56.34,57.69,55.82,57.57
BCPC,2016-01-19,57.96,57.96,53.15,54.38
BCPC,2016-01-20,53.66,56.54,53.11,55.68
BCPC,2016-01-21,55.71,56.58,53.79,54.45
BCPC,2016-01-22,55.0,56.39,54.04,55.16
BCPC,2016-01-25,54.73,55.13,53.3,53.56
BCPC,2016-01-26,53.83,57.28,53.83,54.77
BCPC,2016-01-27,54.35,55.13,53.26,53.34
BCPC,2016-01-28,54.01,55.0,53.52,54.12
BCPC,2016-01-29,54.33,56.32,53.87,56.14
BCPC,2016-02-01,55.89,57.6,55.12,56.58
BCPC,2016-02-02,58.23,64.53,58.18,63.07
BCPC,2016-02-03,63.67,65.44,62.58,65.02
BCPC,2016-02-04,65.02,65.94,62.18,62.46
BCPC,2016-02-05,62.58,63.17,61.2,61.42
BCPC,2016-02-08,61.0,62.52,60.34,61.97
BCPC,2016-02-09,61.55,63.28,61.0,62.66
BCPC,2016-02-10,63.16,63.78,61.93,62.1
BCPC,2016-02-11,61.04,62.56,60.71,61.76
BCPC,2016-02-12,62.25,63.82,61.52,63.11
BCPC,2016-02-16,63.74,64.51,63.0,64.3
BCPC,2016-02-17,64.53,64.6,62.35,63.15
BCPC,2016-02-18,63.1,63.56,62.3,63.07
BCPC,2016-02-19,62.97,64.36,61.46,62.73
BCPC,2016-02-22,63.17,63.24,61.55,61.95
BCPC,2016-02-23,61.8,62.72,60.62,60.85
BCPC,2016-02-24,60.39,62.73,59.92,62.61
BCPC,2016-02-25,62.59,63.34,61.8,62.51
BCPC,2016-02-26,63.06,63.26,61.61,63.05
BCPC,2016-02-29,63.46,65.0,62.48,63.27
BCPC,2016-03-01,63.38,64.29,62.59,62.81
BCPC,2016-03-02,63.04,64.03,62.52,63.63
BCPC,2016-03-03,63.38,64.26,63.05,63.56
BCPC,2016-03-04,63.86,65.44,63.46,65.07
BCPC,2016-03-07,64.95,65.75,64.63,64.98
BCPC,2016-03-08,63.0,63.19,58.03,58.93
BCPC,2016-03-09,58.93,60.16,58.66,59.9
BCPC,2016-03-10,60.07,62.0,58.27,59.01
BCPC,2016-03-11,59.24,63.09,58.55,60.42
BCPC,2016-03-14,60.2,60.24,58.23,58.78
BCPC,2016-03-15,58.62,59.14,58.26,58.29
BCPC,2016-03-16,58.04,58.56,56.96,57.02
BCPC,2016-03-17,56.82,60.04,56.82,59.97
BCPC,2016-03-18,60.39,61.86,60.18,61.78
BCPC,2016-03-21,61.48,62.0,59.97,59.98
BCPC,2016-03-22,59.5,60.44,59.0,59.71
BCPC,2016-03-23,59.55,60.06,59.04,59.41
BCPC,2016-03-24,59.43,60.58,59.02,60.34
BCPC,2016-03-28,60.34,60.98,59.78,60.31
BCPC,2016-03-29,60.3,61.31,59.75,61.1
BCPC,2016-03-30,61.2,61.98,58.55,61.52
BCPC,2016-03-31,61.3,63.44,61.3,62.02
BCPC,2016-04-01,61.68,62.28,60.88,61.73
BCPC,2016-04-04,61.59,62.89,60.81,62.0
BCPC,2016-04-05,61.7,62.56,61.04,61.47
BCPC,2016-04-06,61.66,62.49,61.07,62.42
BCPC,2016-04-07,61.85,62.83,59.95,60.26
BCPC,2016-04-08,60.95,61.34,60.08,60.74
BCPC,2016-04-11,61.0,61.61,59.94,61.07
BCPC,2016-04-12,61.04,62.27,59.96,61.69
BCPC,2016-04-13,61.9,62.99,60.73,62.81
BCPC,2016-04-14,62.98,62.98,61.7,62.45
BCPC,2016-04-15,62.08,63.43,61.28,62.27
BCPC,2016-04-18,62.21,63.79,61.93,63.33
BCPC,2016-04-19,63.54,63.9,62.74,63.19
BCPC,2016-04-20,63.1,64.04,62.04,63.93
BCPC,2016-04-21,64.13,64.28,63.22,63.39
BCPC,2016-04-22,63.39,64.23,63.19,63.67
BCPC,2016-04-25,63.47,63.98,62.88,63.33
BCPC,2016-04-26,63.77,64.75,63.7,64.29
BCPC,2016-04-27,64.01,64.7,62.64,62.92
BCPC,2016-04-28,62.92,62.95,61.89,61.98
BCPC,2016-04-29,61.14,62.23,60.98,61.36
BCPC,2016-05-02,61.14,63.4,61.14,62.91
BCPC,2016-05-03,62.25,62.89,60.96,61.46
BCPC,2016-05-04,61.41,62.47,60.54,62.05
BCPC,2016-05-05,62.01,63.28,61.48,63.0
BCPC,2016-05-06,62.81,63.83,61.48,63.81
BCPC,2016-05-09,63.59,64.08,61.65,63.65
BCPC,2016-05-10,63.25,64.48,58.66,64.35
BCPC,2016-05-11,64.24,65.0,61.7,63.5
BCPC,2016-05-12,63.92,64.21,61.19,62.2
BCPC,2016-05-13,62.25,63.11,61.25,61.68
BCPC,2016-05-16,61.79,63.07,61.79,62.3
BCPC,2016-05-17,61.99,63.21,57.63,58.31
BCPC,2016-05-18,58.01,60.18,57.53,59.25
BCPC,2016-05-19,58.66,59.48,56.6,57.37
BCPC,2016-05-20,57.73,58.12,57.1,57.48
BCPC,2016-05-23,57.37,58.37,57.18,58.25
BCPC,2016-05-24,58.32,60.08,58.32,59.88
BCPC,2016-05-25,59.78,60.95,59.69,60.28
BCPC,2016-05-26,60.24,60.24,58.95,59.6
BCPC,2016-05-27,59.5,60.02,59.32,59.88
BCPC,2016-05-31,60.21,60.25,59.54,59.95
BCPC,2016-06-01,59.77,59.86,58.13,59.42
BCPC,2016-06-02,59.26,59.9,58.77,59.87
BCPC,2016-06-03,59.79,59.84,58.97,59.59
BCPC,2016-06-06,59.55,61.0,59.5,60.94
BCPC,2016-06-07,60.86,62.28,60.66,61.85
BCPC,2016-06-08,61.97,62.85,61.6,62.66
BCPC,2016-06-09,62.39,62.75,62.23,62.59
BCPC,2016-06-10,62.13,62.56,61.26,61.43
BCPC,2016-06-13,61.24,62.02,60.8,61.02
BCPC,2016-06-14,60.97,61.66,60.18,61.49
BCPC,2016-06-15,61.74,62.09,60.16,60.29
BCPC,2016-06-16,59.69,60.47,59.01,60.03
BCPC,2016-06-17,60.21,60.21,58.72,58.82
BCPC,2016-06-20,59.67,60.66,59.49,59.68
BCPC,2016-06-21,59.7,59.83,58.93,59.33
BCPC,2016-06-22,59.6,60.19,58.82,59.29
BCPC,2016-06-23,60.01,61.03,59.95,60.76
BCPC,2016-06-24,58.5,59.91,58.42,59.17
BCPC,2016-06-27,58.68,58.7,57.61,57.96
BCPC,2016-06-28,58.43,58.97,57.05,57.31
BCPC,2016-06-29,58.18,58.53,57.99,58.32
BCPC,2016-06-30,58.63,59.73,57.64,59.65
BCPC,2016-07-01,59.53,61.21,59.52,61.19
BCPC,2016-07-05,61.03,61.74,59.67,60.22
BCPC,2016-07-06,59.8,60.11,59.09,59.54
BCPC,2016-07-07,59.5,59.93,59.07,59.86
BCPC,2016-07-08,60.46,61.98,60.24,61.95
BCPC,2016-07-11,62.02,62.02,60.88,61.67
BCPC,2016-07-12,62.06,63.96,61.98,63.36
BCPC,2016-07-13,63.86,64.07,62.93,63.76
BCPC,2016-07-14,64.04,64.32,62.29,62.89
BCPC,2016-07-15,63.29,63.75,62.69,63.26
BCPC,2016-07-18,63.12,63.47,62.42,62.67
BCPC,2016-07-19,62.65,63.18,62.37,62.7
BCPC,2016-07-20,62.7,63.9,62.2,63.36
BCPC,2016-07-21,63.39,63.77,62.41,62.88
BCPC,2016-07-22,62.75,63.8,62.53,63.51
BCPC,2016-07-25,63.22,63.22,61.75,62.28
BCPC,2016-07-26,62.33,62.43,61.03,62.01
BCPC,2016-07-27,61.98,63.61,61.83,63.59
BCPC,2016-07-28,63.27,63.69,62.8,63.39
BCPC,2016-07-29,63.56,63.99,62.75,63.87
BCPC,2016-08-01,63.7,64.62,63.58,64.55
BCPC,2016-08-02,64.34,64.5,63.69,64.05
BCPC,2016-08-03,64.21,64.61,63.65,64.55
BCPC,2016-08-04,64.29,64.54,64.05,64.44
BCPC,2016-08-05,64.6,65.49,62.92,65.23
BCPC,2016-08-08,64.99,65.38,64.62,65.28
BCPC,2016-08-09,65.07,65.74,64.63,65.54
BCPC,2016-08-10,65.37,66.02,64.78,65.73
BCPC,2016-08-11,65.97,66.0,65.54,65.83
BCPC,2016-08-12,65.77,66.22,65.55,66.15
BCPC,2016-08-15,65.99,66.63,65.99,66.57
BCPC,2016-08-16,66.41,66.98,66.19,66.88
BCPC,2016-08-17,66.66,67.59,66.46,66.86
BCPC,2016-08-18,66.97,68.0,66.95,67.97
BCPC,2016-08-19,67.95,68.84,67.4,67.89
BCPC,2016-08-22,67.84,68.47,67.52,68.11
BCPC,2016-08-23,68.54,69.0,68.45,68.9
BCPC,2016-08-24,68.72,69.26,67.57,68.84
BCPC,2016-08-25,68.76,69.67,68.3,69.5
BCPC,2016-08-26,69.54,69.7,68.28,68.61
BCPC,2016-08-29,68.69,69.71,68.41,69.36
BCPC,2016-08-30,69.36,69.87,69.3,69.65
BCPC,2016-08-31,69.66,70.35,69.04,70.03
BCPC,2016-09-01,70.32,70.32,68.87,69.8
BCPC,2016-09-02,70.19,70.29,69.48,70.02
BCPC,2016-09-06,70.05,70.18,69.04,69.6
BCPC,2016-09-07,69.61,70.0,69.44,69.99
BCPC,2016-09-08,69.9,69.9,68.77,68.99
BCPC,2016-09-09,68.39,68.43,66.54,66.54
BCPC,2016-09-12,66.45,67.69,66.33,67.69
BCPC,2016-09-13,67.0,67.57,66.02,66.15
BCPC,2016-09-14,66.36,66.69,66.04,66.25
BCPC,2016-09-15,66.29,66.9,65.97,66.84
BCPC,2016-09-16,67.1,67.15,65.37,66.52
BCPC,2016-09-19,66.52,67.07,66.2,66.66
BCPC,2016-09-20,66.98,68.38,66.66,67.7
BCPC,2016-09-21,68.01,68.81,67.57,68.74
BCPC,2016-09-22,69.0,70.15,68.99,70.08
BCPC,2016-09-23,69.52,70.92,69.3,70.45
BCPC,2016-09-26,70.0,70.93,68.9,69.09
BCPC,2016-09-27,69.3,72.46,68.3,71.04
BCPC,2016-09-28,70.85,77.96,70.06,76.7
BCPC,2016-09-29,76.46,77.12,75.49,76.63
BCPC,2016-09-30,77.25,78.24,75.59,77.53
BCPC,2016-10-03,77.64,78.42,76.67,78.38
BCPC,2016-10-04,78.23,78.77,77.77,78.36
BCPC,2016-10-05,78.85,79.16,78.22,78.7
BCPC,2016-10-06,78.37,79.49,77.98,79.46
BCPC,2016-10-07,79.44,79.44,78.12,78.22
BCPC,2016-10-10,78.26,79.88,78.26,79.16
BCPC,2016-10-11,78.83,79.13,77.13,77.68
BCPC,2016-10-12,77.41,77.9,76.36,76.79
BCPC,2016-10-13,76.21,77.12,75.79,76.3
BCPC,2016-10-14,76.88,76.88,75.58,75.81
BCPC,2016-10-17,75.77,76.41,75.28,76.28
BCPC,2016-10-18,77.0,77.17,75.89,75.96
BCPC,2016-10-19,76.03,76.36,75.38,75.58
BCPC,2016-10-20,75.44,76.14,75.09,75.54
BCPC,2016-10-21,74.99,75.99,74.05,75.95
BCPC,2016-10-24,76.3,77.99,75.53,76.5
BCPC,2016-10-25,76.46,77.01,75.59,75.81
BCPC,2016-10-26,75.42,75.95,74.26,75.02
BCPC,2016-10-27,75.17,75.22,74.05,74.68
BCPC,2016-10-28,74.81,75.94,74.81,75.57
BCPC,2016-10-31,75.57,76.5,74.19,75.9
BCPC,2016-11-01,76.05,76.05,73.85,74.2
BCPC,2016-11-02,73.94,75.2,73.12,73.9
BCPC,2016-11-03,74.07,74.15,70.9,71.78
BCPC,2016-11-04,71.23,75.28,67.85,70.42
BCPC,2016-11-07,70.47,70.52,68.29,68.58
BCPC,2016-11-08,68.72,68.8,67.71,68.53
BCPC,2016-11-09,68.38,72.44,68.29,72.34
BCPC,2016-11-10,73.21,76.07,72.15,74.85
BCPC,2016-11-11,74.96,78.07,74.4,77.91
BCPC,2016-11-14,78.4,79.13,76.75,79.01
BCPC,2016-11-15,78.69,78.94,77.16,78.26
BCPC,2016-11-16,77.55,78.86,76.89,78.2
BCPC,2016-11-17,78.28,79.46,77.01,77.23
BCPC,2016-11-18,77.51,79.18,75.83,78.4
BCPC,2016-11-21,78.43,78.94,77.85,78.48
BCPC,2016-11-22,78.83,80.25,78.06,80.03
BCPC,2016-11-23,79.56,79.62,77.95,78.04
BCPC,2016-11-25,78.32,78.98,78.32,78.96
BCPC,2016-11-28,78.64,79.99,78.02,79.39
BCPC,2016-11-29,79.71,79.96,78.34,78.42
BCPC,2016-11-30,79.14,80.0,77.9,79.86
BCPC,2016-12-01,79.71,81.19,78.95,79.91
BCPC,2016-12-02,79.72,80.8,79.02,80.62
BCPC,2016-12-05,80.99,82.26,79.83,80.26
BCPC,2016-12-06,80.0,84.42,80.0,84.11
BCPC,2016-12-07,83.8,84.99,82.18,84.73
BCPC,2016-12-08,84.92,87.48,84.41,87.4
BCPC,2016-12-09,87.14,88.76,86.62,87.56
BCPC,2016-12-12,87.53,87.65,81.81,87.28
BCPC,2016-12-13,87.57,87.98,85.39,86.89
BCPC,2016-12-14,86.75,87.72,85.04,86.21
BCPC,2016-12-15,85.95,87.96,85.34,85.99
BCPC,2016-12-16,86.3,86.51,83.23,83.46
BCPC,2016-12-19,83.99,84.84,82.36,82.52
BCPC,2016-12-20,83.25,83.79,82.23,82.94
BCPC,2016-12-21,82.06,83.33,81.79,82.96
BCPC,2016-12-22,82.78,83.21,80.91,80.97
BCPC,2016-12-23,80.83,83.31,80.83,83.31
BCPC,2016-12-27,83.55,84.86,83.55,84.0
BCPC,2016-12-28,84.21,84.31,82.63,83.21
BCPC,2016-12-29,83.54,83.89,82.55,83.03
BCPC,2016-12-30,83.26,84.0,82.54,83.92
BCPC,2017-01-03,84.06,84.06,82.75,83.26
BCPC,2017-01-04,83.49,85.2,81.38,84.78
BCPC,2017-01-05,84.56,84.86,83.54,83.99
BCPC,2017-01-06,84.24,84.24,82.2,83.0
BCPC,2017-01-09,82.36,83.41,82.0,83.01
BCPC,2017-01-10,82.72,83.42,80.68,82.69
BCPC,2017-01-11,82.76,83.93,82.66,83.78
BCPC,2017-01-12,83.26,83.79,82.17,83.34
BCPC,2017-01-13,83.7,84.58,83.03,83.6
BCPC,2017-01-17,83.07,83.07,81.99,81.99
BCPC,2017-01-18,82.14,82.86,81.27,82.1
BCPC,2017-01-19,82.28,82.44,81.06,81.53
BCPC,2017-01-20,81.48,82.32,80.61,81.03
BCPC,2017-01-23,80.49,82.61,80.49,82.32
BCPC,2017-01-24,82.42,84.71,82.32,84.45
BCPC,2017-01-25,84.99,85.9,84.07,85.62
BCPC,2017-01-26,85.5,85.8,83.99,84.46
BCPC,2017-01-27,84.52,85.6,83.92,85.41
BCPC,2017-01-30,85.17,85.53,83.16,85.12
BCPC,2017-01-31,85.08,85.53,84.08,85.24
BCPC,2017-02-01,85.83,86.99,85.65,86.66
BCPC,2017-02-02,86.51,86.96,83.31,83.5
BCPC,2017-02-03,84.16,84.75,83.53,84.65
BCPC,2017-02-06,84.39,84.42,83.49,84.24
BCPC,2017-02-07,84.41,84.41,82.18,82.82
BCPC,2017-02-08,82.59,83.28,81.61,82.88
BCPC,2017-02-09,82.93,85.26,82.93,85.0
BCPC,2017-02-10,85.3,86.2,84.38,86.01
BCPC,2017-02-13,86.26,86.91,85.33,85.82
BCPC,2017-02-14,85.25,85.25,83.18,83.69
BCPC,2017-02-15,84.23,85.74,83.3,85.54
BCPC,2017-02-16,85.85,85.85,83.96,84.03
BCPC,2017-02-17,84.0,84.22,83.38,83.87
BCPC,2017-02-21,84.38,85.62,83.39,85.4
BCPC,2017-02-22,85.01,85.5,83.86,84.35
BCPC,2017-02-23,84.43,84.77,82.9,84.48
BCPC,2017-02-24,84.39,84.99,83.31,84.24
BCPC,2017-02-27,84.23,85.42,84.23,84.82
BCPC,2017-02-28,86.12,89.37,84.76,87.17
BCPC,2017-03-01,88.11,89.5,87.6,89.23
BCPC,2017-03-02,89.48,89.48,87.81,88.14
BCPC,2017-03-03,88.04,88.16,86.59,86.7
BCPC,2017-03-06,86.23,86.71,85.35,85.86
BCPC,2017-03-07,85.61,86.82,85.41,86.12
BCPC,2017-03-08,85.8,87.42,85.19,85.28
BCPC,2017-03-09,85.25,85.61,84.41,84.88
BCPC,2017-03-10,85.59,85.65,84.06,84.26
BCPC,2017-03-13,84.26,84.28,83.25,83.31
BCPC,2017-03-14,83.0,83.82,82.22,83.29
BCPC,2017-03-15,83.54,85.89,82.8,85.46
BCPC,2017-03-16,85.87,85.88,84.29,84.77
BCPC,2017-03-17,84.13,86.14,83.97,85.81
BCPC,2017-03-20,85.6,85.88,84.06,84.12
BCPC,2017-03-21,84.5,84.5,81.81,81.83
BCPC,2017-03-22,81.54,82.21,81.32,81.97
BCPC,2017-03-23,81.71,83.12,81.63,82.09
BCPC,2017-03-24,82.16,82.16,80.52,81.0
BCPC,2017-03-27,80.08,81.92,79.19,81.25
BCPC,2017-03-28,80.81,81.86,80.18,81.8
BCPC,2017-03-29,81.52,82.12,81.25,81.69
BCPC,2017-03-30,81.9,83.85,80.48,82.68
BCPC,2017-03-31,82.55,83.64,81.65,82.42
BCPC,2017-04-03,82.48,83.42,79.84,79.96
BCPC,2017-04-04,79.76,80.93,79.32,80.53
BCPC,2017-04-05,80.92,81.05,77.98,78.27
BCPC,2017-04-06,78.33,79.42,77.75,78.77
BCPC,2017-04-07,78.25,79.22,77.76,77.98
BCPC,2017-04-10,77.72,78.82,77.45,78.11
BCPC,2017-04-11,77.65,78.26,77.53,78.03
BCPC,2017-04-12,77.86,77.94,76.69,76.93
BCPC,2017-04-13,76.68,77.15,75.56,75.59
BCPC,2017-04-17,75.75,76.91,75.22,76.77
BCPC,2017-04-18,76.28,77.24,76.12,76.89
BCPC,2017-04-19,77.3,78.1,76.89,77.17
BCPC,2017-04-20,77.59,78.07,77.23,77.94
BCPC,2017-04-21,78.08,78.64,77.74,78.31
BCPC,2017-04-24,79.02,80.41,78.91,79.37
BCPC,2017-04-25,79.99,82.23,79.99,81.14
BCPC,2017-04-26,81.05,82.27,80.69,81.81
BCPC,2017-04-27,81.93,82.13,81.17,81.93
BCPC,2017-04-28,82.17,82.22,80.35,81.16
BCPC,2017-05-01,81.19,82.46,81.19,82.19
BCPC,2017-05-02,82.25,82.28,79.97,80.65
BCPC,2017-05-03,80.01,80.33,79.15,80.0
BCPC,2017-05-04,79.78,80.96,79.78,80.94
BCPC,2017-05-05,81.08,81.28,80.26,80.91
BCPC,2017-05-08,80.92,81.26,79.99,80.59
BCPC,2017-05-09,78.68,83.59,78.68,82.31
BCPC,2017-05-10,82.49,82.55,80.21,80.88
BCPC,2017-05-11,80.82,81.31,79.8,81.03
BCPC,2017-05-12,80.65,81.18,79.53,79.77
BCPC,2017-05-15,79.66,80.4,79.11,79.63
BCPC,2017-05-16,79.6,81.19,79.23,79.53
BCPC,2017-05-17,78.36,79.6,78.11,79.04
BCPC,2017-05-18,78.63,79.75,78.35,78.49
BCPC,2017-05-19,78.37,79.47,78.37,79.04
BCPC,2017-05-22,79.21,79.88,79.0,79.49
BCPC,2017-05-23,79.73,79.91,79.1,79.54
BCPC,2017-05-24,79.63,79.9,78.88,79.46
BCPC,2017-05-25,79.54,80.84,78.88,79.7
BCPC,2017-05-26,79.6,80.23,79.27,79.98
BCPC,2017-05-30,79.9,80.47,78.75,79.24
BCPC,2017-05-31,79.36,79.68,77.96,78.72
BCPC,2017-06-01,78.71,79.99,78.7,79.98
BCPC,2017-06-02,79.98,84.4,79.98,82.88
BCPC,2017-06-05,82.82,82.82,81.25,81.42
BCPC,2017-06-06,81.2,82.52,80.8,81.98
BCPC,2017-06-07,82.13,82.62,80.84,80.93
BCPC,2017-06-08,80.83,82.12,80.39,81.72
BCPC,2017-06-09,81.82,84.09,81.4,83.63
BCPC,2017-06-12,83.73,85.51,83.34,83.77
BCPC,2017-06-13,83.75,83.89,82.17,82.9
BCPC,2017-06-14,82.91,83.53,81.74,82.16
BCPC,2017-06-15,81.25,81.61,80.94,81.48
BCPC,2017-06-16,80.96,81.28,79.59,80.34
BCPC,2017-06-19,80.63,81.3,80.22,80.41
BCPC,2017-06-20,80.15,80.87,78.89,78.99
BCPC,2017-06-21,79.25,79.46,77.77,78.18
BCPC,2017-06-22,78.2,78.57,77.6,78.25
BCPC,2017-06-23,78.29,79.11,78.23,78.5
BCPC,2017-06-26,78.65,79.58,77.24,77.32
BCPC,2017-06-27,77.2,78.04,76.98,77.0
BCPC,2017-06-28,77.3,77.87,77.08,77.15
BCPC,2017-06-29,77.24,77.65,76.32,77.47
BCPC,2017-06-30,77.77,78.34,77.44,77.71
BCPC,2017-07-03,78.11,78.72,76.4,78.23
BCPC,2017-07-05,78.2,78.2,77.07,77.67
BCPC,2017-07-06,76.99,77.39,75.99,76.39
BCPC,2017-07-07,76.83,77.6,76.25,77.42
BCPC,2017-07-10,77.37,77.37,76.06,76.28
BCPC,2017-07-11,76.58,77.58,76.54,77.39
BCPC,2017-07-12,77.92,78.73,77.58,78.43
BCPC,2017-07-13,78.22,78.32,76.72,78.25
BCPC,2017-07-14,78.16,79.0,77.92,78.66
BCPC,2017-07-17,78.67,79.95,78.57,79.51
BCPC,2017-07-18,79.27,79.27,77.93,78.29
BCPC,2017-07-19,78.28,78.61,77.7,78.12
BCPC,2017-07-20,78.13,78.66,77.77,78.16
BCPC,2017-07-21,78.51,79.22,78.01,78.05
BCPC,2017-07-24,77.85,78.41,77.05,78.08
BCPC,2017-07-25,78.45,79.99,78.33,79.68
BCPC,2017-07-26,79.78,79.78,77.56,77.71
BCPC,2017-07-27,78.21,78.61,77.05,77.51
BCPC,2017-07-28,77.33,78.06,77.04,78.04
BCPC,2017-07-31,78.15,78.15,77.43,77.6
BCPC,2017-08-01,77.81,78.42,77.61,78.33
BCPC,2017-08-02,78.27,78.6,76.42,76.84
BCPC,2017-08-03,77.17,77.47,76.0,77.04
BCPC,2017-08-04,79.21,79.21,76.59,78.0
BCPC,2017-08-07,77.8,78.0,71.95,75.02
BCPC,2017-08-08,74.91,75.21,73.36,73.75
BCPC,2017-08-09,73.33,74.33,72.28,74.02
BCPC,2017-08-10,73.71,75.36,73.59,75.03
BCPC,2017-08-11,74.98,75.39,74.42,74.48
BCPC,2017-08-14,75.0,75.9,74.13,75.81
BCPC,2017-08-15,75.84,75.84,74.09,74.65
BCPC,2017-08-16,74.62,75.24,74.17,74.67
BCPC,2017-08-17,74.29,75.74,73.09,73.12
BCPC,2017-08-18,72.74,73.54,72.44,73.36
BCPC,2017-08-21,73.34,73.53,72.92,73.16
BCPC,2017-08-22,73.39,74.42,73.39,74.18
BCPC,2017-08-23,73.76,73.94,73.26,73.56
BCPC,2017-08-24,74.03,74.42,73.34,74.35
BCPC,2017-08-25,74.55,74.87,73.01,74.52
BCPC,2017-08-28,74.64,74.85,74.33,74.78
BCPC,2017-08-29,74.52,74.97,73.93,74.66
BCPC,2017-08-30,74.56,74.82,74.16,74.44
BCPC,2017-08-31,74.66,75.55,74.65,74.96
BCPC,2017-09-01,75.03,75.88,74.1,75.67
BCPC,2017-09-05,75.71,76.27,73.7,75.16
BCPC,2017-09-06,75.37,75.54,74.22,75.09
BCPC,2017-09-07,75.37,75.37,74.54,74.77
BCPC,2017-09-08,74.7,75.49,74.18,74.83
BCPC,2017-09-11,75.3,75.71,74.87,75.57
BCPC,2017-09-12,75.73,76.08,75.02,75.82
BCPC,2017-09-13,75.98,76.4,75.58,76.12
BCPC,2017-09-14,75.86,76.5,75.42,76.4
BCPC,2017-09-15,76.59,77.0,74.86,76.66
BCPC,2017-09-18,76.84,77.73,75.75,77.65
BCPC,2017-09-19,77.63,78.41,77.42,78.33
BCPC,2017-09-20,78.05,79.67,77.75,79.33
BCPC,2017-09-21,79.2,79.85,78.92,79.32
BCPC,2017-09-22,79.3,80.4,79.3,80.12
BCPC,2017-09-25,80.32,80.4,79.33,80.19
BCPC,2017-09-26,80.58,80.77,77.78,80.52
BCPC,2017-09-27,80.99,82.3,79.86,81.86
BCPC,2017-09-28,81.84,82.03,81.1,81.91
BCPC,2017-09-29,81.66,81.87,81.05,81.29
BCPC,2017-10-02,81.53,82.8,81.2,82.79
BCPC,2017-10-03,82.78,83.0,82.05,82.75
BCPC,2017-10-04,82.89,83.43,81.49,81.8
BCPC,2017-10-05,82.13,82.25,80.29,81.96
BCPC,2017-10-06,81.97,82.29,81.58,81.84
BCPC,2017-10-09,82.15,82.24,81.42,82.01
BCPC,2017-10-10,82.43,82.43,80.6,81.73
BCPC,2017-10-11,81.8,82.12,81.44,81.68
BCPC,2017-10-12,81.54,82.39,81.54,81.82
BCPC,2017-10-13,81.89,82.68,81.17,82.38
BCPC,2017-10-16,82.78,83.59,81.95,82.29
BCPC,2017-10-17,82.31,82.53,81.58,81.95
BCPC,2017-10-18,82.03,82.82,79.74,82.26
BCPC,2017-10-19,82.01,83.03,81.82,82.6
BCPC,2017-10-20,83.2,84.34,82.96,83.83
BCPC,2017-10-23,84.03,84.03,82.26,83.47
BCPC,2017-10-24,83.64,84.57,83.46,83.63
BCPC,2017-10-25,83.51,84.13,82.73,83.77
BCPC,2017-10-26,84.3,84.43,82.82,83.78
BCPC,2017-10-27,83.84,84.28,82.46,84.07
BCPC,2017-10-30,83.88,83.88,81.6,82.02
BCPC,2017-10-31,82.34,84.94,81.85,84.29
BCPC,2017-11-01,84.9,84.9,82.32,82.76
BCPC,2017-11-02,82.75,83.8,82.07,83.21
BCPC,2017-11-03,83.41,84.01,82.68,83.24
BCPC,2017-11-06,83.45,84.57,82.89,83.44
BCPC,2017-11-07,84.35,84.89,82.15,84.38
BCPC,2017-11-08,83.83,84.97,83.15,84.27
BCPC,2017-11-09,83.56,84.19,82.7,83.22
BCPC,2017-11-10,82.98,83.66,82.46,82.82
BCPC,2017-11-13,82.4,83.61,81.97,83.28
BCPC,2017-11-14,82.86,83.79,82.8,83.23
BCPC,2017-11-15,82.66,83.35,82.0,82.43
BCPC,2017-11-16,82.86,84.39,80.7,83.33
BCPC,2017-11-17,83.19,84.11,82.81,83.46
BCPC,2017-11-20,83.47,84.93,82.99,84.85
BCPC,2017-11-21,85.0,87.37,84.63,86.71
BCPC,2017-11-22,86.58,87.96,84.02,86.07
BCPC,2017-11-24,86.44,86.72,85.23,86.63
BCPC,2017-11-27,86.58,87.2,85.91,85.91
BCPC,2017-11-28,86.08,87.25,85.66,87.11
BCPC,2017-11-29,87.16,88.47,86.75,87.71
BCPC,2017-11-30,88.11,88.11,86.01,87.27
BCPC,2017-12-01,87.42,87.42,84.62,86.82
BCPC,2017-12-04,87.84,88.38,86.17,86.2
BCPC,2017-12-05,86.33,86.74,84.68,84.73
BCPC,2017-12-06,84.44,85.75,84.0,84.73
BCPC,2017-12-07,84.72,86.46,84.0,84.53
BCPC,2017-12-08,84.82,84.82,81.86,82.61
BCPC,2017-12-11,82.7,84.32,81.53,81.81
BCPC,2017-12-12,81.52,83.85,81.52,82.04
BCPC,2017-12-13,82.05,83.35,81.86,82.59
BCPC,2017-12-14,82.75,84.3,80.07,80.94
BCPC,2017-12-15,81.23,84.3,81.22,83.87
BCPC,2017-12-18,84.48,86.18,83.73,83.99
BCPC,2017-12-19,83.98,83.98,81.78,82.01
BCPC,2017-12-20,82.56,83.01,81.36,81.76
BCPC,2017-12-21,82.04,84.14,81.15,81.63
BCPC,2017-12-22,81.48,82.27,80.81,81.11
BCPC,2017-12-26,80.8,81.05,79.72,79.72
BCPC,2017-12-27,79.73,80.6,79.11,79.39
BCPC,2017-12-28,79.4,80.25,78.83,80.1
BCPC,2017-12-29,80.13,81.58,80.1,80.6
BCPC,2018-01-02,80.83,81.95,80.33,81.54
BCPC,2018-01-03,81.32,81.72,80.66,80.71
BCPC,2018-01-04,80.93,81.59,80.26,80.36
BCPC,2018-01-05,80.51,83.05,80.24,80.45
BCPC,2018-01-08,80.36,82.0,79.92,81.38
BCPC,2018-01-09,81.41,81.96,80.06,80.08
BCPC,2018-01-10,80.05,80.66,79.21,80.18
BCPC,2018-01-11,80.33,81.97,79.59,81.93
BCPC,2018-01-12,81.93,82.65,79.67,81.22
BCPC,2018-01-16,81.45,81.94,80.36,80.75
BCPC,2018-01-17,81.02,82.16,80.62,81.46
BCPC,2018-01-18,81.35,81.73,80.55,80.73
BCPC,2018-01-19,80.49,82.42,80.49,82.02
BCPC,2018-01-22,82.03,82.11,80.5,81.13
BCPC,2018-01-23,81.24,81.33,79.75,80.59
BCPC,2018-01-24,80.68,81.27,80.01,80.12
BCPC,2018-01-25,80.59,82.49,80.17,81.82
BCPC,2018-01-26,82.11,82.11,80.42,80.84
BCPC,2018-01-29,80.47,81.3,80.0,80.24
BCPC,2018-01-30,79.54,81.17,79.5,80.35
BCPC,2018-01-31,80.69,80.95,78.35,79.0
BCPC,2018-02-01,78.68,80.16,77.93,78.71
BCPC,2018-02-02,78.22,78.4,76.72,77.86
BCPC,2018-02-05,77.36,78.2,73.99,74.39
BCPC,2018-02-06,73.25,74.87,72.88,73.68
BCPC,2018-02-07,73.45,79.65,72.73,73.73
BCPC,2018-02-08,73.74,74.51,70.77,70.84
BCPC,2018-02-09,71.78,72.17,70.23,71.53
BCPC,2018-02-12,71.76,73.01,70.98,72.53
BCPC,2018-02-13,72.04,72.5,71.0,71.9
BCPC,2018-02-14,71.11,73.67,71.06,73.56
BCPC,2018-02-15,73.93,74.74,73.37,74.57
BCPC,2018-02-16,74.31,75.37,73.95,74.95
BCPC,2018-02-20,74.83,76.23,74.32,74.89
BCPC,2018-02-21,74.9,76.01,74.25,74.85
BCPC,2018-02-22,75.2,76.11,74.28,75.67
BCPC,2018-02-23,75.86,75.86,74.99,75.39
BCPC,2018-02-26,75.38,76.43,74.44,76.21
BCPC,2018-02-27,76.21,78.29,74.2,75.12
BCPC,2018-02-28,75.07,75.98,74.65,75.25
BCPC,2018-03-01,75.6,76.3,74.42,76.01
BCPC,2018-03-02,75.54,77.31,74.64,76.97
BCPC,2018-03-05,76.57,78.66,76.36,78.19
BCPC,2018-03-06,78.54,79.97,77.7,79.67
BCPC,2018-03-07,79.3,80.11,78.74,79.45
BCPC,2018-03-08,79.54,79.54,78.67,79.32
BCPC,2018-03-09,79.83,81.52,79.71,81.4
BCPC,2018-03-12,81.57,83.0,81.57,82.37
BCPC,2018-03-13,82.76,83.07,81.65,82.37
BCPC,2018-03-14,82.84,82.91,80.94,81.42
BCPC,2018-03-15,81.5,82.15,81.02,81.48
BCPC,2018-03-16,81.49,82.38,80.47,82.07
BCPC,2018-03-19,81.49,81.9,80.21,81.34
BCPC,2018-03-20,81.26,81.89,80.14,80.88
BCPC,2018-03-21,80.95,82.06,80.95,81.42
BCPC,2018-03-22,80.88,82.22,79.92,80.01
BCPC,2018-03-23,80.09,80.33,79.03,79.46
BCPC,2018-03-26,80.56,81.53,79.68,81.49
BCPC,2018-03-27,81.72,81.86,80.31,80.62
BCPC,2018-03-28,80.71,82.02,80.62,81.29
BCPC,2018-03-29,81.53,82.44,80.48,81.75
BCPC,2018-04-02,81.74,82.16,79.8,80.7
BCPC,2018-04-03,80.99,81.79,79.73,81.32
BCPC,2018-04-04,80.38,82.87,80.38,82.51
BCPC,2018-04-05,82.96,83.58,82.4,83.53
BCPC,2018-04-06,83.16,84.46,82.4,84.06
BCPC,2018-04-09,84.72,85.64,83.82,84.69
BCPC,2018-04-10,85.37,86.59,84.76,86.13
BCPC,2018-04-11,85.59,86.34,85.13,86.01
BCPC,2018-04-12,86.31,86.97,85.97,86.35
BCPC,2018-04-13,86.79,86.96,85.75,86.62
BCPC,2018-04-16,87.15,88.1,86.95,88.0
BCPC,2018-04-17,88.69,90.05,87.0,89.69
BCPC,2018-04-18,89.69,90.25,88.57,88.99
BCPC,2018-04-19,88.97,89.79,88.15,89.29
BCPC,2018-04-20,88.65,90.0,88.34,89.89
BCPC,2018-04-23,89.85,90.27,88.81,89.13
BCPC,2018-04-24,89.31,89.41,87.95,88.98
BCPC,2018-04-25,88.82,89.59,88.3,89.06
BCPC,2018-04-26,89.29,89.84,88.41,89.34
BCPC,2018-04-27,89.35,89.73,88.71,89.42
BCPC,2018-04-30,89.62,89.67,88.18,88.24
BCPC,2018-05-01,88.22,89.39,87.07,89.33
BCPC,2018-05-02,89.07,90.27,88.66,89.84
BCPC,2018-05-03,89.42,89.67,88.36,88.92
BCPC,2018-05-04,90.0,93.48,88.68,92.83
BCPC,2018-05-07,94.05,94.2,92.24,93.88
BCPC,2018-05-08,94.45,95.26,94.12,95.03
BCPC,2018-05-09,95.83,95.83,94.26,94.64
BCPC,2018-05-10,94.99,95.38,93.34,93.92
BCPC,2018-05-11,93.81,94.57,93.58,93.65
BCPC,2018-05-14,94.05,94.45,91.59,92.0
BCPC,2018-05-15,91.95,92.19,91.34,91.64
BCPC,2018-05-16,91.94,94.03,91.61,93.15
BCPC,2018-05-17,93.12,94.61,93.12,93.21
BCPC,2018-05-18,93.94,94.61,93.36,94.21
BCPC,2018-05-21,94.66,95.52,91.0,95.47
BCPC,2018-05-22,95.59,96.42,94.98,95.88
BCPC,2018-05-23,96.07,96.78,95.66,96.49
BCPC,2018-05-24,96.2,96.81,95.62,96.52
BCPC,2018-05-25,96.42,97.2,95.98,96.87
BCPC,2018-05-29,96.39,97.62,96.24,97.12
BCPC,2018-05-30,97.43,98.98,97.17,98.3
BCPC,2018-05-31,98.3,98.48,96.36,96.43
BCPC,2018-06-01,97.25,98.22,97.22,97.8
BCPC,2018-06-04,97.79,99.26,97.59,98.27
BCPC,2018-06-05,98.37,99.33,97.87,98.68
BCPC,2018-06-06,98.78,99.55,98.29,99.54
BCPC,2018-06-07,99.47,99.92,98.77,99.33
BCPC,2018-06-08,99.32,99.93,98.99,99.21
BCPC,2018-06-11,99.36,99.89,97.92,99.33
BCPC,2018-06-12,99.49,99.81,97.84,98.36
BCPC,2018-06-13,98.4,99.56,97.37,99.13
BCPC,2018-06-14,99.18,99.65,98.43,99.46
BCPC,2018-06-15,99.03,100.72,99.01,100.4
BCPC,2018-06-18,100.2,100.69,99.17,99.72
BCPC,2018-06-19,99.44,99.65,97.54,98.94
BCPC,2018-06-20,99.27,99.82,98.72,99.62
BCPC,2018-06-21,99.7,99.7,98.75,99.23
BCPC,2018-06-22,99.61,99.61,97.72,97.83
BCPC,2018-06-25,97.41,97.47,96.13,96.89
BCPC,2018-06-26,96.97,98.39,96.54,97.45
BCPC,2018-06-27,97.45,99.41,97.12,97.33
BCPC,2018-06-28,97.41,98.84,97.12,98.53
BCPC,2018-06-29,98.75,99.35,97.75,98.14
BCPC,2018-07-02,97.7,99.56,97.37,99.52
BCPC,2018-07-03,99.52,100.57,99.52,100.26
BCPC,2018-07-05,100.64,101.26,99.61,100.86
BCPC,2018-07-06,100.66,102.91,100.43,102.59
BCPC,2018-07-09,103.04,104.22,102.25,103.44
BCPC,2018-07-10,103.9,104.59,103.25,103.72
BCPC,2018-07-11,103.4,103.52,99.28,99.37
BCPC,2018-07-12,99.47,99.49,97.87,99.13
BCPC,2018-07-13,98.76,99.33,98.33,98.46
BCPC,2018-07-16,98.56,99.14,97.15,97.86
BCPC,2018-07-17,97.61,99.13,97.61,98.69
BCPC,2018-07-18,98.68,99.81,98.22,99.66
BCPC,2018-07-19,99.43,100.62,98.51,100.47
BCPC,2018-07-20,100.45,100.93,99.1,99.89
BCPC,2018-07-23,99.9,100.11,98.81,99.19
BCPC,2018-07-24,99.73,100.05,98.15,98.87
BCPC,2018-07-25,98.88,99.62,98.05,98.99
BCPC,2018-07-26,99.09,100.85,99.09,100.57
BCPC,2018-07-27,100.31,100.49,97.84,98.53
BCPC,2018-07-30,98.5,99.04,97.5,97.99
BCPC,2018-07-31,98.0,100.53,97.62,100.29
BCPC,2018-08-01,100.28,101.4,99.93,100.72
BCPC,2018-08-02,100.06,101.52,99.45,100.68
BCPC,2018-08-03,94.93,99.78,91.51,97.22
BCPC,2018-08-06,97.65,102.42,97.65,101.82
BCPC,2018-08-07,102.1,102.88,100.86,101.67
BCPC,2018-08-08,102.0,102.07,100.57,102.03
BCPC,2018-08-09,102.04,102.69,100.61,100.68
BCPC,2018-08-10,100.45,101.47,99.58,99.64
BCPC,2018-08-13,99.9,100.7,99.23,99.35
BCPC,2018-08-14,99.79,100.57,99.38,100.15
BCPC,2018-08-15,100.11,100.11,98.67,99.78
BCPC,2018-08-16,100.16,101.1,99.85,100.76
BCPC,2018-08-17,100.81,105.02,100.11,104.95
BCPC,2018-08-20,105.0,105.3,103.14,103.32
BCPC,2018-08-21,103.33,104.6,102.18,104.18
BCPC,2018-08-22,104.17,105.18,103.26,104.32
BCPC,2018-08-23,104.21,104.74,103.15,104.09
BCPC,2018-08-24,104.36,106.13,104.32,105.95
BCPC,2018-08-27,106.35,107.72,106.11,106.26
BCPC,2018-08-28,106.74,106.97,104.5,104.94
BCPC,2018-08-29,105.1,106.3,104.21,106.02
BCPC,2018-08-30,106.2,109.86,106.0,109.37
BCPC,2018-08-31,109.05,111.62,108.45,110.89
BCPC,2018-09-04,110.65,110.65,108.63,109.76
BCPC,2018-09-05,109.64,111.21,108.9,111.06
BCPC,2018-09-06,111.12,111.36,109.29,110.99
BCPC,2018-09-07,110.87,111.97,106.24,111.4
BCPC,2018-09-10,111.87,112.82,110.88,110.95
BCPC,2018-09-11,110.81,111.59,109.22,110.86
BCPC,2018-09-12,110.79,112.33,109.95,111.76
BCPC,2018-09-13,112.09,114.02,110.65,113.42
BCPC,2018-09-14,113.63,115.07,113.3,114.82
BCPC,2018-09-17,114.67,115.29,113.07,115.09
BCPC,2018-09-18,115.98,117.15,113.99,116.69
BCPC,2018-09-19,116.46,117.79,115.31,116.42
BCPC,2018-09-20,116.5,117.69,115.75,116.38
BCPC,2018-09-21,116.65,116.8,115.61,116.06
BCPC,2018-09-24,116.17,116.27,114.34,114.97
BCPC,2018-09-25,116.5,116.94,114.78,115.75
BCPC,2018-09-26,116.06,116.08,113.69,113.97
BCPC,2018-09-27,113.99,113.99,112.29,113.24
BCPC,2018-09-28,113.09,113.89,111.61,112.09
BCPC,2018-10-01,112.65,116.07,110.57,110.81
BCPC,2018-10-02,110.87,111.65,108.6,108.75
BCPC,2018-10-03,108.9,109.49,107.02,108.71
BCPC,2018-10-04,108.68,108.88,106.39,107.12
BCPC,2018-10-05,107.52,107.52,104.39,105.66
BCPC,2018-10-08,105.14,106.28,104.9,105.03
BCPC,2018-10-09,104.36,105.82,103.84,104.08
BCPC,2018-10-10,103.4,103.45,100.22,100.45
BCPC,2018-10-11,99.77,101.51,98.48,98.52
BCPC,2018-10-12,99.58,100.09,95.51,96.2
BCPC,2018-10-15,96.07,97.07,95.65,96.31
BCPC,2018-10-16,98.93,99.75,95.65,99.02
BCPC,2018-10-17,98.95,100.84,98.95,100.81
BCPC,2018-10-18,100.78,101.51,99.37,100.34
BCPC,2018-10-19,100.05,101.47,99.25,100.28
BCPC,2018-10-22,101.23,102.37,99.36,99.9
BCPC,2018-10-23,98.78,99.37,96.64,98.1
BCPC,2018-10-24,97.84,98.51,95.89,96.02
BCPC,2018-10-25,96.45,98.03,95.77,97.42
BCPC,2018-10-26,96.13,98.15,94.92,96.42
BCPC,2018-10-29,97.53,98.04,93.38,94.31
BCPC,2018-10-30,93.95,95.55,92.8,94.93
BCPC,2018-10-31,95.92,96.35,93.45,93.65
BCPC,2018-11-01,94.21,95.92,93.2,95.03
BCPC,2018-11-02,95.3,96.36,93.93,94.25
BCPC,2018-11-05,94.6,95.42,93.44,94.72
BCPC,2018-11-06,96.0,96.0,84.7,91.27
BCPC,2018-11-07,90.49,91.58,89.37,90.09
BCPC,2018-11-08,90.05,90.54,88.21,90.32
BCPC,2018-11-09,90.19,90.54,88.81,90.12
BCPC,2018-11-12,90.48,91.38,89.55,90.38
BCPC,2018-11-13,90.23,91.06,88.54,88.57
BCPC,2018-11-14,89.32,91.78,88.96,91.05
BCPC,2018-11-15,90.34,92.03,90.08,91.05
BCPC,2018-11-16,90.7,91.23,89.53,90.49
BCPC,2018-11-19,90.48,91.98,88.42,88.73
BCPC,2018-11-20,88.29,88.86,85.34,85.67
BCPC,2018-11-21,85.79,86.94,85.12,85.34
BCPC,2018-11-23,85.0,86.9,84.5,86.04
BCPC,2018-11-26,86.42,86.43,84.95,85.02
BCPC,2018-11-27,84.59,85.4,83.52,85.08
BCPC,2018-11-28,85.23,87.82,84.32,87.59
BCPC,2018-11-29,87.43,87.58,85.76,86.55
BCPC,2018-11-30,86.4,87.94,86.17,86.7
BCPC,2018-12-03,87.59,87.91,85.18,86.07
BCPC,2018-12-04,85.8,86.82,82.03,82.11
BCPC,2018-12-06,81.28,81.89,79.63,81.77
BCPC,2018-12-07,82.04,82.17,80.09,81.01
BCPC,2018-12-10,80.59,80.86,77.99,78.63
BCPC,2018-12-11,79.34,80.25,78.31,78.93
BCPC,2018-12-12,79.5,81.85,78.92,80.88
BCPC,2018-12-13,81.17,81.51,79.57,79.87
BCPC,2018-12-14,79.4,79.73,77.69,79.62
BCPC,2018-12-17,79.35,80.6,77.09,77.49
BCPC,2018-12-18,78.2,80.01,78.05,78.91
BCPC,2018-12-19,78.9,80.79,77.09,78.1
BCPC,2018-12-20,78.05,78.79,76.56,77.01
BCPC,2018-12-21,76.56,77.94,75.03,76.05
BCPC,2018-12-24,75.8,75.8,73.39,73.39
BCPC,2018-12-26,73.63,75.82,73.16,75.7
BCPC,2018-12-27,75.08,77.93,74.74,77.93
BCPC,2018-12-28,77.94,79.42,76.72,78.72
BCPC,2018-12-31,78.92,78.92,76.84,78.35
BCPC,2019-01-02,77.56,79.24,76.8,78.59
BCPC,2019-01-03,78.38,78.59,76.19,76.21
BCPC,2019-01-04,77.06,79.63,76.83,79.5
BCPC,2019-01-07,79.5,80.46,77.42,79.76
BCPC,2019-01-08,80.26,80.26,77.9,78.3
BCPC,2019-01-09,78.69,80.5,78.1,79.59
BCPC,2019-01-10,79.14,81.11,78.42,80.98
BCPC,2019-01-11,80.48,82.33,80.48,81.92
BCPC,2019-01-14,81.56,81.88,80.25,80.39
BCPC,2019-01-15,80.07,81.4,79.62,80.97
BCPC,2019-01-16,81.22,84.67,80.95,82.2
BCPC,2019-01-17,81.96,83.7,81.82,83.49
BCPC,2019-01-18,83.48,84.67,83.19,83.68
BCPC,2019-01-22,83.45,84.01,81.07,81.36
BCPC,2019-01-23,81.46,83.64,79.54,80.59
BCPC,2019-01-24,80.47,81.77,80.24,81.39
BCPC,2019-01-25,82.03,82.62,81.51,82.39
BCPC,2019-01-28,81.53,82.64,81.14,81.94
BCPC,2019-01-29,81.94,82.69,81.09,81.11
BCPC,2019-01-30,81.36,82.7,81.06,82.09
BCPC,2019-01-31,81.88,83.2,81.62,83.02
BCPC,2019-02-01,79.66,83.86,79.66,83.85
BCPC,2019-02-04,83.89,85.33,82.91,85.33
BCPC,2019-02-05,85.47,86.1,84.69,85.95
BCPC,2019-02-06,85.7,87.05,82.42,82.95
BCPC,2019-02-07,82.66,83.38,80.05,80.71
BCPC,2019-02-08,80.59,82.59,79.06,82.55
BCPC,2019-02-11,82.88,83.15,81.25,82.95
BCPC,2019-02-12,83.62,84.19,83.11,83.97
BCPC,2019-02-13,83.91,85.35,83.36,84.09
BCPC,2019-02-14,83.95,84.81,83.23,83.61
BCPC,2019-02-15,84.12,86.46,84.12,86.39
BCPC,2019-02-19,85.81,87.95,85.81,87.32
BCPC,2019-02-20,87.45,88.06,86.53,87.92
BCPC,2019-02-21,87.58,88.19,85.43,86.36
BCPC,2019-02-22,86.73,87.09,85.7,86.83
BCPC,2019-02-25,87.44,87.53,85.99,86.25
BCPC,2019-02-26,86.25,86.25,84.21,84.29
BCPC,2019-02-27,84.18,84.79,83.28,83.85
BCPC,2019-02-28,88.91,89.5,83.69,88.73
BCPC,2019-03-01,89.62,90.91,88.03,90.56
BCPC,2019-03-04,90.59,91.78,90.51,91.23
BCPC,2019-03-05,92.42,94.23,91.91,94.21
BCPC,2019-03-06,94.02,94.13,92.55,92.92
BCPC,2019-03-07,92.93,92.93,91.04,91.26
BCPC,2019-03-08,90.73,91.6,90.0,91.28
BCPC,2019-03-11,91.32,94.58,90.81,94.32
BCPC,2019-03-12,94.33,94.94,93.05,93.23
BCPC,2019-03-13,93.7,94.92,92.98,93.5
BCPC,2019-03-14,93.28,94.38,92.97,93.09
BCPC,2019-03-15,93.26,94.74,92.81,92.82
BCPC,2019-03-18,92.64,94.59,92.03,94.58
BCPC,2019-03-19,94.96,95.63,93.71,94.05
BCPC,2019-03-20,94.28,95.69,92.97,94.37
BCPC,2019-03-21,94.28,97.06,94.14,95.45
BCPC,2019-03-22,94.75,94.94,90.68,90.76
BCPC,2019-03-25,90.68,91.69,90.11,91.15
BCPC,2019-03-26,91.68,92.64,91.15,92.02
BCPC,2019-03-27,92.02,93.07,90.56,91.89
BCPC,2019-03-28,92.04,93.07,91.55,92.97
BCPC,2019-03-29,93.2,94.14,92.34,92.8
BCPC,2019-04-01,93.45,94.11,92.74,93.8
BCPC,2019-04-02,93.91,94.99,93.24,94.56
BCPC,2019-04-03,95.26,95.78,94.1,94.65
BCPC,2019-04-04,95.39,96.3,95.06,95.85
BCPC,2019-04-05,96.31,97.78,96.31,96.5
BCPC,2019-04-08,96.2,96.69,95.55,96.18
BCPC,2019-04-09,96.15,96.84,95.13,95.54
BCPC,2019-04-10,95.54,97.83,95.54,97.63
BCPC,2019-04-11,97.61,98.12,95.17,96.03
BCPC,2019-04-12,96.68,97.98,95.75,97.88
BCPC,2019-04-15,97.31,98.44,96.96,97.18
BCPC,2019-04-16,97.53,98.53,96.88,98.38
BCPC,2019-04-17,98.88,98.88,96.66,97.99
BCPC,2019-04-18,97.77,98.66,96.72,97.98
BCPC,2019-04-22,97.81,98.31,96.7,97.11
BCPC,2019-04-23,97.12,99.93,96.33,98.93
BCPC,2019-04-24,98.99,99.99,98.73,99.13
BCPC,2019-04-25,98.85,99.44,97.25,98.65
BCPC,2019-04-26,98.62,100.3,98.6,100.03
BCPC,2019-04-29,99.92,101.15,99.14,100.54
BCPC,2019-04-30,100.74,101.98,99.2,101.51
BCPC,2019-05-01,101.59,102.41,99.49,99.49
BCPC,2019-05-02,99.24,101.06,98.54,99.39
BCPC,2019-05-03,98.9,103.71,97.98,102.75
BCPC,2019-05-06,100.0,100.98,98.74,100.46
BCPC,2019-05-07,99.49,101.04,98.52,99.24
BCPC,2019-05-08,98.83,100.0,98.38,99.3
BCPC,2019-05-09,98.62,100.35,97.45,99.9
BCPC,2019-05-10,99.34,100.61,98.69,100.32
BCPC,2019-05-13,98.84,100.31,96.59,97.05
BCPC,2019-05-14,97.13,98.0,96.79,97.58
BCPC,2019-05-15,97.07,98.12,96.19,96.32
BCPC,2019-05-16,96.52,98.23,95.59,96.45
BCPC,2019-05-17,95.6,96.88,94.66,94.83
BCPC,2019-05-20,94.1,96.56,93.7,95.8
BCPC,2019-05-21,95.98,98.44,95.6,98.33
BCPC,2019-05-22,97.92,98.23,96.81,97.68
BCPC,2019-05-23,96.82,97.78,93.63,94.24
BCPC,2019-05-24,94.91,95.35,93.7,93.85
BCPC,2019-05-28,94.3,95.4,93.63,94.03
BCPC,2019-05-29,93.18,93.35,91.69,92.37
BCPC,2019-05-30,92.62,93.04,90.9,91.64
BCPC,2019-05-31,89.86,91.66,89.86,90.69
BCPC,2019-06-03,90.99,92.28,90.3,91.56
BCPC,2019-06-04,92.34,94.91,92.12,94.78
BCPC,2019-06-05,95.31,95.49,93.63,94.53
BCPC,2019-06-06,94.92,95.6,93.29,94.52
BCPC,2019-06-07,94.99,97.31,94.11,96.61
BCPC,2019-06-10,97.28,98.5,96.62,97.45
BCPC,2019-06-11,98.0,98.66,95.69,96.65
BCPC,2019-06-12,96.86,98.63,96.0,98.14
BCPC,2019-06-13,98.61,98.97,97.54,97.8
BCPC,2019-06-14,97.79,97.97,96.41,96.6
BCPC,2019-06-17,96.72,97.77,96.06,96.82
BCPC,2019-06-18,97.38,99.16,96.82,97.9
BCPC,2019-06-19,97.64,98.38,95.94,97.5
BCPC,2019-06-20,98.55,103.47,98.11,102.96
BCPC,2019-06-21,102.37,103.28,100.12,100.19
BCPC,2019-06-24,99.91,99.91,97.27,97.35
BCPC,2019-06-25,97.86,98.51,95.2,97.17
BCPC,2019-06-26,97.14,98.1,96.26,96.44
BCPC,2019-06-27,96.89,99.4,95.86,99.31
BCPC,2019-06-28,99.27,100.97,99.07,99.97
BCPC,2019-07-01,101.08,101.65,98.78,99.51
BCPC,2019-07-02,99.41,99.9,97.39,97.91
BCPC,2019-07-03,98.64,99.96,97.74,99.31
BCPC,2019-07-05,98.72,99.81,98.0,99.5
BCPC,2019-07-08,99.17,99.5,98.41,98.81
BCPC,2019-07-09,98.24,98.88,97.48,97.81
BCPC,2019-07-10,98.23,98.76,96.9,96.91
BCPC,2019-07-11,96.97,97.14,95.87,97.08
BCPC,2019-07-12,97.01,99.59,97.01,99.01
BCPC,2019-07-15,99.31,99.31,97.2,97.93
BCPC,2019-07-16,97.6,99.8,97.57,98.98
BCPC,2019-07-17,98.72,99.58,96.65,98.64
BCPC,2019-07-18,98.52,99.16,97.88,98.84
BCPC,2019-07-19,98.6,99.54,97.46,97.72
BCPC,2019-07-22,97.8,98.3,97.18,98.0
BCPC,2019-07-23,98.46,99.97,97.91,99.76
BCPC,2019-07-24,99.25,102.28,98.39,102.06
BCPC,2019-07-25,101.86,102.72,101.02,101.18
BCPC,2019-07-26,101.45,102.27,100.22,101.63
BCPC,2019-07-29,101.46,101.51,100.04,100.27
BCPC,2019-07-30,99.59,102.05,99.59,101.93
BCPC,2019-07-31,101.9,104.34,101.53,102.64
BCPC,2019-08-01,94.51,102.59,90.38,90.71
BCPC,2019-08-02,90.19,94.3,85.03,85.95
BCPC,2019-08-05,83.84,87.95,82.33,83.01
BCPC,2019-08-06,84.36,86.69,83.03,86.31
BCPC,2019-08-07,85.11,88.13,84.79,87.22
BCPC,2019-08-08,87.66,90.36,87.35,90.06
BCPC,2019-08-09,89.46,91.49,87.83,88.55
BCPC,2019-08-12,87.75,88.53,87.37,88.1
BCPC,2019-08-13,87.99,90.34,87.45,90.0
BCPC,2019-08-14,88.38,89.07,87.51,88.13
BCPC,2019-08-15,88.26,88.26,86.61,86.77
BCPC,2019-08-16,87.43,89.72,87.0,89.1
BCPC,2019-08-19,90.07,91.8,89.7,89.77
BCPC,2019-08-20,89.28,89.55,88.0,88.64
BCPC,2019-08-21,89.73,89.92,88.34,88.88
BCPC,2019-08-22,89.02,89.08,87.07,87.11
BCPC,2019-08-23,86.77,87.31,84.19,84.59
BCPC,2019-08-26,85.5,87.29,84.5,87.05
BCPC,2019-08-27,87.78,88.0,86.24,86.68
BCPC,2019-08-28,86.53,88.31,86.3,87.45
BCPC,2019-08-29,88.62,90.0,88.02,89.85
BCPC,2019-08-30,89.87,91.63,88.77,88.79
BCPC,2019-09-03,88.39,88.8,86.86,87.82
BCPC,2019-09-04,88.89,91.96,88.89,91.73
BCPC,2019-09-05,92.93,97.21,92.59,96.62
BCPC,2019-09-06,97.02,97.63,96.05,96.85
BCPC,2019-09-09,97.39,100.25,96.99,100.05
BCPC,2019-09-10,99.72,101.24,98.43,101.18
BCPC,2019-09-11,101.49,103.61,100.18,103.33
BCPC,2019-09-12,103.43,104.68,101.51,104.49
BCPC,2019-09-13,104.71,105.99,103.22,105.34
BCPC,2019-09-16,104.74,105.38,104.0,104.39
BCPC,2019-09-17,103.74,104.26,102.82,104.01
BCPC,2019-09-18,104.0,104.0,101.14,101.95
BCPC,2019-09-19,101.5,101.93,99.84,100.13
BCPC,2019-09-20,100.04,101.01,97.72,98.1
BCPC,2019-09-23,97.41,98.86,96.83,97.69
BCPC,2019-09-24,97.42,98.28,94.17,94.33
BCPC,2019-09-25,93.88,98.14,93.88,97.76
BCPC,2019-09-26,97.49,97.65,95.79,96.73
BCPC,2019-09-27,97.31,98.4,96.4,98.31
BCPC,2019-09-30,98.65,100.19,98.25,99.19
BCPC,2019-10-01,99.77,100.87,97.9,98.18
BCPC,2019-10-02,97.27,97.97,95.98,97.49
BCPC,2019-10-03,97.03,97.77,95.01,96.56
BCPC,2019-10-04,96.83,99.37,96.74,98.87
BCPC,2019-10-07,98.49,99.88,98.49,98.68
BCPC,2019-10-08,97.67,98.38,96.1,96.34
BCPC,2019-10-09,96.86,98.02,96.51,97.32
BCPC,2019-10-10,97.48,98.45,96.46,97.07
BCPC,2019-10-11,98.32,100.99,98.32,99.74
BCPC,2019-10-14,99.15,100.48,97.77,100.2
BCPC,2019-10-15,100.04,101.58,97.6,100.94
BCPC,2019-10-16,100.59,102.14,100.01,100.49
BCPC,2019-10-17,101.19,102.43,101.19,102.3
BCPC,2019-10-18,102.0,102.49,99.21,100.24
BCPC,2019-10-21,101.33,102.27,100.27,101.05
BCPC,2019-10-22,100.61,101.67,99.39,100.44
BCPC,2019-10-23,100.46,101.77,99.78,101.16
BCPC,2019-10-24,101.56,101.56,98.75,99.92
BCPC,2019-10-25,99.8,101.64,99.14,100.1
BCPC,2019-10-28,100.33,102.36,100.33,101.8
BCPC,2019-10-29,101.35,103.5,101.22,102.87
BCPC,2019-10-30,102.6,103.95,101.6,103.06
BCPC,2019-10-31,102.52,103.51,100.17,101.21
BCPC,2019-11-01,102.3,104.55,101.42,103.29
BCPC,2019-11-04,103.94,104.35,101.93,102.25
BCPC,2019-11-05,105.0,105.0,100.13,100.3
BCPC,2019-11-06,100.67,106.56,98.98,105.25
BCPC,2019-11-07,105.97,106.43,102.39,103.05
BCPC,2019-11-08,103.06,104.77,102.29,103.44
BCPC,2019-11-11,102.8,103.33,102.01,103.19
BCPC,2019-11-12,102.5,103.76,101.3,102.87
BCPC,2019-11-13,102.3,103.31,101.76,102.67
BCPC,2019-11-14,102.58,103.18,101.78,101.91
BCPC,2019-11-15,102.7,103.06,99.89,100.73
BCPC,2019-11-18,100.5,100.73,99.48,99.83
BCPC,2019-11-19,100.28,100.5,99.05,99.68
BCPC,2019-11-20,99.39,101.26,99.12,99.87
BCPC,2019-11-21,100.33,100.33,98.68,98.94
BCPC,2019-11-22,98.98,99.07,97.77,98.58
BCPC,2019-11-25,99.1,101.35,98.86,100.88
BCPC,2019-11-26,101.18,101.47,99.71,100.09
BCPC,2019-11-27,99.58,101.19,99.5,100.76
BCPC,2019-11-29,100.24,100.72,98.7,99.63
BCPC,2019-12-02,99.83,100.27,98.07,98.2
BCPC,2019-12-03,97.11,98.41,96.32,98.15
BCPC,2019-12-04,98.78,100.6,98.78,98.96
BCPC,2019-12-05,99.49,101.42,99.1,101.4
BCPC,2019-12-06,102.14,103.33,101.88,102.49
BCPC,2019-12-09,102.57,102.6,100.36,100.95
BCPC,2019-12-10,100.85,102.0,100.36,101.82
BCPC,2019-12-11,101.65,102.48,100.51,101.96
BCPC,2019-12-12,102.07,104.99,100.21,104.0
BCPC,2019-12-13,103.77,104.97,102.38,103.34
BCPC,2019-12-16,104.89,104.96,102.93,103.36
BCPC,2019-12-17,103.69,104.41,101.59,102.57
BCPC,2019-12-18,103.22,103.22,101.4,102.03
BCPC,2019-12-19,102.1,102.12,101.0,102.01
BCPC,2019-12-20,102.08,103.4,101.1,101.57
BCPC,2019-12-23,102.06,102.25,100.87,101.89
BCPC,2019-12-24,101.78,102.32,100.85,102.28
BCPC,2019-12-26,102.21,102.48,101.27,102.08
BCPC,2019-12-27,101.73,101.73,100.46,100.46
BCPC,2019-12-30,100.93,101.08,99.78,100.97
BCPC,2019-12-31,100.67,102.33,100.1,101.63
BCPC,2020-01-02,102.46,105.57,100.9,102.61
BCPC,2020-01-03,101.07,103.44,100.55,103.28
BCPC,2020-01-06,102.54,103.98,101.91,103.52
BCPC,2020-01-07,103.07,103.12,102.04,102.42
BCPC,2020-01-08,102.58,104.22,102.02,103.38
BCPC,2020-01-09,103.81,104.54,102.1,102.28
BCPC,2020-01-10,102.65,104.73,102.25,104.55
BCPC,2020-01-13,104.2,106.41,104.2,106.41
BCPC,2020-01-14,106.12,108.39,105.35,106.88
BCPC,2020-01-15,106.84,107.98,106.67,107.63
BCPC,2020-01-16,107.92,108.88,107.36,108.49
BCPC,2020-01-17,109.21,109.44,107.98,108.49
BCPC,2020-01-21,107.83,107.83,105.03,106.82
BCPC,2020-01-22,106.66,107.63,106.01,107.03
BCPC,2020-01-23,106.36,108.1,105.43,107.89
BCPC,2020-01-24,108.26,108.33,105.81,106.85
BCPC,2020-01-27,105.88,107.66,105.46,107.36
BCPC,2020-01-28,107.99,109.21,107.94,108.94
BCPC,2020-01-29,108.95,109.68,108.25,108.87
BCPC,2020-01-30,108.09,109.88,107.71,109.76
BCPC,2020-01-31,109.7,109.7,105.02,108.02
BCPC,2020-02-03,108.53,109.96,108.35,109.35
BCPC,2020-02-04,110.0,112.0,110.0,111.98
BCPC,2020-02-05,113.12,113.72,112.24,113.6
BCPC,2020-02-06,113.89,113.89,112.3,113.32
BCPC,2020-02-07,112.88,112.88,110.11,110.65
BCPC,2020-02-10,110.46,112.28,110.46,112.13
BCPC,2020-02-11,112.55,113.93,112.43,112.71
BCPC,2020-02-12,113.28,113.8,111.35,111.86
BCPC,2020-02-13,111.51,112.75,110.74,111.94
BCPC,2020-02-14,112.06,113.25,111.89,112.06
BCPC,2020-02-18,111.99,112.21,109.11,109.8
BCPC,2020-02-19,110.05,111.95,110.05,111.63
BCPC,2020-02-20,111.32,112.37,110.58,112.07
BCPC,2020-02-21,112.96,113.1,102.18,103.18
BCPC,2020-02-24,99.68,100.69,98.69,100.03
BCPC,2020-02-25,100.11,100.64,97.21,97.22
BCPC,2020-02-26,98.07,98.57,96.25,97.14
BCPC,2020-02-27,95.24,98.04,93.54,94.75
BCPC,2020-02-28,91.79,94.65,91.67,94.46
BCPC,2020-03-02,94.99,97.25,94.16,96.87
BCPC,2020-03-03,96.68,99.62,94.1,95.18
BCPC,2020-03-04,96.35,98.86,95.82,98.73
BCPC,2020-03-05,96.29,96.7,94.17,95.23
BCPC,2020-03-06,92.32,96.55,92.32,95.63
BCPC,2020-03-09,90.21,92.79,88.58,89.04
BCPC,2020-03-10,91.63,93.68,86.09,92.14
BCPC,2020-03-11,89.6,90.34,86.56,89.29
BCPC,2020-03-12,84.04,86.17,78.3,81.49
BCPC,2020-03-13,84.72,91.0,80.66,91.0
BCPC,2020-03-16,82.7,87.49,82.11,83.67
BCPC,2020-03-17,84.41,95.84,81.66,95.84
BCPC,2020-03-18,89.89,103.74,89.0,100.4
BCPC,2020-03-19,100.0,101.66,91.51,100.2
BCPC,2020-03-20,99.37,99.69,91.25,94.25
BCPC,2020-03-23,95.26,99.95,90.65,97.5
BCPC,2020-03-24,100.15,102.0,92.71,99.63
BCPC,2020-03-25,98.9,99.67,91.13,93.67
BCPC,2020-03-26,94.44,101.0,94.44,98.5
BCPC,2020-03-27,94.61,97.63,92.03,95.28
BCPC,2020-03-30,95.99,99.63,93.76,98.38
BCPC,2020-03-31,98.21,99.75,95.96,98.72
BCPC,2020-04-01,95.76,97.94,92.29,93.09
BCPC,2020-04-02,93.16,96.09,91.66,95.33
BCPC,2020-04-03,94.4,98.34,91.32,94.54
BCPC,2020-04-06,97.78,101.91,95.56,101.38
BCPC,2020-04-07,102.34,104.5,96.44,97.89
BCPC,2020-04-08,99.06,101.94,98.0,100.52
BCPC,2020-04-09,102.28,103.93,98.01,99.85
BCPC,2020-04-13,98.46,100.0,95.71,97.97
BCPC,2020-04-14,100.0,101.9,97.35,98.44
BCPC,2020-04-15,94.98,96.97,93.44,93.52
BCPC,2020-04-16,92.69,96.1,91.44,94.46
BCPC,2020-04-17,96.83,98.13,94.27,95.64
BCPC,2020-04-20,93.54,95.49,92.7,94.26
BCPC,2020-04-21,92.12,93.23,90.85,91.38
BCPC,2020-04-22,93.2,93.97,90.5,91.99
BCPC,2020-04-23,92.34,94.07,91.47,92.48
BCPC,2020-04-24,93.43,93.58,90.87,91.71
BCPC,2020-04-27,92.34,97.77,92.34,96.69
BCPC,2020-04-28,98.74,99.0,92.64,93.03
BCPC,2020-04-29,95.78,95.78,93.24,93.82
BCPC,2020-04-30,92.37,92.84,88.7,89.24
BCPC,2020-05-01,87.42,88.65,82.54,87.24
BCPC,2020-05-04,87.09,87.1,82.78,85.71
BCPC,2020-05-05,86.0,87.94,85.23,86.0
BCPC,2020-05-06,86.27,87.32,84.91,84.98
BCPC,2020-05-07,86.21,87.25,84.38,84.9
BCPC,2020-05-08,86.46,87.0,85.39,86.0
BCPC,2020-05-11,84.75,87.42,84.05,86.05
BCPC,2020-05-12,86.23,87.39,84.99,85.17
BCPC,2020-05-13,84.86,84.86,81.73,83.45
BCPC,2020-05-14,81.87,83.26,79.75,80.3
BCPC,2020-05-15,80.29,86.61,79.85,86.3
BCPC,2020-05-18,89.97,90.92,88.15,90.82
BCPC,2020-05-19,91.08,94.18,90.88,91.99
BCPC,2020-05-20,93.21,94.72,93.16,93.95
BCPC,2020-05-21,93.5,94.05,93.03,93.43
BCPC,2020-05-22,93.78,93.78,92.21,93.29
BCPC,2020-05-26,95.0,98.89,94.99,98.67
BCPC,2020-05-27,100.0,102.27,98.5,102.08
BCPC,2020-05-28,102.99,104.17,99.98,100.28
BCPC,2020-05-29,99.68,101.58,97.39,100.65
BCPC,2020-06-01,101.09,101.09,98.48,98.53
BCPC,2020-06-02,98.54,99.31,97.73,98.97
BCPC,2020-06-03,100.27,102.62,99.6,100.52
BCPC,2020-06-04,99.37,102.22,98.69,102.2
BCPC,2020-06-05,104.82,105.25,101.88,102.1
BCPC,2020-06-08,103.16,104.71,102.23,102.54
BCPC,2020-06-09,100.91,101.33,99.31,99.54
BCPC,2020-06-10,99.17,100.11,96.53,97.58
BCPC,2020-06-11,95.0,96.05,90.12,90.22
BCPC,2020-06-12,93.02,93.08,88.57,90.96
BCPC,2020-06-15,88.97,94.38,88.97,93.52
BCPC,2020-06-16,95.2,97.51,93.09,94.2
BCPC,2020-06-17,94.13,95.61,92.73,93.15
BCPC,2020-06-18,91.81,93.07,91.74,92.52
BCPC,2020-06-19,93.38,95.66,89.72,90.68
BCPC,2020-06-22,89.42,93.42,87.96,93.18
BCPC,2020-06-23,94.42,94.66,92.97,94.01
BCPC,2020-06-24,93.04,93.68,90.13,90.6
BCPC,2020-06-25,90.19,91.73,89.54,91.24
BCPC,2020-06-26,90.44,91.36,86.81,87.34
BCPC,2020-06-29,88.52,95.21,87.99,94.33
BCPC,2020-06-30,94.2,95.87,93.39,94.86
BCPC,2020-07-01,95.56,95.71,91.3,91.75
BCPC,2020-07-02,93.04,94.19,93.04,94.16
BCPC,2020-07-06,95.85,95.98,91.99,93.15
BCPC,2020-07-07,92.26,94.52,92.26,93.41
BCPC,2020-07-08,93.06,93.61,89.68,91.71
BCPC,2020-07-09,92.1,92.29,90.1,91.61
BCPC,2020-07-10,91.69,94.51,91.6,94.35
BCPC,2020-07-13,95.34,96.42,93.71,93.84
BCPC,2020-07-14,93.49,95.93,93.1,95.71
BCPC,2020-07-15,97.54,99.72,97.54,98.5
BCPC,2020-07-16,98.26,99.56,98.12,98.71
BCPC,2020-07-17,98.9,100.38,98.9,99.71
BCPC,2020-07-20,98.4,99.97,97.38,97.49
BCPC,2020-07-21,98.5,99.95,98.33,99.01
BCPC,2020-07-22,98.5,99.82,97.69,98.36
BCPC,2020-07-23,98.52,100.36,98.52,100.02
BCPC,2020-07-24,99.81,99.84,97.71,98.21
BCPC,2020-07-27,98.44,101.04,98.44,100.65
BCPC,2020-07-28,100.2,100.2,98.25,98.63
BCPC,2020-07-29,99.17,100.6,98.78,99.43
BCPC,2020-07-30,98.13,99.52,96.88,97.24
BCPC,2020-07-31,99.09,100.97,97.44,100.26
BCPC,2020-08-03,101.0,102.1,98.79,101.73
BCPC,2020-08-04,102.74,102.98,99.59,100.14
BCPC,2020-08-05,100.49,102.18,99.79,101.78
BCPC,2020-08-06,101.34,103.19,101.17,101.96
BCPC,2020-08-07,100.83,103.65,100.83,103.46
BCPC,2020-08-10,104.0,105.31,102.63,102.82
BCPC,2020-08-11,103.86,104.47,102.34,102.83
BCPC,2020-08-12,103.64,104.3,102.16,102.76
BCPC,2020-08-13,102.08,103.21,101.6,101.81
BCPC,2020-08-14,101.09,102.51,99.84,100.57
BCPC,2020-08-17,100.48,101.96,99.73,101.0
BCPC,2020-08-18,101.22,102.22,100.94,101.23
BCPC,2020-08-19,101.35,102.01,100.35,100.89
BCPC,2020-08-20,99.74,100.98,99.74,100.66
BCPC,2020-08-21,100.25,100.99,98.37,99.4
BCPC,2020-08-24,100.2,100.2,99.11,100.01
BCPC,2020-08-25,100.36,100.77,98.67,98.8
BCPC,2020-08-26,98.54,98.84,97.83,98.31
BCPC,2020-08-27,98.87,99.16,97.19,97.52
BCPC,2020-08-28,97.77,98.51,96.95,97.57
BCPC,2020-08-31,97.08,98.31,96.68,97.7
BCPC,2020-09-01,97.26,99.15,97.01,98.71
BCPC,2020-09-02,98.86,100.51,98.51,99.93
BCPC,2020-09-03,100.05,100.46,97.55,98.67
BCPC,2020-09-04,99.82,100.41,98.12,98.88
BCPC,2020-09-08,98.09,98.74,96.8,97.1
BCPC,2020-09-09,97.88,99.52,97.54,98.85
BCPC,2020-09-10,98.88,99.04,97.24,97.31
BCPC,2020-09-11,97.82,98.47,95.72,96.05
BCPC,2020-09-14,96.87,97.73,96.12,96.16
BCPC,2020-09-15,96.94,98.0,95.96,96.12
BCPC,2020-09-16,96.7,96.7,94.57,94.78
BCPC,2020-09-17,92.91,95.58,92.6,95.27
BCPC,2020-09-18,96.28,97.29,94.59,96.97
BCPC,2020-09-21,95.45,95.92,93.68,95.24
BCPC,2020-09-22,95.45,95.88,94.69,95.56
BCPC,2020-09-23,95.15,96.09,94.7,95.1
BCPC,2020-09-24,94.98,95.69,94.74,95.29
BCPC,2020-09-25,94.97,95.9,94.97,95.65
BCPC,2020-09-28,96.41,97.79,96.41,96.7
BCPC,2020-09-29,96.83,97.87,96.61,97.24
BCPC,2020-09-30,96.2,99.28,96.2,97.63
BCPC,2020-10-01,97.57,98.9,97.54,98.65
BCPC,2020-10-02,97.51,99.42,97.06,98.58
BCPC,2020-10-05,99.08,100.41,98.21,99.26
BCPC,2020-10-06,99.87,101.88,99.31,100.88
BCPC,2020-10-07,101.85,103.5,101.14,101.14
BCPC,2020-10-08,100.31,102.84,100.31,102.08
BCPC,2020-10-09,102.4,104.87,102.4,103.42
BCPC,2020-10-12,103.31,106.17,103.04,105.9
BCPC,2020-10-13,105.74,106.67,103.77,104.51
BCPC,2020-10-14,104.31,105.0,103.35,103.36
BCPC,2020-10-15,102.47,104.78,102.11,104.36
BCPC,2020-10-16,104.13,106.52,104.13,105.32
BCPC,2020-10-19,105.93,106.63,104.19,104.49
BCPC,2020-10-20,105.33,105.89,104.61,104.63
BCPC,2020-10-21,105.07,105.86,103.9,104.25
BCPC,2020-10-22,104.66,104.91,102.97,104.39
BCPC,2020-10-23,104.92,105.52,104.0,104.8
BCPC,2020-10-26,104.05,104.37,102.48,103.01
BCPC,2020-10-27,102.71,103.57,101.69,101.94
BCPC,2020-10-28,100.0,101.49,98.73,99.05
BCPC,2020-10-29,98.04,100.55,97.32,100.24
BCPC,2020-10-30,99.85,100.07,98.39,99.95
BCPC,2020-11-02,100.94,102.21,99.46,101.47
BCPC,2020-11-03,102.79,103.56,101.12,101.34
BCPC,2020-11-04,100.39,103.55,98.32,100.07
BCPC,2020-11-05,100.72,102.58,100.29,100.83
BCPC,2020-11-06,101.43,101.95,100.81,100.94
BCPC,2020-11-09,106.49,109.3,101.8,101.91
BCPC,2020-11-10,102.92,106.39,101.8,103.57
BCPC,2020-11-11,103.44,104.42,102.98,103.76
BCPC,2020-11-12,103.96,106.42,102.87,103.0
BCPC,2020-11-13,103.29,106.58,103.0,106.21
BCPC,2020-11-16,107.95,109.89,106.83,107.2
BCPC,2020-11-17,106.2,106.72,104.5,105.15
BCPC,2020-11-18,105.67,106.51,101.35,101.49
BCPC,2020-11-19,101.34,103.02,100.62,102.72
BCPC,2020-11-20,101.63,104.12,101.29,103.81
BCPC,2020-11-23,103.85,104.27,102.98,103.25
BCPC,2020-11-24,104.26,104.26,102.72,103.29
BCPC,2020-11-25,102.86,103.65,101.66,102.87
BCPC,2020-11-27,102.83,105.64,102.83,105.27
BCPC,2020-11-30,104.42,105.99,103.26,103.69
BCPC,2020-12-01,104.41,104.63,102.99,104.43
BCPC,2020-12-02,104.77,104.77,102.89,103.36
BCPC,2020-12-03,103.69,104.1,102.77,103.79
BCPC,2020-12-04,104.33,105.79,103.76,105.12
BCPC,2020-12-07,105.69,106.81,104.9,106.56
BCPC,2020-12-08,106.58,109.17,106.58,109.08
BCPC,2020-12-09,109.6,111.96,108.41,111.65
BCPC,2020-12-10,110.63,111.92,109.76,110.45
BCPC,2020-12-11,111.25,113.0,111.06,111.74
BCPC,2020-12-14,112.63,113.36,109.73,109.99
BCPC,2020-12-15,110.71,112.5,110.5,112.38
BCPC,2020-12-16,112.5,113.34,111.4,112.24
BCPC,2020-12-17,112.86,113.99,111.77,113.66
BCPC,2020-12-18,114.5,114.66,112.73,113.12
BCPC,2020-12-21,112.0,113.48,110.56,112.85
BCPC,2020-12-22,112.95,114.11,112.9,113.24
BCPC,2020-12-23,114.01,114.93,112.44,113.12
BCPC,2020-12-24,112.77,113.65,112.23,113.65
BCPC,2020-12-28,114.68,114.84,112.45,113.68
BCPC,2020-12-29,113.29,113.68,111.99,112.92
BCPC,2020-12-30,112.92,114.98,112.92,114.5
BCPC,2020-12-31,114.72,115.67,113.77,115.22
BCPC,2021-01-04,116.28,117.72,114.11,115.34
BCPC,2021-01-05,114.88,118.57,114.71,117.51
BCPC,2021-01-06,118.9,128.27,118.9,127.38
BCPC,2021-01-07,127.21,130.53,125.68,129.86
BCPC,2021-01-08,129.5,130.34,124.49,129.81
BCPC,2021-01-11,128.89,129.92,127.07,129.48
BCPC,2021-01-12,129.47,131.79,128.07,131.53
BCPC,2021-01-13,131.0,132.5,124.13,124.66
BCPC,2021-01-14,125.14,125.47,123.34,123.69
BCPC,2021-01-15,122.37,123.87,121.1,122.15
BCPC,2021-01-19,122.14,124.65,118.04,118.6
BCPC,2021-01-20,118.97,120.22,116.71,118.32
BCPC,2021-01-21,118.86,118.91,116.96,118.11
BCPC,2021-01-22,116.56,118.81,116.41,117.83
BCPC,2021-01-25,117.38,119.85,116.63,117.95
BCPC,2021-01-26,118.78,118.78,114.66,114.75
BCPC,2021-01-27,112.45,113.75,107.47,111.13
BCPC,2021-01-28,112.67,112.67,107.79,108.82
BCPC,2021-01-29,108.26,109.89,106.86,107.03
BCPC,2021-02-01,107.88,111.25,106.29,110.44
BCPC,2021-02-02,111.41,113.12,109.75,112.31
BCPC,2021-02-03,111.81,112.22,109.78,112.02
BCPC,2021-02-04,111.62,114.18,111.62,113.59
BCPC,2021-02-05,114.45,115.58,112.86,115.56
BCPC,2021-02-08,117.15,118.96,114.94,118.96
BCPC,2021-02-09,118.69,122.0,118.69,121.75
BCPC,2021-02-10,121.37,122.33,117.7,117.85
BCPC,2021-02-11,118.7,120.1,117.3,119.13
BCPC,2021-02-12,118.45,120.2,118.45,120.03
BCPC,2021-02-16,120.01,120.01,116.11,116.23
BCPC,2021-02-17,115.64,117.52,114.66,116.32
BCPC,2021-02-18,116.46,116.85,114.7,115.31
BCPC,2021-02-19,109.88,116.49,109.88,114.55
BCPC,2021-02-22,120.36,122.18,116.56,121.57
BCPC,2021-02-23,121.88,125.0,119.99,120.76
BCPC,2021-02-24,121.0,123.35,119.97,122.67
BCPC,2021-02-25,122.6,123.75,119.99,120.08
BCPC,2021-02-26,120.37,121.46,118.42,119.36
BCPC,2021-03-01,121.23,122.62,118.84,119.53
BCPC,2021-03-02,119.04,122.99,118.7,118.97
BCPC,2021-03-03,119.59,122.18,118.63,121.02
BCPC,2021-03-04,121.45,122.72,120.21,121.71
BCPC,2021-03-05,123.21,123.51,121.05,123.49
BCPC,2021-03-08,124.36,126.16,123.17,125.46
BCPC,2021-03-09,125.95,128.74,125.9,127.53
BCPC,2021-03-10,127.82,131.98,127.33,131.25
BCPC,2021-03-11,131.91,132.09,127.39,129.19
BCPC,2021-03-12,128.73,131.02,128.03,130.7
BCPC,2021-03-15,129.88,130.4,127.74,128.25
BCPC,2021-03-16,127.54,129.64,126.73,128.81
BCPC,2021-03-17,128.77,128.77,126.57,128.57
BCPC,2021-03-18,127.86,128.81,126.89,128.18
BCPC,2021-03-19,127.56,128.81,126.7,127.65
BCPC,2021-03-22,128.41,128.7,125.93,126.57
BCPC,2021-03-23,125.98,126.05,123.1,123.64
BCPC,2021-03-24,123.69,126.37,123.69,124.92
BCPC,2021-03-25,123.72,126.76,123.37,125.97
BCPC,2021-03-26,126.95,128.77,126.08,128.28
BCPC,2021-03-29,127.4,129.75,125.46,126.22
BCPC,2021-03-30,125.49,126.96,125.29,126.58
BCPC,2021-03-31,126.42,127.17,124.47,125.41
BCPC,2021-04-01,126.26,127.04,124.45,126.37
BCPC,2021-04-05,126.82,128.66,125.7,126.5
BCPC,2021-04-06,126.89,127.0,124.74,125.41
BCPC,2021-04-07,125.28,125.28,120.82,120.87
BCPC,2021-04-08,121.26,121.33,120.02,120.6
BCPC,2021-04-09,120.74,122.51,119.77,121.27
BCPC,2021-04-12,121.37,122.49,120.9,121.19
BCPC,2021-04-13,121.38,122.54,119.37,122.15
BCPC,2021-04-14,121.96,123.73,121.33,121.78
BCPC,2021-04-15,122.63,122.77,121.11,122.1
BCPC,2021-04-16,123.18,123.56,122.31,122.84
BCPC,2021-04-19,123.03,124.3,121.4,122.08
BCPC,2021-04-20,121.38,122.88,120.4,121.04
BCPC,2021-04-21,121.18,122.85,120.87,121.52
BCPC,2021-04-22,121.74,121.74,119.71,119.87
BCPC,2021-04-23,120.22,124.73,119.59,124.21
BCPC,2021-04-26,125.36,125.36,123.69,124.21
BCPC,2021-04-27,124.21,124.21,122.57,124.01
BCPC,2021-04-28,124.23,125.12,123.69,124.97
BCPC,2021-04-29,125.11,125.11,122.83,124.62
BCPC,2021-04-30,123.58,128.43,123.58,127.19
BCPC,2021-05-03,127.56,131.18,126.42,130.44
BCPC,2021-05-04,130.35,133.7,130.0,133.6
BCPC,2021-05-05,134.0,134.0,130.28,132.63
BCPC,2021-05-06,132.0,133.51,126.95,132.91
BCPC,2021-05-07,133.13,133.13,131.01,131.58
BCPC,2021-05-10,131.09,132.25,129.44,129.46
BCPC,2021-05-11,128.09,131.3,128.09,130.4
BCPC,2021-05-12,129.8,131.19,128.12,128.27
BCPC,2021-05-13,128.69,133.41,128.69,133.2
BCPC,2021-05-14,133.51,134.58,132.02,133.25
BCPC,2021-05-17,132.62,133.98,130.78,131.01
BCPC,2021-05-18,131.13,132.18,130.05,131.56
BCPC,2021-05-19,130.9,132.73,130.9,131.72
BCPC,2021-05-20,131.43,131.78,128.49,129.48
BCPC,2021-05-21,130.46,130.46,128.29,129.33
BCPC,2021-05-24,129.33,130.23,128.44,129.35
BCPC,2021-05-25,129.17,129.89,127.96,128.36
BCPC,2021-05-26,128.18,130.79,128.01,130.35
BCPC,2021-05-27,130.8,132.09,130.0,131.08
BCPC,2021-05-28,130.94,131.1,129.99,131.0
BCPC,2021-06-01,132.01,133.68,130.02,133.27
BCPC,2021-06-02,133.82,133.82,130.7,131.89
BCPC,2021-06-03,131.83,132.31,130.17,132.03
BCPC,2021-06-04,132.58,133.48,131.71,132.81
BCPC,2021-06-07,133.29,133.5,131.05,132.3
BCPC,2021-06-08,132.09,133.01,130.89,132.94
BCPC,2021-06-09,132.72,133.57,132.16,133.37
BCPC,2021-06-10,133.97,134.14,132.33,132.46
BCPC,2021-06-11,132.34,132.87,130.07,132.14
BCPC,2021-06-14,132.29,132.48,130.81,132.3
BCPC,2021-06-15,132.39,133.32,131.57,133.32
BCPC,2021-06-16,132.89,134.11,132.36,133.92
BCPC,2021-06-17,133.4,133.46,130.34,131.68
BCPC,2021-06-18,130.36,131.22,129.54,129.76
BCPC,2021-06-21,130.14,132.48,130.14,131.87
BCPC,2021-06-22,131.86,132.1,130.71,131.54
BCPC,2021-06-23,131.24,131.24,129.89,130.23
BCPC,2021-06-24,130.44,132.14,130.43,131.61
BCPC,2021-06-25,131.36,132.84,130.91,131.8
BCPC,2021-06-28,132.12,132.12,130.9,131.22
BCPC,2021-06-29,131.04,131.14,130.36,130.83
BCPC,2021-06-30,130.37,131.66,130.37,131.26
BCPC,2021-07-01,131.63,133.07,130.94,132.81
BCPC,2021-07-02,133.33,133.33,131.08,131.29
BCPC,2021-07-06,131.47,131.62,129.0,131.02
BCPC,2021-07-07,130.94,133.34,130.64,133.02
BCPC,2021-07-08,131.76,132.73,129.59,130.02
BCPC,2021-07-09,130.98,131.83,130.33,130.97
BCPC,2021-07-12,130.81,131.98,129.48,131.83
BCPC,2021-07-13,131.06,132.02,129.76,129.77
BCPC,2021-07-14,129.99,130.55,129.36,129.73
BCPC,2021-07-15,129.05,130.56,128.74,130.39
BCPC,2021-07-16,131.05,131.17,129.74,129.89
BCPC,2021-07-19,128.53,129.92,128.34,129.2
BCPC,2021-07-20,129.42,132.74,128.9,130.79
BCPC,2021-07-21,131.42,131.92,130.0,130.18
BCPC,2021-07-22,129.86,130.93,129.56,129.75
BCPC,2021-07-23,130.08,131.94,129.42,131.87
BCPC,2021-07-26,132.15,132.9,130.64,132.41
BCPC,2021-07-27,131.53,133.03,131.27,132.45
BCPC,2021-07-28,132.73,132.76,130.85,132.07
BCPC,2021-07-29,132.28,134.8,132.28,134.22
BCPC,2021-07-30,133.43,139.59,133.34,134.89
BCPC,2021-08-02,134.89,135.28,132.32,133.13
BCPC,2021-08-03,132.87,132.87,131.26,132.06
BCPC,2021-08-04,131.21,132.07,130.34,130.92
BCPC,2021-08-05,131.62,132.8,130.37,132.54
BCPC,2021-08-06,133.58,134.6,132.9,133.79
BCPC,2021-08-09,133.48,133.8,130.82,131.08
BCPC,2021-08-10,130.76,132.15,130.6,130.83
BCPC,2021-08-11,130.83,132.68,129.87,130.49
BCPC,2021-08-12,130.68,131.4,128.68,129.24
BCPC,2021-08-13,129.35,131.07,128.52,130.56
BCPC,2021-08-16,130.08,132.22,129.41,131.32
BCPC,2021-08-17,130.45,131.54,129.57,130.59
BCPC,2021-08-18,130.29,132.84,130.0,130.32
BCPC,2021-08-19,129.84,131.55,129.7,131.2
BCPC,2021-08-20,130.8,134.49,130.42,133.96
BCPC,2021-08-23,134.82,135.95,133.91,135.95
BCPC,2021-08-24,136.07,136.56,133.12,133.52
BCPC,2021-08-25,133.15,134.34,131.99,133.7
BCPC,2021-08-26,133.86,135.5,133.68,134.15
BCPC,2021-08-27,134.19,138.18,133.02,137.87
BCPC,2021-08-30,138.4,140.37,138.0,139.37
BCPC,2021-08-31,139.0,140.78,138.66,140.42
BCPC,2021-09-01,140.76,141.17,138.45,139.92
BCPC,2021-09-02,140.25,142.46,140.25,142.13
BCPC,2021-09-03,141.74,142.25,140.46,140.72
BCPC,2021-09-07,140.33,140.33,137.93,138.8
BCPC,2021-09-08,138.28,141.38,137.81,141.07
BCPC,2021-09-09,141.09,141.09,138.6,139.13
BCPC,2021-09-10,139.92,140.29,138.73,138.76
BCPC,2021-09-13,139.74,140.09,137.0,139.47
BCPC,2021-09-14,139.87,140.68,137.29,137.72
BCPC,2021-09-15,137.82,139.45,137.13,139.12
BCPC,2021-09-16,139.42,139.42,137.29,138.45
BCPC,2021-09-17,138.57,141.92,136.93,140.02
BCPC,2021-09-20,137.02,139.73,135.63,139.26
BCPC,2021-09-21,140.08,141.45,138.06,140.63
BCPC,2021-09-22,141.01,141.62,139.43,140.73
BCPC,2021-09-23,140.96,145.61,140.49,145.31
BCPC,2021-09-24,143.94,147.11,143.94,145.28
BCPC,2021-09-27,144.31,148.18,144.31,147.14
BCPC,2021-09-28,147.7,150.96,147.0,150.61
BCPC,2021-09-29,149.42,151.12,145.49,146.24
BCPC,2021-09-30,147.25,148.87,144.81,145.07
BCPC,2021-10-01,145.82,149.59,145.19,149.18
BCPC,2021-10-04,149.41,151.58,148.71,150.95
BCPC,2021-10-05,151.0,151.3,148.89,149.36
BCPC,2021-10-06,148.79,150.74,147.21,150.74
BCPC,2021-10-07,151.51,153.71,151.51,152.98
BCPC,2021-10-08,153.13,153.25,152.0,152.89
BCPC,2021-10-11,153.38,154.63,152.65,152.99
BCPC,2021-10-12,152.76,153.99,151.94,152.34
BCPC,2021-10-13,152.0,152.97,148.81,149.53
BCPC,2021-10-14,150.0,153.66,150.0,152.84
BCPC,2021-10-15,154.7,154.84,150.94,150.97
BCPC,2021-10-18,151.21,152.82,151.21,152.82
BCPC,2021-10-19,153.0,153.99,152.02,153.21
BCPC,2021-10-20,153.15,154.97,153.15,154.24
BCPC,2021-10-21,154.41,155.66,153.15,155.58
BCPC,2021-10-22,155.98,156.22,154.76,154.76
BCPC,2021-10-25,155.18,156.58,154.26,154.54
BCPC,2021-10-26,154.32,155.53,153.96,153.96
BCPC,2021-10-27,153.32,154.37,151.33,151.88
BCPC,2021-10-28,152.36,154.8,152.36,153.19
BCPC,2021-10-29,152.54,155.78,151.26,153.09
BCPC,2021-11-01,154.11,155.6,151.62,152.0
BCPC,2021-11-02,151.66,156.13,151.66,155.43
BCPC,2021-11-03,155.78,157.39,154.51,156.73
BCPC,2021-11-04,157.13,160.12,156.39,156.89
BCPC,2021-11-05,158.07,162.73,158.07,161.86
BCPC,2021-11-08,162.78,165.25,161.36,163.9
BCPC,2021-11-09,163.91,164.73,163.57,164.01
BCPC,2021-11-10,164.4,164.61,162.06,163.14
BCPC,2021-11-11,163.14,163.88,161.62,163.32
BCPC,2021-11-12,163.54,165.61,163.54,165.26
BCPC,2021-11-15,165.52,165.52,163.44,164.19
BCPC,2021-11-16,164.58,166.93,164.0,165.66
BCPC,2021-11-17,165.91,167.98,165.65,167.51
BCPC,2021-11-18,167.26,169.54,167.16,169.25
BCPC,2021-11-19,168.78,170.19,166.76,167.43
BCPC,2021-11-22,167.88,174.1,167.61,172.5
BCPC,2021-11-23,172.82,174.29,171.28,172.32
BCPC,2021-11-24,171.33,171.91,168.95,169.56
BCPC,2021-11-26,167.21,168.08,163.32,165.28
BCPC,2021-11-29,163.53,166.58,161.78,162.24
BCPC,2021-11-30,160.96,162.01,157.48,158.0
BCPC,2021-12-01,160.09,161.84,157.23,157.24
BCPC,2021-12-02,157.81,160.93,156.92,160.28
BCPC,2021-12-03,161.21,162.76,157.39,158.0
BCPC,2021-12-06,159.37,163.54,158.0,162.95
BCPC,2021-12-07,164.32,165.65,163.47,164.42
BCPC,2021-12-08,165.05,166.84,163.64,166.47
BCPC,2021-12-09,165.62,166.44,164.68,165.73
BCPC,2021-12-10,166.83,167.08,164.66,164.95
BCPC,2021-12-13,164.6,168.01,164.28,166.71
BCPC,2021-12-14,166.08,168.1,165.19,165.86
BCPC,2021-12-15,166.37,169.95,165.08,168.97
BCPC,2021-12-16,170.04,170.49,166.47,166.99
BCPC,2021-12-17,166.99,168.55,163.94,165.07
BCPC,2021-12-20,163.56,165.34,161.65,164.86
BCPC,2021-12-21,165.88,165.91,163.86,165.14
BCPC,2021-12-22,164.94,165.78,163.27,164.9
BCPC,2021-12-23,164.65,165.55,163.71,164.21
BCPC,2021-12-27,164.48,166.18,161.36,166.13
BCPC,2021-12-28,166.45,169.06,166.0,167.64
BCPC,2021-12-29,167.72,170.33,167.72,170.05
BCPC,2021-12-30,170.55,173.8,168.56,169.05
BCPC,2021-12-31,168.56,169.88,167.63,168.6
BCPC,2022-01-03,168.2,168.5,166.07,167.02
BCPC,2022-01-04,167.29,169.01,166.9,167.55
BCPC,2022-01-05,166.98,168.24,163.58,163.77
BCPC,2022-01-06,163.73,165.48,161.71,162.84
BCPC,2022-01-07,162.2,163.25,158.83,158.94
BCPC,2022-01-10,158.59,158.87,156.1,156.87
BCPC,2022-01-11,156.87,157.85,154.73,157.18
BCPC,2022-01-12,157.86,158.93,156.16,158.35
BCPC,2022-01-13,158.76,158.97,156.82,156.83
BCPC,2022-01-14,155.88,156.99,154.1,155.52
BCPC,2022-01-18,154.29,154.29,148.7,149.75
BCPC,2022-01-19,150.03,152.81,149.67,150.68
BCPC,2022-01-20,151.24,152.48,147.93,148.11
BCPC,2022-01-21,147.24,151.71,147.11,148.62
BCPC,2022-01-24,147.29,151.46,146.36,150.68
BCPC,2022-01-25,148.55,151.19,144.61,147.21
BCPC,2022-01-26,148.47,148.95,143.22,144.97
BCPC,2022-01-27,145.16,147.54,142.44,142.75
BCPC,2022-01-28,142.82,144.53,140.8,144.53
BCPC,2022-01-31,143.64,147.29,143.64,146.94
BCPC,2022-02-01,147.43,148.05,143.73,145.07
BCPC,2022-02-02,145.77,145.77,142.62,143.0
BCPC,2022-02-03,141.84,143.0,139.03,139.96
BCPC,2022-02-04,139.42,140.78,138.28,139.51
BCPC,2022-02-07,139.02,139.09,136.43,137.81
BCPC,2022-02-08,138.36,141.89,138.36,140.64
BCPC,2022-02-09,141.15,142.39,138.95,139.91
BCPC,2022-02-10,138.28,139.91,137.31,138.07
BCPC,2022-02-11,138.06,139.05,135.68,137.74
BCPC,2022-02-14,138.2,138.94,136.18,137.73
BCPC,2022-02-15,138.56,139.84,137.96,139.38
BCPC,2022-02-16,139.37,140.11,138.2,139.93
BCPC,2022-02-17,139.04,139.74,138.43,138.58
BCPC,2022-02-18,133.79,139.77,133.79,138.01
BCPC,2022-02-22,139.38,147.8,137.5,140.02
BCPC,2022-02-23,140.4,141.45,137.4,137.62
BCPC,2022-02-24,135.49,138.79,135.49,138.73
BCPC,2022-02-25,139.46,141.24,139.01,141.04
BCPC,2022-02-28,139.55,140.0,137.53,138.34
BCPC,2022-03-01,137.48,138.25,134.11,136.5
BCPC,2022-03-02,137.3,139.65,136.47,138.57
BCPC,2022-03-03,139.1,139.1,137.55,138.28
BCPC,2022-03-04,137.51,140.98,136.11,140.87
BCPC,2022-03-07,140.35,140.38,133.49,134.13
BCPC,2022-03-08,133.24,133.69,129.48,131.21
BCPC,2022-03-09,133.03,136.41,131.74,136.03
BCPC,2022-03-10,134.42,136.36,133.22,136.05
BCPC,2022-03-11,136.58,137.27,133.16,133.51
BCPC,2022-03-14,134.2,135.02,132.77,133.17
BCPC,2022-03-15,133.87,135.09,133.04,134.5
BCPC,2022-03-16,135.4,137.67,133.93,136.18
BCPC,2022-03-17,135.94,139.28,135.55,138.9
BCPC,2022-03-18,139.1,140.75,136.55,140.2
BCPC,2022-03-21,140.4,141.3,139.21,139.99
BCPC,2022-03-22,139.9,142.18,139.0,139.85
BCPC,2022-03-23,139.13,139.13,136.23,136.61
BCPC,2022-03-24,137.08,137.34,135.77,137.08
BCPC,2022-03-25,137.36,137.96,136.36,137.7
BCPC,2022-03-28,137.16,137.9,135.94,137.68
BCPC,2022-03-29,138.3,141.17,138.3,140.54
BCPC,2022-03-30,140.78,140.98,137.3,137.65
BCPC,2022-03-31,137.23,138.45,136.38,136.7
BCPC,2022-04-01,137.04,139.93,135.09,139.82
BCPC,2022-04-04,139.58,140.08,136.37,137.93
BCPC,2022-04-05,138.32,138.32,135.85,136.37
BCPC,2022-04-06,135.37,136.31,134.96,135.55
BCPC,2022-04-07,135.95,136.98,134.99,136.56
BCPC,2022-04-08,136.9,137.27,134.34,134.7
BCPC,2022-04-11,134.0,135.84,133.07,133.69
BCPC,2022-04-12,134.83,136.03,132.85,133.68
BCPC,2022-04-13,133.91,135.6,133.6,135.05
BCPC,2022-04-14,135.31,135.96,133.26,133.42
BCPC,2022-04-18,132.82,133.34,130.08,130.82
BCPC,2022-04-19,130.33,133.77,130.33,133.12
BCPC,2022-04-20,134.16,135.5,133.33,133.57
BCPC,2022-04-21,134.71,134.77,131.59,132.04
BCPC,2022-04-22,131.83,132.11,129.65,129.65
BCPC,2022-04-25,129.05,130.05,126.65,129.4
BCPC,2022-04-26,128.4,129.61,125.15,125.36
BCPC,2022-04-27,125.36,128.11,125.36,126.02
BCPC,2022-04-28,127.3,127.68,123.52,127.59
BCPC,2022-04-29,133.86,134.84,122.65,123.2
BCPC,2022-05-02,122.87,124.36,119.97,122.14
BCPC,2022-05-03,121.7,124.21,118.71,122.32
BCPC,2022-05-04,122.83,125.73,121.64,125.39
BCPC,2022-05-05,124.33,124.81,119.04,120.65
BCPC,2022-05-06,120.23,120.75,118.0,119.29
BCPC,2022-05-09,118.47,119.82,117.39,118.47
BCPC,2022-05-10,119.53,119.92,116.36,118.03
BCPC,2022-05-11,118.02,120.42,115.74,116.17
BCPC,2022-05-12,116.35,117.79,114.79,117.77
BCPC,2022-05-13,118.98,120.1,117.78,118.91
BCPC,2022-05-16,118.25,119.9,117.94,118.22
BCPC,2022-05-17,119.9,120.6,119.19,119.9
BCPC,2022-05-18,118.16,119.34,115.9,118.1
BCPC,2022-05-19,117.49,119.68,117.49,118.7
BCPC,2022-05-20,120.13,122.56,116.68,120.52
BCPC,2022-05-23,121.71,122.12,118.75,121.79
BCPC,2022-05-24,121.89,122.93,119.63,122.82
BCPC,2022-05-25,122.79,125.29,122.51,124.09
BCPC,2022-05-26,124.32,127.24,124.32,126.53
BCPC,2022-05-27,127.29,128.59,126.29,126.89
BCPC,2022-05-31,126.63,127.28,122.86,124.43
BCPC,2022-06-01,124.88,125.24,123.62,123.97
BCPC,2022-06-02,123.95,128.78,122.91,128.52
BCPC,2022-06-03,127.93,128.35,125.75,125.87
BCPC,2022-06-06,126.15,128.53,125.98,126.86
BCPC,2022-06-07,125.58,127.42,125.37,127.08
BCPC,2022-06-08,126.29,128.09,124.31,124.99
BCPC,2022-06-09,124.99,125.77,124.03,124.04
BCPC,2022-06-10,122.38,122.71,118.71,118.97
BCPC,2022-06-13,116.77,118.37,116.48,117.53
BCPC,2022-06-14,118.58,118.58,114.68,116.54
BCPC,2022-06-15,117.79,117.79,115.3,116.29
BCPC,2022-06-16,114.28,114.9,112.58,113.6
BCPC,2022-06-17,114.93,116.26,114.15,114.59
BCPC,2022-06-21,115.34,117.26,110.15,116.67
BCPC,2022-06-22,116.18,119.17,116.1,117.98
BCPC,2022-06-23,118.58,121.62,117.7,121.33
BCPC,2022-06-24,121.59,126.66,121.42,126.6
BCPC,2022-06-27,126.88,127.35,125.13,125.58
BCPC,2022-06-28,125.69,127.49,125.38,126.26
BCPC,2022-06-29,126.04,128.01,125.27,127.98
BCPC,2022-06-30,126.56,130.56,126.25,129.74
BCPC,2022-07-01,129.2,130.61,128.37,130.37
BCPC,2022-07-05,129.32,130.01,127.46,128.94
BCPC,2022-07-06,128.82,132.34,128.82,131.8
BCPC,2022-07-07,132.39,132.85,130.96,131.41
BCPC,2022-07-08,131.27,132.02,129.18,130.36
BCPC,2022-07-11,129.73,130.32,127.86,128.19
BCPC,2022-07-12,127.73,129.37,126.35,126.71
BCPC,2022-07-13,125.18,127.33,125.14,125.72
BCPC,2022-07-14,124.27,128.56,122.73,128.17
BCPC,2022-07-15,130.47,130.98,128.01,129.51
BCPC,2022-07-18,129.7,129.7,126.06,126.36
BCPC,2022-07-19,127.05,130.57,127.03,130.35
BCPC,2022-07-20,130.74,131.29,129.22,130.9
BCPC,2022-07-21,131.2,132.51,130.47,132.51
BCPC,2022-07-22,133.08,134.54,131.86,133.13
BCPC,2022-07-25,133.88,134.43,133.33,134.31
BCPC,2022-07-26,133.62,134.23,132.99,133.78
BCPC,2022-07-27,133.68,133.97,131.65,133.5
BCPC,2022-07-28,133.4,135.06,132.76,134.85
BCPC,2022-07-29,135.36,136.88,134.24,135.76
BCPC,2022-08-01,134.2,136.88,127.66,127.86
BCPC,2022-08-02,127.11,128.35,124.53,124.53
BCPC,2022-08-03,125.45,126.26,123.91,125.92
BCPC,2022-08-04,125.63,127.02,125.39,126.75
BCPC,2022-08-05,126.19,127.68,125.31,127.51
BCPC,2022-08-08,128.37,128.85,126.74,127.77
BCPC,2022-08-09,128.06,128.06,125.05,125.21
BCPC,2022-08-10,127.1,129.03,126.05,128.4
BCPC,2022-08-11,129.38,130.62,128.26,129.48
BCPC,2022-08-12,130.38,134.22,130.35,134.17
BCPC,2022-08-15,134.12,136.14,133.54,135.5
BCPC,2022-08-16,134.9,136.82,134.51,136.65
BCPC,2022-08-17,136.17,137.69,135.04,136.96
BCPC,2022-08-18,137.51,138.73,135.84,138.16
BCPC,2022-08-19,137.21,138.57,136.85,138.0
BCPC,2022-08-22,138.4,140.63,136.51,139.02
BCPC,2022-08-23,138.53,138.97,135.78,136.31
BCPC,2022-08-24,136.21,137.72,135.79,137.16
BCPC,2022-08-25,138.06,141.48,138.06,141.48
BCPC,2022-08-26,142.0,142.0,137.57,138.0
BCPC,2022-08-29,136.88,137.69,135.64,136.38
BCPC,2022-08-30,136.83,136.83,134.01,134.12
BCPC,2022-08-31,134.34,136.43,131.19,131.82
BCPC,2022-09-01,130.51,130.65,129.28,130.43
BCPC,2022-09-02,131.14,133.25,128.52,129.2
BCPC,2022-09-06,129.57,131.15,128.57,130.37
BCPC,2022-09-07,130.71,134.35,130.39,134.35
BCPC,2022-09-08,133.12,134.42,132.38,133.13
BCPC,2022-09-09,133.23,134.57,132.29,133.42
BCPC,2022-09-12,134.08,135.54,133.58,135.2
BCPC,2022-09-13,132.75,133.74,131.76,131.76
BCPC,2022-09-14,131.69,131.69,128.53,129.54
BCPC,2022-09-15,128.73,128.8,125.31,125.71
BCPC,2022-09-16,124.55,124.55,120.53,123.22
BCPC,2022-09-19,122.5,125.99,122.5,125.96
BCPC,2022-09-20,124.99,125.62,123.75,124.43
BCPC,2022-09-21,124.99,126.16,122.98,123.09
BCPC,2022-09-22,122.8,122.84,121.12,122.0
BCPC,2022-09-23,121.24,121.7,119.71,121.1
BCPC,2022-09-26,121.22,124.65,120.41,123.76
BCPC,2022-09-27,124.24,124.7,119.11,119.7
BCPC,2022-09-28,120.7,123.72,120.31,122.94
BCPC,2022-09-29,121.55,122.11,120.42,121.77
BCPC,2022-09-30,121.82,125.08,121.04,121.58
BCPC,2022-10-03,123.29,126.86,122.97,126.02
BCPC,2022-10-04,126.99,128.39,126.99,128.15
BCPC,2022-10-05,127.5,128.33,125.26,126.33
BCPC,2022-10-06,125.61,125.84,123.88,124.19
BCPC,2022-10-07,123.73,123.99,120.75,121.94
BCPC,2022-10-10,122.63,127.73,122.05,123.49
BCPC,2022-10-11,122.94,124.5,122.05,123.42
BCPC,2022-10-12,123.48,124.94,122.28,123.91
BCPC,2022-10-13,121.45,127.66,121.45,126.91
BCPC,2022-10-14,128.08,128.08,125.0,126.32
BCPC,2022-10-17,128.09,130.07,128.09,129.21
BCPC,2022-10-18,130.66,133.39,130.52,132.59
BCPC,2022-10-19,131.33,132.3,130.04,131.86
BCPC,2022-10-20,131.77,132.35,125.81,127.3
BCPC,2022-10-21,128.38,131.63,124.77,130.34
BCPC,2022-10-24,131.13,132.69,130.1,132.22
BCPC,2022-10-25,132.55,136.02,132.55,134.89
BCPC,2022-10-26,135.69,137.52,133.85,135.66
BCPC,2022-10-27,136.88,139.03,135.65,136.43
BCPC,2022-10-28,137.06,140.88,136.42,140.14
BCPC,2022-10-31,139.42,140.86,137.7,139.8
BCPC,2022-11-01,140.28,140.42,138.07,139.3
BCPC,2022-11-02,139.69,140.99,134.88,134.88
BCPC,2022-11-03,133.3,134.93,131.59,133.89
BCPC,2022-11-04,134.43,138.19,132.09,137.13
BCPC,2022-11-07,138.0,138.65,131.85,133.02
BCPC,2022-11-08,133.99,136.69,132.17,133.56
BCPC,2022-11-09,132.51,134.92,132.51,133.25
BCPC,2022-11-10,137.82,141.74,136.53,141.62
BCPC,2022-11-11,142.54,143.88,139.44,141.03
BCPC,2022-11-14,140.93,143.39,140.3,142.11
BCPC,2022-11-15,142.88,143.67,141.39,142.73
BCPC,2022-11-16,142.71,142.89,140.13,141.54
BCPC,2022-11-17,139.79,140.73,138.19,140.71
BCPC,2022-11-18,142.82,143.49,139.76,141.66
BCPC,2022-11-21,141.84,143.59,141.23,142.3
BCPC,2022-11-22,142.5,143.05,139.79,141.46
BCPC,2022-11-23,141.72,143.26,140.29,141.88
BCPC,2022-11-25,142.31,143.07,140.97,141.94
BCPC,2022-11-28,141.09,143.74,138.26,138.82
BCPC,2022-11-29,139.05,140.13,137.79,137.79
BCPC,2022-11-30,137.31,140.88,135.12,140.8
BCPC,2022-12-01,141.79,142.4,139.77,140.9
BCPC,2022-12-02,139.48,143.06,139.48,141.08
BCPC,2022-12-05,139.99,139.99,130.54,131.27
BCPC,2022-12-06,130.83,132.82,128.48,129.26
BCPC,2022-12-07,129.95,133.61,128.4,133.36
BCPC,2022-12-08,133.36,134.78,130.06,133.53
BCPC,2022-12-09,132.77,133.65,131.02,131.57
BCPC,2022-12-12,131.59,131.79,130.03,131.27
BCPC,2022-12-13,134.92,135.99,131.19,131.78
BCPC,2022-12-14,131.6,133.61,128.29,129.18
BCPC,2022-12-15,127.67,128.43,122.21,122.69
BCPC,2022-12-16,120.86,122.89,119.97,120.88
BCPC,2022-12-19,121.97,122.68,120.3,122.5
BCPC,2022-12-20,122.09,123.39,121.25,121.44
BCPC,2022-12-21,121.74,123.73,121.14,122.46
BCPC,2022-12-22,121.54,121.94,120.1,121.93
BCPC,2022-12-23,120.89,122.46,120.79,121.8
BCPC,2022-12-27,121.68,122.74,120.71,121.44
BCPC,2022-12-28,121.15,122.82,119.74,120.16
BCPC,2022-12-29,120.68,123.5,119.61,123.16
BCPC,2022-12-30,122.68,122.68,121.22,122.11
BCPC,2023-01-03,123.07,123.38,120.21,121.77
BCPC,2023-01-04,122.21,123.6,119.89,120.12
BCPC,2023-01-05,119.07,119.4,116.68,117.39
BCPC,2023-01-06,118.66,121.9,117.77,121.49
BCPC,2023-01-09,121.78,125.22,121.78,125.07
BCPC,2023-01-10,124.28,124.74,121.65,123.28
BCPC,2023-01-11,123.78,126.49,123.15,126.12
BCPC,2023-01-12,125.62,128.34,125.1,127.67
BCPC,2023-01-13,127.32,131.41,125.59,130.41
BCPC,2023-01-17,130.94,131.99,129.49,130.96
BCPC,2023-01-18,130.97,131.47,126.37,126.45
BCPC,2023-01-19,125.22,126.09,123.42,124.14
BCPC,2023-01-20,125.27,126.01,124.11,125.72
BCPC,2023-01-23,125.92,129.84,124.53,129.76
BCPC,2023-01-24,128.85,131.13,127.07,130.18
BCPC,2023-01-25,128.84,129.86,127.79,129.67
BCPC,2023-01-26,129.91,129.91,126.79,129.37
BCPC,2023-01-27,128.72,130.0,127.46,128.88
BCPC,2023-01-30,128.41,129.85,127.81,128.42
BCPC,2023-01-31,127.71,131.06,127.47,130.63
BCPC,2023-02-01,130.34,137.91,129.79,135.72
BCPC,2023-02-02,136.18,140.31,134.17,139.71
BCPC,2023-02-03,137.89,140.42,136.88,139.83
BCPC,2023-02-06,139.57,140.98,137.04,140.22
BCPC,2023-02-07,139.06,142.35,139.06,142.06
BCPC,2023-02-08,141.57,142.53,136.84,138.09
BCPC,2023-02-09,139.09,140.21,133.61,134.48
BCPC,2023-02-10,134.21,135.03,133.39,133.75
BCPC,2023-02-13,133.64,135.76,133.5,135.67
BCPC,2023-02-14,135.49,135.88,132.89,133.32
BCPC,2023-02-15,132.89,137.68,132.46,137.62
BCPC,2023-02-16,135.35,137.97,133.45,134.79
BCPC,2023-02-17,135.4,138.16,131.01,138.12
BCPC,2023-02-21,136.35,137.81,133.23,133.53
BCPC,2023-02-22,134.13,135.74,132.18,134.09
BCPC,2023-02-23,134.53,135.08,131.62,132.92
BCPC,2023-02-24,132.65,133.45,129.91,131.76
BCPC,2023-02-27,131.62,132.52,128.75,130.29
BCPC,2023-02-28,130.87,132.58,129.96,130.0
BCPC,2023-03-01,129.71,132.8,129.71,132.67
BCPC,2023-03-02,131.92,132.0,130.63,131.16
BCPC,2023-03-03,131.57,133.0,130.64,132.71
BCPC,2023-03-06,132.28,132.98,127.94,128.56
BCPC,2023-03-07,128.56,129.0,126.6,127.87
BCPC,2023-03-08,128.37,129.22,127.7,128.98
BCPC,2023-03-09,129.43,129.96,127.0,127.25
BCPC,2023-03-10,126.44,126.44,123.81,124.82
BCPC,2023-03-13,122.98,126.56,122.01,124.2
BCPC,2023-03-14,127.46,128.28,125.0,128.14
BCPC,2023-03-15,125.46,127.05,124.4,126.88
BCPC,2023-03-16,125.24,129.96,125.24,129.48
BCPC,2023-03-17,128.06,129.41,124.55,125.78
BCPC,2023-03-20,126.84,128.74,126.17,127.39
BCPC,2023-03-21,129.1,129.8,126.88,127.27
BCPC,2023-03-22,126.77,127.7,123.16,123.35
BCPC,2023-03-23,123.28,124.91,120.88,121.34
BCPC,2023-03-24,120.19,122.95,118.6,122.63
BCPC,2023-03-27,124.31,125.09,123.17,124.14
BCPC,2023-03-28,123.52,125.02,122.99,124.75
BCPC,2023-03-29,126.05,126.73,124.77,125.16
BCPC,2023-03-30,125.71,126.15,123.72,124.9
BCPC,2023-03-31,125.7,126.66,119.47,126.48
BCPC,2023-04-03,126.83,127.06,124.59,126.98
BCPC,2023-04-04,127.7,127.7,123.03,124.39
BCPC,2023-04-05,123.88,125.73,123.5,125.48
BCPC,2023-04-06,124.98,125.77,124.2,125.72
BCPC,2023-04-10,124.72,127.74,124.3,127.39
BCPC,2023-04-11,128.09,128.975,127.4,127.51
BCPC,2023-04-12,128.46,129.99,126.11,126.77
BCPC,2023-04-13,126.67,128.0,126.15,127.92
BCPC,2023-04-14,127.81,128.67,125.86,127.0
BCPC,2023-04-17,127.11,129.39,126.28,128.97
BCPC,2023-04-18,129.25,130.29,126.55,127.41
BCPC,2023-04-19,126.74,128.32,126.11,127.27
BCPC,2023-04-20,125.39,127.86,124.7,127.51
BCPC,2023-04-21,127.62,128.84,126.34,128.67
BCPC,2023-04-24,128.47,130.0,128.35,128.95
BCPC,2023-04-25,127.75,128.915,125.43,125.49
BCPC,2023-04-26,124.47,125.305,123.09,124.09
BCPC,2023-04-27,124.75,126.83,124.24,126.29
BCPC,2023-04-28,128.56,132.17,128.56,131.4
BCPC,2023-05-01,130.41,133.41,130.035,131.01
BCPC,2023-05-02,130.48,131.02,127.31,130.51
BCPC,2023-05-03,130.58,133.07,127.81,130.67
BCPC,2023-05-04,129.79,129.79,127.73,129.25
BCPC,2023-05-05,130.97,131.095,127.745,128.46
BCPC,2023-05-08,129.29,129.73,126.71,128.1
BCPC,2023-05-09,127.6,127.97,123.27,125.51
BCPC,2023-05-10,127.29,127.29,124.36,125.18
BCPC,2023-05-11,124.1,125.77,123.84,125.1
BCPC,2023-05-12,125.45,126.2,124.853,125.53
BCPC,2023-05-15,125.84,127.37,125.64,126.97
BCPC,2023-05-16,126.43,126.43,122.82,123.17
BCPC,2023-05-17,123.26,124.24,122.09,123.19
BCPC,2023-05-18,122.99,124.0,122.48,123.66
BCPC,2023-05-19,125.34,125.51,123.39,124.17
BCPC,2023-05-22,124.52,125.48,122.55,124.78
BCPC,2023-05-23,124.41,126.32,123.94,124.39
BCPC,2023-05-24,124.21,125.2,121.67,122.28
BCPC,2023-05-25,122.41,123.2,121.74,122.81
BCPC,2023-05-26,122.84,123.57,122.21,122.51
BCPC,2023-05-30,122.43,124.51,122.43,124.51
BCPC,2023-05-31,124.51,125.14,122.535,123.63
BCPC,2023-06-01,123.75,125.65,122.875,125.37
BCPC,2023-06-02,127.1,133.07,127.1,132.82
BCPC,2023-06-05,131.63,132.35,126.23,129.13
BCPC,2023-06-06,128.7,132.85,128.7,132.04
BCPC,2023-06-07,132.17,136.105,131.9,135.47
BCPC,2023-06-08,134.93,135.01,132.85,134.44
BCPC,2023-06-09,133.8,134.48,131.905,133.5
BCPC,2023-06-12,133.5,135.34,132.975,134.43
BCPC,2023-06-13,134.48,137.115,133.94,136.36
BCPC,2023-06-14,136.25,136.995,133.93,134.81
BCPC,2023-06-15,134.09,136.5,133.73,136.2
BCPC,2023-06-16,137.29,137.29,134.67,136.64
BCPC,2023-06-20,136.47,136.641,135.06,135.82
BCPC,2023-06-21,135.32,137.083,133.29,133.64
BCPC,2023-06-22,133.71,133.71,130.02,130.42
BCPC,2023-06-23,128.54,130.37,128.32,128.98
BCPC,2023-06-26,129.8,131.58,129.0,130.38
BCPC,2023-06-27,130.35,131.791,130.0,130.87
BCPC,2023-06-28,130.45,131.26,130.0,131.15
BCPC,2023-06-29,131.46,135.065,131.46,134.64
BCPC,2023-06-30,135.41,135.84,133.68,134.81
BCPC,2023-07-03,134.13,135.7,134.13,134.57
BCPC,2023-07-05,134.14,134.14,130.66,130.93
BCPC,2023-07-06,129.3,129.3,126.82,129.04
BCPC,2023-07-07,129.02,131.06,129.02,129.27
BCPC,2023-07-10,128.74,131.605,128.74,131.13
BCPC,2023-07-11,131.83,131.83,129.5,130.27
BCPC,2023-07-12,131.76,133.08,131.08,131.5
BCPC,2023-07-13,131.4,131.73,130.22,130.78
BCPC,2023-07-14,130.29,131.13,127.32,130.76
BCPC,2023-07-17,130.26,131.32,130.06,130.62
BCPC,2023-07-18,130.32,132.51,129.626,132.06
BCPC,2023-07-19,131.85,132.64,131.83,132.53
BCPC,2023-07-20,132.94,132.94,130.69,131.54
BCPC,2023-07-21,131.69,132.385,130.05,131.59
BCPC,2023-07-24,131.16,132.0,129.62,129.75
BCPC,2023-07-25,129.53,130.78,129.33,129.44
BCPC,2023-07-26,128.94,130.37,128.93,128.99
BCPC,2023-07-27,129.27,129.76,127.81,128.54
BCPC,2023-07-28,129.52,130.97,129.52,130.85
BCPC,2023-07-31,131.68,135.91,131.68,134.74
BCPC,2023-08-01,134.63,135.32,132.56,133.2
BCPC,2023-08-02,131.71,135.465,129.615,134.96
BCPC,2023-08-03,134.96,134.99,133.55,133.95
BCPC,2023-08-04,134.0,135.4,133.93,134.38
BCPC,2023-08-07,134.44,136.13,133.54,135.8
BCPC,2023-08-08,134.22,136.42,133.1,136.24
BCPC,2023-08-09,136.11,137.23,135.655,137.09
BCPC,2023-08-10,137.02,139.5,137.02,139.22
BCPC,2023-08-11,139.01,139.9,137.75,137.92
BCPC,2023-08-14,137.01,138.27,136.4,137.83
BCPC,2023-08-15,137.16,138.68,137.16,138.55
BCPC,2023-08-16,138.15,139.79,135.575,136.99
BCPC,2023-08-17,137.0,137.51,136.57,136.67
BCPC,2023-08-18,136.36,137.4,135.92,136.56
BCPC,2023-08-21,136.56,136.97,134.945,135.48
BCPC,2023-08-22,135.48,136.0,134.81,134.91
BCPC,2023-08-23,135.33,136.45,134.55,136.14
BCPC,2023-08-24,135.34,137.18,135.035,136.73
BCPC,2023-08-25,136.98,138.125,136.29,137.67
BCPC,2023-08-28,137.74,139.1,137.48,137.79
BCPC,2023-08-29,138.02,140.0,138.02,139.94
BCPC,2023-08-30,139.72,143.68,139.72,142.72
BCPC,2023-08-31,142.56,142.63,140.29,140.5
BCPC,2023-09-01,140.87,143.391,140.53,140.59
BCPC,2023-09-05,139.59,139.6,131.43,134.0
BCPC,2023-09-06,134.62,134.62,131.605,132.67
BCPC,2023-09-07,132.85,133.0,131.93,132.23
BCPC,2023-09-08,132.65,132.95,131.2,131.63
BCPC,2023-09-11,132.64,132.69,131.06,132.28
BCPC,2023-09-12,132.1,132.11,130.535,131.36
BCPC,2023-09-13,130.88,132.48,130.335,131.08
BCPC,2023-09-14,131.73,133.91,131.493,133.73
BCPC,2023-09-15,133.58,135.04,132.41,134.78
BCPC,2023-09-18,135.24,135.24,130.39,130.76
BCPC,2023-09-19,130.8,132.58,130.02,130.59
BCPC,2023-09-20,131.39,132.52,130.12,130.3
BCPC,2023-09-21,129.26,129.26,127.662,128.49
BCPC,2023-09-22,128.39,129.829,127.17,127.19
BCPC,2023-09-25,126.17,127.59,126.17,126.57
BCPC,2023-09-26,125.83,126.325,123.34,123.49
BCPC,2023-09-27,123.74,125.01,121.44,123.38
BCPC,2023-09-28,123.61,126.91,123.61,125.93
BCPC,2023-09-29,126.21,126.46,123.46,124.04
BCPC,2023-10-02,123.89,124.02,121.54,123.08
BCPC,2023-10-03,122.98,123.308,121.83,123.0
BCPC,2023-10-04,122.8,124.99,121.772,123.85
BCPC,2023-10-05,124.08,126.14,123.55,126.05
